[23:03:05] a contact form with name, email and message fields, docType form => OK 3p form -> scripts/overnight/runs/corpus-candidates/contact-form-1785691985.app.json
[23:03:15] a kanban board with three columns of task cards, docType board => OK 6p board -> scripts/overnight/runs/corpus-candidates/kanban-board-1785691995.app.json
[23:03:20] a settings page with labelled toggles and a save button, docType settings => OK 3p settings -> scripts/overnight/runs/corpus-candidates/settings-1785692000.app.json
[23:03:31] an operations dashboard with three KPI stat tiles, a line chart and a data table, docType dashboard => OK 5p dashboard -> scripts/overnight/runs/corpus-candidates/ops-dashboard-1785692011.app.json
[23:03:44] a product catalog with a searchable data table of products, docType catalog => OK 4p catalog -> scripts/overnight/runs/corpus-candidates/product-catalog-1785692024.app.json
[23:03:55] an invoice with a line-item data table and a totals row, docType invoice => OK 4p invoice -> scripts/overnight/runs/corpus-candidates/invoice-1785692035.app.json
[23:04:04] a user profile page with a heading, stats and an activity data table, docType profile => OK 5p profile -> scripts/overnight/runs/corpus-candidates/user-profile-1785692044.app.json
[23:04:11] a survey form with several questions and a submit button, docType form => OK 3p form -> scripts/overnight/runs/corpus-candidates/survey-form-1785692051.app.json
[23:04:17] a contact form with name, email and message fields, docType form => OK 3p form -> scripts/overnight/runs/corpus-candidates/contact-form-1785692057.app.json
[23:04:30] a kanban board with three columns of task cards, docType board => OK 4p board -> scripts/overnight/runs/corpus-candidates/kanban-board-1785692070.app.json
[23:04:35] a settings page with labelled toggles and a save button, docType settings => OK 3p settings -> scripts/overnight/runs/corpus-candidates/settings-1785692075.app.json
[23:04:47] an operations dashboard with three KPI stat tiles, a line chart and a data table, docType dashboard => OK 5p dashboard -> scripts/overnight/runs/corpus-candidates/ops-dashboard-1785692087.app.json
[23:04:56] a product catalog with a searchable data table of products, docType catalog => OK 3p catalog -> scripts/overnight/runs/corpus-candidates/product-catalog-1785692096.app.json
[23:05:11] an invoice with a line-item data table and a totals row, docType invoice => OK 4p invoice -> scripts/overnight/runs/corpus-candidates/invoice-1785692111.app.json
[23:05:21] a user profile page with a heading, stats and an activity data table, docType profile => OK 5p profile -> scripts/overnight/runs/corpus-candidates/user-profile-1785692121.app.json
[23:05:29] a survey form with several questions and a submit button, docType form => OK 3p form -> scripts/overnight/runs/corpus-candidates/survey-form-1785692129.app.json
[23:05:34] a contact form with name, email and message fields, docType form => OK 3p form -> scripts/overnight/runs/corpus-candidates/contact-form-1785692134.app.json
[23:05:45] a kanban board with three columns of task cards, docType board => OK 2p board -> scripts/overnight/runs/corpus-candidates/kanban-board-1785692145.app.json
[23:05:55] a settings page with labelled toggles and a save button, docType settings => OK 3p settings -> scripts/overnight/runs/corpus-candidates/settings-1785692155.app.json
[23:06:10] an operations dashboard with three KPI stat tiles, a line chart and a data table, docType dashboard => OK 5p dashboard -> scripts/overnight/runs/corpus-candidates/ops-dashboard-1785692170.app.json
[23:06:19] a product catalog with a searchable data table of products, docType catalog => OK 4p catalog -> scripts/overnight/runs/corpus-candidates/product-catalog-1785692179.app.json
[23:06:29] an invoice with a line-item data table and a totals row, docType invoice => OK 4p invoice -> scripts/overnight/runs/corpus-candidates/invoice-1785692189.app.json
[23:06:36] a user profile page with a heading, stats and an activity data table, docType profile => OK 5p profile -> scripts/overnight/runs/corpus-candidates/user-profile-1785692196.app.json
[23:06:45] a survey form with several questions and a submit button, docType form => OK 3p form -> scripts/overnight/runs/corpus-candidates/survey-form-1785692205.app.json
[23:06:50] a contact form with name, email and message fields, docType form => OK 3p form -> scripts/overnight/runs/corpus-candidates/contact-form-1785692210.app.json
[23:06:58] a kanban board with three columns of task cards, docType board => OK 2p board -> scripts/overnight/runs/corpus-candidates/kanban-board-1785692218.app.json
[23:07:04] a settings page with labelled toggles and a save button, docType settings => OK 3p settings -> scripts/overnight/runs/corpus-candidates/settings-1785692224.app.json
[23:07:15] an operations dashboard with three KPI stat tiles, a line chart and a data table, docType dashboard => OK 5p dashboard -> scripts/overnight/runs/corpus-candidates/ops-dashboard-1785692235.app.json
[23:07:24] a product catalog with a searchable data table of products, docType catalog => OK 4p catalog -> scripts/overnight/runs/corpus-candidates/product-catalog-1785692244.app.json
[23:07:34] an invoice with a line-item data table and a totals row, docType invoice => OK 4p invoice -> scripts/overnight/runs/corpus-candidates/invoice-1785692254.app.json
[23:07:42] a user profile page with a heading, stats and an activity data table, docType profile => OK 5p profile -> scripts/overnight/runs/corpus-candidates/user-profile-1785692262.app.json
[23:07:51] a survey form with several questions and a submit button, docType form => OK 3p form -> scripts/overnight/runs/corpus-candidates/survey-form-1785692271.app.json
[23:07:56] a contact form with name, email and message fields, docType form => OK 3p form -> scripts/overnight/runs/corpus-candidates/contact-form-1785692276.app.json
[23:08:05] a kanban board with three columns of task cards, docType board => OK 2p board -> scripts/overnight/runs/corpus-candidates/kanban-board-1785692285.app.json
[23:08:10] a settings page with labelled toggles and a save button, docType settings => OK 3p settings -> scripts/overnight/runs/corpus-candidates/settings-1785692290.app.json
[23:08:20] an operations dashboard with three KPI stat tiles, a line chart and a data table, docType dashboard => OK 4p dashboard -> scripts/overnight/runs/corpus-candidates/ops-dashboard-1785692300.app.json
[23:08:31] a product catalog with a searchable data table of products, docType catalog => OK 4p catalog -> scripts/overnight/runs/corpus-candidates/product-catalog-1785692311.app.json
[23:08:38] an invoice with a line-item data table and a totals row, docType invoice => OK 4p invoice -> scripts/overnight/runs/corpus-candidates/invoice-1785692318.app.json
[23:08:45] a user profile page with a heading, stats and an activity data table, docType profile => OK 5p profile -> scripts/overnight/runs/corpus-candidates/user-profile-1785692325.app.json
[23:08:52] a survey form with several questions and a submit button, docType form => OK 3p form -> scripts/overnight/runs/corpus-candidates/survey-form-1785692332.app.json
[23:08:58] a contact form with name, email and message fields, docType form => OK 3p form -> scripts/overnight/runs/corpus-candidates/contact-form-1785692338.app.json
[23:09:08] a kanban board with three columns of task cards, docType board => OK 2p board -> scripts/overnight/runs/corpus-candidates/kanban-board-1785692348.app.json
[23:09:13] a settings page with labelled toggles and a save button, docType settings => OK 3p settings -> scripts/overnight/runs/corpus-candidates/settings-1785692353.app.json
[23:09:25] an operations dashboard with three KPI stat tiles, a line chart and a data table, docType dashboard => OK 5p dashboard -> scripts/overnight/runs/corpus-candidates/ops-dashboard-1785692365.app.json
[23:09:38] a product catalog with a searchable data table of products, docType catalog => OK 4p catalog -> scripts/overnight/runs/corpus-candidates/product-catalog-1785692378.app.json
[23:09:46] an invoice with a line-item data table and a totals row, docType invoice => OK 4p invoice -> scripts/overnight/runs/corpus-candidates/invoice-1785692386.app.json
[23:09:48] a user profile page with a heading, stats and an activity data table, docType profile => SKIP JSON Parse error: Unexpected identifier "You"
[23:09:50] a survey form with several questions and a submit button, docType form => SKIP JSON Parse error: Unexpected identifier "You"
[23:09:52] a contact form with name, email and message fields, docType form => SKIP JSON Parse error: Unexpected identifier "You"
[23:09:55] a kanban board with three columns of task cards, docType board => SKIP JSON Parse error: Unexpected identifier "You"
[23:09:57] a settings page with labelled toggles and a save button, docType settings => SKIP JSON Parse error: Unexpected identifier "You"
[23:09:59] an operations dashboard with three KPI stat tiles, a line chart and a data table, docType dashboard => SKIP JSON Parse error: Unexpected identifier "You"
[23:10:01] a product catalog with a searchable data table of products, docType catalog => SKIP JSON Parse error: Unexpected identifier "You"
[23:10:03] an invoice with a line-item data table and a totals row, docType invoice => SKIP JSON Parse error: Unexpected identifier "You"
[23:10:05] a user profile page with a heading, stats and an activity data table, docType profile => SKIP JSON Parse error: Unexpected identifier "You"
[23:10:07] a survey form with several questions and a submit button, docType form => SKIP JSON Parse error: Unexpected identifier "You"
[23:10:09] a contact form with name, email and message fields, docType form => SKIP JSON Parse error: Unexpected identifier "You"
[23:10:11] a kanban board with three columns of task cards, docType board => SKIP JSON Parse error: Unexpected identifier "You"
[23:10:14] a settings page with labelled toggles and a save button, docType settings => SKIP JSON Parse error: Unexpected identifier "You"
[23:10:16] an operations dashboard with three KPI stat tiles, a line chart and a data table, docType dashboard => SKIP JSON Parse error: Unexpected identifier "You"
[23:10:19] a product catalog with a searchable data table of products, docType catalog => SKIP JSON Parse error: Unexpected identifier "You"
[23:10:21] an invoice with a line-item data table and a totals row, docType invoice => SKIP JSON Parse error: Unexpected identifier "You"
[23:10:24] a user profile page with a heading, stats and an activity data table, docType profile => SKIP JSON Parse error: Unexpected identifier "You"
[23:10:26] a survey form with several questions and a submit button, docType form => SKIP JSON Parse error: Unexpected identifier "You"
[23:10:28] a contact form with name, email and message fields, docType form => SKIP JSON Parse error: Unexpected identifier "You"
[23:10:30] a kanban board with three columns of task cards, docType board => SKIP JSON Parse error: Unexpected identifier "You"
[23:10:32] a settings page with labelled toggles and a save button, docType settings => SKIP JSON Parse error: Unexpected identifier "You"
[23:10:34] an operations dashboard with three KPI stat tiles, a line chart and a data table, docType dashboard => SKIP JSON Parse error: Unexpected identifier "You"
[23:10:36] a product catalog with a searchable data table of products, docType catalog => SKIP JSON Parse error: Unexpected identifier "You"
[23:10:39] an invoice with a line-item data table and a totals row, docType invoice => SKIP JSON Parse error: Unexpected identifier "You"
[23:10:41] a user profile page with a heading, stats and an activity data table, docType profile => SKIP JSON Parse error: Unexpected identifier "You"
[23:10:43] a survey form with several questions and a submit button, docType form => SKIP JSON Parse error: Unexpected identifier "You"
[23:10:45] a contact form with name, email and message fields, docType form => SKIP JSON Parse error: Unexpected identifier "You"
[23:10:47] a kanban board with three columns of task cards, docType board => SKIP JSON Parse error: Unexpected identifier "You"
[23:10:50] a settings page with labelled toggles and a save button, docType settings => SKIP JSON Parse error: Unexpected identifier "You"
[23:10:53] an operations dashboard with three KPI stat tiles, a line chart and a data table, docType dashboard => SKIP JSON Parse error: Unexpected identifier "You"
[23:10:55] a product catalog with a searchable data table of products, docType catalog => SKIP JSON Parse error: Unexpected identifier "You"
[23:10:57] an invoice with a line-item data table and a totals row, docType invoice => SKIP JSON Parse error: Unexpected identifier "You"
[23:10:59] a user profile page with a heading, stats and an activity data table, docType profile => SKIP JSON Parse error: Unexpected identifier "You"
[23:11:01] a survey form with several questions and a submit button, docType form => SKIP JSON Parse error: Unexpected identifier "You"
[23:11:04] a contact form with name, email and message fields, docType form => SKIP JSON Parse error: Unexpected identifier "You"
[23:11:06] a kanban board with three columns of task cards, docType board => SKIP JSON Parse error: Unexpected identifier "You"
[23:11:08] a settings page with labelled toggles and a save button, docType settings => SKIP JSON Parse error: Unexpected identifier "You"
[23:11:10] an operations dashboard with three KPI stat tiles, a line chart and a data table, docType dashboard => SKIP JSON Parse error: Unexpected identifier "You"
[23:11:12] a product catalog with a searchable data table of products, docType catalog => SKIP JSON Parse error: Unexpected identifier "You"
[23:11:14] an invoice with a line-item data table and a totals row, docType invoice => SKIP JSON Parse error: Unexpected identifier "You"
[23:11:16] a user profile page with a heading, stats and an activity data table, docType profile => SKIP JSON Parse error: Unexpected identifier "You"
[23:11:18] a survey form with several questions and a submit button, docType form => SKIP JSON Parse error: Unexpected identifier "You"
[23:11:20] a contact form with name, email and message fields, docType form => SKIP JSON Parse error: Unexpected identifier "You"
[23:11:23] a kanban board with three columns of task cards, docType board => SKIP JSON Parse error: Unexpected identifier "You"
[23:11:25] a settings page with labelled toggles and a save button, docType settings => SKIP JSON Parse error: Unexpected identifier "You"
[23:11:27] an operations dashboard with three KPI stat tiles, a line chart and a data table, docType dashboard => SKIP JSON Parse error: Unexpected identifier "You"
[23:11:30] a product catalog with a searchable data table of products, docType catalog => SKIP JSON Parse error: Unexpected identifier "You"
[23:11:32] an invoice with a line-item data table and a totals row, docType invoice => SKIP JSON Parse error: Unexpected identifier "You"
[23:11:34] a user profile page with a heading, stats and an activity data table, docType profile => SKIP JSON Parse error: Unexpected identifier "You"
[23:11:36] a survey form with several questions and a submit button, docType form => SKIP JSON Parse error: Unexpected identifier "You"
[23:11:39] a contact form with name, email and message fields, docType form => SKIP JSON Parse error: Unexpected identifier "You"
[23:11:41] a kanban board with three columns of task cards, docType board => SKIP JSON Parse error: Unexpected identifier "You"
[23:11:43] a settings page with labelled toggles and a save button, docType settings => SKIP JSON Parse error: Unexpected identifier "You"
[23:11:46] an operations dashboard with three KPI stat tiles, a line chart and a data table, docType dashboard => SKIP JSON Parse error: Unexpected identifier "You"
[23:11:48] a product catalog with a searchable data table of products, docType catalog => SKIP JSON Parse error: Unexpected identifier "You"
[23:11:50] an invoice with a line-item data table and a totals row, docType invoice => SKIP JSON Parse error: Unexpected identifier "You"
[23:11:52] a user profile page with a heading, stats and an activity data table, docType profile => SKIP JSON Parse error: Unexpected identifier "You"
[23:11:54] a survey form with several questions and a submit button, docType form => SKIP JSON Parse error: Unexpected identifier "You"
[23:11:57] a contact form with name, email and message fields, docType form => SKIP JSON Parse error: Unexpected identifier "You"
[23:11:59] a kanban board with three columns of task cards, docType board => SKIP JSON Parse error: Unexpected identifier "You"
[23:12:01] a settings page with labelled toggles and a save button, docType settings => SKIP JSON Parse error: Unexpected identifier "You"
[23:12:03] an operations dashboard with three KPI stat tiles, a line chart and a data table, docType dashboard => SKIP JSON Parse error: Unexpected identifier "You"
[23:12:05] a product catalog with a searchable data table of products, docType catalog => SKIP JSON Parse error: Unexpected identifier "You"
[23:12:08] an invoice with a line-item data table and a totals row, docType invoice => SKIP JSON Parse error: Unexpected identifier "You"
[23:12:10] a user profile page with a heading, stats and an activity data table, docType profile => SKIP JSON Parse error: Unexpected identifier "You"
[23:12:12] a survey form with several questions and a submit button, docType form => SKIP JSON Parse error: Unexpected identifier "You"
[23:12:14] a contact form with name, email and message fields, docType form => SKIP JSON Parse error: Unexpected identifier "You"
[23:12:16] a kanban board with three columns of task cards, docType board => SKIP JSON Parse error: Unexpected identifier "You"
[23:12:18] a settings page with labelled toggles and a save button, docType settings => SKIP JSON Parse error: Unexpected identifier "You"
[23:12:20] an operations dashboard with three KPI stat tiles, a line chart and a data table, docType dashboard => SKIP JSON Parse error: Unexpected identifier "You"
[23:12:22] a product catalog with a searchable data table of products, docType catalog => SKIP JSON Parse error: Unexpected identifier "You"
[23:12:25] an invoice with a line-item data table and a totals row, docType invoice => SKIP JSON Parse error: Unexpected identifier "You"
[23:12:27] a user profile page with a heading, stats and an activity data table, docType profile => SKIP JSON Parse error: Unexpected identifier "You"
[23:12:29] a survey form with several questions and a submit button, docType form => SKIP JSON Parse error: Unexpected identifier "You"
[23:12:31] a contact form with name, email and message fields, docType form => SKIP JSON Parse error: Unexpected identifier "You"
[23:12:33] a kanban board with three columns of task cards, docType board => SKIP JSON Parse error: Unexpected identifier "You"
[23:12:35] a settings page with labelled toggles and a save button, docType settings => SKIP JSON Parse error: Unexpected identifier "You"
[23:12:40] an operations dashboard with three KPI stat tiles, a line chart and a data table, docType dashboard => SKIP JSON Parse error: Unexpected identifier "You"
[23:12:42] a product catalog with a searchable data table of products, docType catalog => SKIP JSON Parse error: Unexpected identifier "You"
[23:12:44] an invoice with a line-item data table and a totals row, docType invoice => SKIP JSON Parse error: Unexpected identifier "You"
[23:12:46] a user profile page with a heading, stats and an activity data table, docType profile => SKIP JSON Parse error: Unexpected identifier "You"
[23:12:48] a survey form with several questions and a submit button, docType form => SKIP JSON Parse error: Unexpected identifier "You"
[23:12:50] a contact form with name, email and message fields, docType form => SKIP JSON Parse error: Unexpected identifier "You"
[23:12:52] a kanban board with three columns of task cards, docType board => SKIP JSON Parse error: Unexpected identifier "You"
[23:12:55] a settings page with labelled toggles and a save button, docType settings => SKIP JSON Parse error: Unexpected identifier "You"
[23:12:57] an operations dashboard with three KPI stat tiles, a line chart and a data table, docType dashboard => SKIP JSON Parse error: Unexpected identifier "You"
[23:12:59] a product catalog with a searchable data table of products, docType catalog => SKIP JSON Parse error: Unexpected identifier "You"
[23:13:01] an invoice with a line-item data table and a totals row, docType invoice => SKIP JSON Parse error: Unexpected identifier "You"
[23:13:03] a user profile page with a heading, stats and an activity data table, docType profile => SKIP JSON Parse error: Unexpected identifier "You"
[23:13:05] a survey form with several questions and a submit button, docType form => SKIP JSON Parse error: Unexpected identifier "You"
[23:13:08] a contact form with name, email and message fields, docType form => SKIP JSON Parse error: Unexpected identifier "You"
[23:13:11] a kanban board with three columns of task cards, docType board => SKIP JSON Parse error: Unexpected identifier "You"
[23:13:13] a settings page with labelled toggles and a save button, docType settings => SKIP JSON Parse error: Unexpected identifier "You"
[23:13:15] an operations dashboard with three KPI stat tiles, a line chart and a data table, docType dashboard => SKIP JSON Parse error: Unexpected identifier "You"
[23:13:17] a product catalog with a searchable data table of products, docType catalog => SKIP JSON Parse error: Unexpected identifier "You"
[23:13:19] an invoice with a line-item data table and a totals row, docType invoice => SKIP JSON Parse error: Unexpected identifier "You"
[23:13:21] a user profile page with a heading, stats and an activity data table, docType profile => SKIP JSON Parse error: Unexpected identifier "You"
[23:13:23] a survey form with several questions and a submit button, docType form => SKIP JSON Parse error: Unexpected identifier "You"
[23:13:26] a contact form with name, email and message fields, docType form => SKIP JSON Parse error: Unexpected identifier "You"
[23:13:28] a kanban board with three columns of task cards, docType board => SKIP JSON Parse error: Unexpected identifier "You"
[23:13:30] a settings page with labelled toggles and a save button, docType settings => SKIP JSON Parse error: Unexpected identifier "You"
[23:13:33] an operations dashboard with three KPI stat tiles, a line chart and a data table, docType dashboard => SKIP JSON Parse error: Unexpected identifier "You"
[23:13:34] a product catalog with a searchable data table of products, docType catalog => SKIP JSON Parse error: Unexpected identifier "You"
[23:13:37] an invoice with a line-item data table and a totals row, docType invoice => SKIP JSON Parse error: Unexpected identifier "You"
[23:13:39] a user profile page with a heading, stats and an activity data table, docType profile => SKIP JSON Parse error: Unexpected identifier "You"
[23:13:41] a survey form with several questions and a submit button, docType form => SKIP JSON Parse error: Unexpected identifier "You"
[23:13:43] a contact form with name, email and message fields, docType form => SKIP JSON Parse error: Unexpected identifier "You"
[23:13:45] a kanban board with three columns of task cards, docType board => SKIP JSON Parse error: Unexpected identifier "You"
[23:13:47] a settings page with labelled toggles and a save button, docType settings => SKIP JSON Parse error: Unexpected identifier "You"
[23:13:49] an operations dashboard with three KPI stat tiles, a line chart and a data table, docType dashboard => SKIP JSON Parse error: Unexpected identifier "You"
[23:13:52] a product catalog with a searchable data table of products, docType catalog => SKIP JSON Parse error: Unexpected identifier "You"
[23:13:54] an invoice with a line-item data table and a totals row, docType invoice => SKIP JSON Parse error: Unexpected identifier "You"
[23:13:56] a user profile page with a heading, stats and an activity data table, docType profile => SKIP JSON Parse error: Unexpected identifier "You"
[23:13:58] a survey form with several questions and a submit button, docType form => SKIP JSON Parse error: Unexpected identifier "You"
[23:14:00] a contact form with name, email and message fields, docType form => SKIP JSON Parse error: Unexpected identifier "You"
[23:14:02] a kanban board with three columns of task cards, docType board => SKIP JSON Parse error: Unexpected identifier "You"
[23:14:04] a settings page with labelled toggles and a save button, docType settings => SKIP JSON Parse error: Unexpected identifier "You"
[23:14:06] an operations dashboard with three KPI stat tiles, a line chart and a data table, docType dashboard => SKIP JSON Parse error: Unexpected identifier "You"
[23:14:08] a product catalog with a searchable data table of products, docType catalog => SKIP JSON Parse error: Unexpected identifier "You"
[23:14:11] an invoice with a line-item data table and a totals row, docType invoice => SKIP JSON Parse error: Unexpected identifier "You"
[23:14:12] a user profile page with a heading, stats and an activity data table, docType profile => SKIP JSON Parse error: Unexpected identifier "You"
[23:14:15] a survey form with several questions and a submit button, docType form => SKIP JSON Parse error: Unexpected identifier "You"
[23:14:17] a contact form with name, email and message fields, docType form => SKIP JSON Parse error: Unexpected identifier "You"
[23:14:19] a kanban board with three columns of task cards, docType board => SKIP JSON Parse error: Unexpected identifier "You"
[23:14:21] a settings page with labelled toggles and a save button, docType settings => SKIP JSON Parse error: Unexpected identifier "You"
[23:14:23] an operations dashboard with three KPI stat tiles, a line chart and a data table, docType dashboard => SKIP JSON Parse error: Unexpected identifier "You"
[23:14:26] a product catalog with a searchable data table of products, docType catalog => SKIP JSON Parse error: Unexpected identifier "You"
[23:14:28] an invoice with a line-item data table and a totals row, docType invoice => SKIP JSON Parse error: Unexpected identifier "You"
[23:14:30] a user profile page with a heading, stats and an activity data table, docType profile => SKIP JSON Parse error: Unexpected identifier "You"
[23:14:32] a survey form with several questions and a submit button, docType form => SKIP JSON Parse error: Unexpected identifier "You"
[23:14:34] a contact form with name, email and message fields, docType form => SKIP JSON Parse error: Unexpected identifier "You"
[23:14:36] a kanban board with three columns of task cards, docType board => SKIP JSON Parse error: Unexpected identifier "You"
[23:14:38] a settings page with labelled toggles and a save button, docType settings => SKIP JSON Parse error: Unexpected identifier "You"
[23:14:41] an operations dashboard with three KPI stat tiles, a line chart and a data table, docType dashboard => SKIP JSON Parse error: Unexpected identifier "You"
[23:14:43] a product catalog with a searchable data table of products, docType catalog => SKIP JSON Parse error: Unexpected identifier "You"
[23:14:46] an invoice with a line-item data table and a totals row, docType invoice => SKIP JSON Parse error: Unexpected identifier "You"
[23:14:48] a user profile page with a heading, stats and an activity data table, docType profile => SKIP JSON Parse error: Unexpected identifier "You"
[23:14:50] a survey form with several questions and a submit button, docType form => SKIP JSON Parse error: Unexpected identifier "You"
[23:14:52] a contact form with name, email and message fields, docType form => SKIP JSON Parse error: Unexpected identifier "You"
[23:14:54] a kanban board with three columns of task cards, docType board => SKIP JSON Parse error: Unexpected identifier "You"
[23:14:56] a settings page with labelled toggles and a save button, docType settings => SKIP JSON Parse error: Unexpected identifier "You"
[23:14:58] an operations dashboard with three KPI stat tiles, a line chart and a data table, docType dashboard => SKIP JSON Parse error: Unexpected identifier "You"
[23:15:00] a product catalog with a searchable data table of products, docType catalog => SKIP JSON Parse error: Unexpected identifier "You"
[23:15:02] an invoice with a line-item data table and a totals row, docType invoice => SKIP JSON Parse error: Unexpected identifier "You"
[23:15:04] a user profile page with a heading, stats and an activity data table, docType profile => SKIP JSON Parse error: Unexpected identifier "You"
[23:15:07] a survey form with several questions and a submit button, docType form => SKIP JSON Parse error: Unexpected identifier "You"
[23:15:11] a contact form with name, email and message fields, docType form => SKIP JSON Parse error: Unexpected identifier "You"
[23:15:13] a kanban board with three columns of task cards, docType board => SKIP JSON Parse error: Unexpected identifier "You"
[23:15:15] a settings page with labelled toggles and a save button, docType settings => SKIP JSON Parse error: Unexpected identifier "You"
[23:15:17] an operations dashboard with three KPI stat tiles, a line chart and a data table, docType dashboard => SKIP JSON Parse error: Unexpected identifier "You"
[23:15:20] a product catalog with a searchable data table of products, docType catalog => SKIP JSON Parse error: Unexpected identifier "You"
[23:15:22] an invoice with a line-item data table and a totals row, docType invoice => SKIP JSON Parse error: Unexpected identifier "You"
[23:15:24] a user profile page with a heading, stats and an activity data table, docType profile => SKIP JSON Parse error: Unexpected identifier "You"
[23:15:26] a survey form with several questions and a submit button, docType form => SKIP JSON Parse error: Unexpected identifier "You"
[23:15:28] a contact form with name, email and message fields, docType form => SKIP JSON Parse error: Unexpected identifier "You"
[23:15:30] a kanban board with three columns of task cards, docType board => SKIP JSON Parse error: Unexpected identifier "You"
[23:15:33] a settings page with labelled toggles and a save button, docType settings => SKIP JSON Parse error: Unexpected identifier "You"
[23:15:35] an operations dashboard with three KPI stat tiles, a line chart and a data table, docType dashboard => SKIP JSON Parse error: Unexpected identifier "You"
[23:15:37] a product catalog with a searchable data table of products, docType catalog => SKIP JSON Parse error: Unexpected identifier "You"
[23:15:40] an invoice with a line-item data table and a totals row, docType invoice => SKIP JSON Parse error: Unexpected identifier "You"
[23:15:42] a user profile page with a heading, stats and an activity data table, docType profile => SKIP JSON Parse error: Unexpected identifier "You"
[23:15:43] a survey form with several questions and a submit button, docType form => SKIP JSON Parse error: Unexpected identifier "You"
[23:15:45] a contact form with name, email and message fields, docType form => SKIP JSON Parse error: Unexpected identifier "You"
[23:15:47] a kanban board with three columns of task cards, docType board => SKIP JSON Parse error: Unexpected identifier "You"
[23:15:49] a settings page with labelled toggles and a save button, docType settings => SKIP JSON Parse error: Unexpected identifier "You"
[23:15:51] an operations dashboard with three KPI stat tiles, a line chart and a data table, docType dashboard => SKIP JSON Parse error: Unexpected identifier "You"
[23:15:54] a product catalog with a searchable data table of products, docType catalog => SKIP JSON Parse error: Unexpected identifier "You"
[23:15:56] an invoice with a line-item data table and a totals row, docType invoice => SKIP JSON Parse error: Unexpected identifier "You"
[23:15:58] a user profile page with a heading, stats and an activity data table, docType profile => SKIP JSON Parse error: Unexpected identifier "You"
[23:16:01] a survey form with several questions and a submit button, docType form => SKIP JSON Parse error: Unexpected identifier "You"
[23:16:03] a contact form with name, email and message fields, docType form => SKIP JSON Parse error: Unexpected identifier "You"
[23:16:06] a kanban board with three columns of task cards, docType board => SKIP JSON Parse error: Unexpected identifier "You"
[23:16:08] a settings page with labelled toggles and a save button, docType settings => SKIP JSON Parse error: Unexpected identifier "You"
[23:16:10] an operations dashboard with three KPI stat tiles, a line chart and a data table, docType dashboard => SKIP JSON Parse error: Unexpected identifier "You"
[23:16:12] a product catalog with a searchable data table of products, docType catalog => SKIP JSON Parse error: Unexpected identifier "You"
[23:16:14] an invoice with a line-item data table and a totals row, docType invoice => SKIP JSON Parse error: Unexpected identifier "You"
[23:16:16] a user profile page with a heading, stats and an activity data table, docType profile => SKIP JSON Parse error: Unexpected identifier "You"
[23:16:18] a survey form with several questions and a submit button, docType form => SKIP JSON Parse error: Unexpected identifier "You"
[23:16:20] a contact form with name, email and message fields, docType form => SKIP JSON Parse error: Unexpected identifier "You"
[23:16:22] a kanban board with three columns of task cards, docType board => SKIP JSON Parse error: Unexpected identifier "You"
[23:16:24] a settings page with labelled toggles and a save button, docType settings => SKIP JSON Parse error: Unexpected identifier "You"
[23:16:26] an operations dashboard with three KPI stat tiles, a line chart and a data table, docType dashboard => SKIP JSON Parse error: Unexpected identifier "You"
[23:16:28] a product catalog with a searchable data table of products, docType catalog => SKIP JSON Parse error: Unexpected identifier "You"
[23:16:35] an invoice with a line-item data table and a totals row, docType invoice => SKIP JSON Parse error: Unexpected identifier "You"
[23:16:37] a user profile page with a heading, stats and an activity data table, docType profile => SKIP JSON Parse error: Unexpected identifier "You"
[23:16:39] a survey form with several questions and a submit button, docType form => SKIP JSON Parse error: Unexpected identifier "You"
[23:16:42] a contact form with name, email and message fields, docType form => SKIP JSON Parse error: Unexpected identifier "You"
[23:16:44] a kanban board with three columns of task cards, docType board => SKIP JSON Parse error: Unexpected identifier "You"
[23:16:46] a settings page with labelled toggles and a save button, docType settings => SKIP JSON Parse error: Unexpected identifier "You"
[23:16:48] an operations dashboard with three KPI stat tiles, a line chart and a data table, docType dashboard => SKIP JSON Parse error: Unexpected identifier "You"
[23:16:51] a product catalog with a searchable data table of products, docType catalog => SKIP JSON Parse error: Unexpected identifier "You"
[23:16:53] an invoice with a line-item data table and a totals row, docType invoice => SKIP JSON Parse error: Unexpected identifier "You"
[23:16:55] a user profile page with a heading, stats and an activity data table, docType profile => SKIP JSON Parse error: Unexpected identifier "You"
[23:16:58] a survey form with several questions and a submit button, docType form => SKIP JSON Parse error: Unexpected identifier "You"
[23:17:00] a contact form with name, email and message fields, docType form => SKIP JSON Parse error: Unexpected identifier "You"
[23:17:02] a kanban board with three columns of task cards, docType board => SKIP JSON Parse error: Unexpected identifier "You"
[23:17:04] a settings page with labelled toggles and a save button, docType settings => SKIP JSON Parse error: Unexpected identifier "You"
[23:17:07] an operations dashboard with three KPI stat tiles, a line chart and a data table, docType dashboard => SKIP JSON Parse error: Unexpected identifier "You"
[23:17:10] a product catalog with a searchable data table of products, docType catalog => SKIP JSON Parse error: Unexpected identifier "You"
[23:17:12] an invoice with a line-item data table and a totals row, docType invoice => SKIP JSON Parse error: Unexpected identifier "You"
[23:17:14] a user profile page with a heading, stats and an activity data table, docType profile => SKIP JSON Parse error: Unexpected identifier "You"
[23:17:16] a survey form with several questions and a submit button, docType form => SKIP JSON Parse error: Unexpected identifier "You"
[23:17:18] a contact form with name, email and message fields, docType form => SKIP JSON Parse error: Unexpected identifier "You"
[23:17:21] a kanban board with three columns of task cards, docType board => SKIP JSON Parse error: Unexpected identifier "You"
[23:17:23] a settings page with labelled toggles and a save button, docType settings => SKIP JSON Parse error: Unexpected identifier "You"
[23:17:25] an operations dashboard with three KPI stat tiles, a line chart and a data table, docType dashboard => SKIP JSON Parse error: Unexpected identifier "You"
[23:17:29] a product catalog with a searchable data table of products, docType catalog => SKIP JSON Parse error: Unexpected identifier "You"
[23:17:32] an invoice with a line-item data table and a totals row, docType invoice => SKIP JSON Parse error: Unexpected identifier "You"
[23:17:34] a user profile page with a heading, stats and an activity data table, docType profile => SKIP JSON Parse error: Unexpected identifier "You"
[23:17:36] a survey form with several questions and a submit button, docType form => SKIP JSON Parse error: Unexpected identifier "You"
[23:17:38] a contact form with name, email and message fields, docType form => SKIP JSON Parse error: Unexpected identifier "You"
[23:17:40] a kanban board with three columns of task cards, docType board => SKIP JSON Parse error: Unexpected identifier "You"
[23:17:42] a settings page with labelled toggles and a save button, docType settings => SKIP JSON Parse error: Unexpected identifier "You"
[23:17:44] an operations dashboard with three KPI stat tiles, a line chart and a data table, docType dashboard => SKIP JSON Parse error: Unexpected identifier "You"
[23:17:46] a product catalog with a searchable data table of products, docType catalog => SKIP JSON Parse error: Unexpected identifier "You"
[23:17:48] an invoice with a line-item data table and a totals row, docType invoice => SKIP JSON Parse error: Unexpected identifier "You"
[23:17:51] a user profile page with a heading, stats and an activity data table, docType profile => SKIP JSON Parse error: Unexpected identifier "You"
[23:17:53] a survey form with several questions and a submit button, docType form => SKIP JSON Parse error: Unexpected identifier "You"
[23:17:55] a contact form with name, email and message fields, docType form => SKIP JSON Parse error: Unexpected identifier "You"
[23:17:57] a kanban board with three columns of task cards, docType board => SKIP JSON Parse error: Unexpected identifier "You"
[23:17:59] a settings page with labelled toggles and a save button, docType settings => SKIP JSON Parse error: Unexpected identifier "You"
[23:18:02] an operations dashboard with three KPI stat tiles, a line chart and a data table, docType dashboard => SKIP JSON Parse error: Unexpected identifier "You"
[23:18:04] a product catalog with a searchable data table of products, docType catalog => SKIP JSON Parse error: Unexpected identifier "You"
[23:18:07] an invoice with a line-item data table and a totals row, docType invoice => SKIP JSON Parse error: Unexpected identifier "You"
[23:18:09] a user profile page with a heading, stats and an activity data table, docType profile => SKIP JSON Parse error: Unexpected identifier "You"
[23:18:11] a survey form with several questions and a submit button, docType form => SKIP JSON Parse error: Unexpected identifier "You"
[23:18:13] a contact form with name, email and message fields, docType form => SKIP JSON Parse error: Unexpected identifier "You"
[23:18:16] a kanban board with three columns of task cards, docType board => SKIP JSON Parse error: Unexpected identifier "You"
[23:18:18] a settings page with labelled toggles and a save button, docType settings => SKIP JSON Parse error: Unexpected identifier "You"
[23:18:20] an operations dashboard with three KPI stat tiles, a line chart and a data table, docType dashboard => SKIP JSON Parse error: Unexpected identifier "You"
[23:18:22] a product catalog with a searchable data table of products, docType catalog => SKIP JSON Parse error: Unexpected identifier "You"
[23:18:24] an invoice with a line-item data table and a totals row, docType invoice => SKIP JSON Parse error: Unexpected identifier "You"
[23:18:26] a user profile page with a heading, stats and an activity data table, docType profile => SKIP JSON Parse error: Unexpected identifier "You"
[23:18:28] a survey form with several questions and a submit button, docType form => SKIP JSON Parse error: Unexpected identifier "You"
[23:18:30] a contact form with name, email and message fields, docType form => SKIP JSON Parse error: Unexpected identifier "You"
[23:18:33] a kanban board with three columns of task cards, docType board => SKIP JSON Parse error: Unexpected identifier "You"
[23:18:35] a settings page with labelled toggles and a save button, docType settings => SKIP JSON Parse error: Unexpected identifier "You"
[23:18:36] an operations dashboard with three KPI stat tiles, a line chart and a data table, docType dashboard => SKIP JSON Parse error: Unexpected identifier "You"
[23:18:38] a product catalog with a searchable data table of products, docType catalog => SKIP JSON Parse error: Unexpected identifier "You"
[23:18:41] an invoice with a line-item data table and a totals row, docType invoice => SKIP JSON Parse error: Unexpected identifier "You"
[23:18:44] a user profile page with a heading, stats and an activity data table, docType profile => SKIP JSON Parse error: Unexpected identifier "You"
[23:18:46] a survey form with several questions and a submit button, docType form => SKIP JSON Parse error: Unexpected identifier "You"
[23:18:49] a contact form with name, email and message fields, docType form => SKIP JSON Parse error: Unexpected identifier "You"
[23:18:51] a kanban board with three columns of task cards, docType board => SKIP JSON Parse error: Unexpected identifier "You"
[23:18:54] a settings page with labelled toggles and a save button, docType settings => SKIP JSON Parse error: Unexpected identifier "You"
[23:18:56] an operations dashboard with three KPI stat tiles, a line chart and a data table, docType dashboard => SKIP JSON Parse error: Unexpected identifier "You"
[23:18:58] a product catalog with a searchable data table of products, docType catalog => SKIP JSON Parse error: Unexpected identifier "You"
[23:19:00] an invoice with a line-item data table and a totals row, docType invoice => SKIP JSON Parse error: Unexpected identifier "You"
[23:19:02] a user profile page with a heading, stats and an activity data table, docType profile => SKIP JSON Parse error: Unexpected identifier "You"
[23:19:04] a survey form with several questions and a submit button, docType form => SKIP JSON Parse error: Unexpected identifier "You"
[23:19:06] a contact form with name, email and message fields, docType form => SKIP JSON Parse error: Unexpected identifier "You"
[23:19:08] a kanban board with three columns of task cards, docType board => SKIP JSON Parse error: Unexpected identifier "You"
[23:19:10] a settings page with labelled toggles and a save button, docType settings => SKIP JSON Parse error: Unexpected identifier "You"
[23:19:12] an operations dashboard with three KPI stat tiles, a line chart and a data table, docType dashboard => SKIP JSON Parse error: Unexpected identifier "You"
[23:19:14] a product catalog with a searchable data table of products, docType catalog => SKIP JSON Parse error: Unexpected identifier "You"
[23:19:16] an invoice with a line-item data table and a totals row, docType invoice => SKIP JSON Parse error: Unexpected identifier "You"
[23:19:18] a user profile page with a heading, stats and an activity data table, docType profile => SKIP JSON Parse error: Unexpected identifier "You"
[23:19:21] a survey form with several questions and a submit button, docType form => SKIP JSON Parse error: Unexpected identifier "You"
[23:19:23] a contact form with name, email and message fields, docType form => SKIP JSON Parse error: Unexpected identifier "You"
[23:19:26] a kanban board with three columns of task cards, docType board => SKIP JSON Parse error: Unexpected identifier "You"
[23:19:28] a settings page with labelled toggles and a save button, docType settings => SKIP JSON Parse error: Unexpected identifier "You"
[23:19:30] an operations dashboard with three KPI stat tiles, a line chart and a data table, docType dashboard => SKIP JSON Parse error: Unexpected identifier "You"
[23:19:32] a product catalog with a searchable data table of products, docType catalog => SKIP JSON Parse error: Unexpected identifier "You"
[23:19:34] an invoice with a line-item data table and a totals row, docType invoice => SKIP JSON Parse error: Unexpected identifier "You"
[23:19:37] a user profile page with a heading, stats and an activity data table, docType profile => SKIP JSON Parse error: Unexpected identifier "You"
[23:19:38] a survey form with several questions and a submit button, docType form => SKIP JSON Parse error: Unexpected identifier "You"
[23:19:41] a contact form with name, email and message fields, docType form => SKIP JSON Parse error: Unexpected identifier "You"
[23:19:43] a kanban board with three columns of task cards, docType board => SKIP JSON Parse error: Unexpected identifier "You"
[23:19:45] a settings page with labelled toggles and a save button, docType settings => SKIP JSON Parse error: Unexpected identifier "You"
[23:19:47] an operations dashboard with three KPI stat tiles, a line chart and a data table, docType dashboard => SKIP JSON Parse error: Unexpected identifier "You"
[23:19:49] a product catalog with a searchable data table of products, docType catalog => SKIP JSON Parse error: Unexpected identifier "You"
[23:19:51] an invoice with a line-item data table and a totals row, docType invoice => SKIP JSON Parse error: Unexpected identifier "You"
[23:19:53] a user profile page with a heading, stats and an activity data table, docType profile => SKIP JSON Parse error: Unexpected identifier "You"
[23:19:55] a survey form with several questions and a submit button, docType form => SKIP JSON Parse error: Unexpected identifier "You"
[23:19:57] a contact form with name, email and message fields, docType form => SKIP JSON Parse error: Unexpected identifier "You"
[23:19:59] a kanban board with three columns of task cards, docType board => SKIP JSON Parse error: Unexpected identifier "You"
[23:20:01] a settings page with labelled toggles and a save button, docType settings => SKIP JSON Parse error: Unexpected identifier "You"
[23:20:04] an operations dashboard with three KPI stat tiles, a line chart and a data table, docType dashboard => SKIP JSON Parse error: Unexpected identifier "You"
[23:20:06] a product catalog with a searchable data table of products, docType catalog => SKIP JSON Parse error: Unexpected identifier "You"
[23:20:07] an invoice with a line-item data table and a totals row, docType invoice => SKIP JSON Parse error: Unexpected identifier "You"
[23:20:09] a user profile page with a heading, stats and an activity data table, docType profile => SKIP JSON Parse error: Unexpected identifier "You"
[23:20:12] a survey form with several questions and a submit button, docType form => SKIP JSON Parse error: Unexpected identifier "You"
[23:20:14] a contact form with name, email and message fields, docType form => SKIP JSON Parse error: Unexpected identifier "You"
[23:20:16] a kanban board with three columns of task cards, docType board => SKIP JSON Parse error: Unexpected identifier "You"
[23:20:18] a settings page with labelled toggles and a save button, docType settings => SKIP JSON Parse error: Unexpected identifier "You"
[23:20:20] an operations dashboard with three KPI stat tiles, a line chart and a data table, docType dashboard => SKIP JSON Parse error: Unexpected identifier "You"
[23:20:22] a product catalog with a searchable data table of products, docType catalog => SKIP JSON Parse error: Unexpected identifier "You"
[23:20:25] an invoice with a line-item data table and a totals row, docType invoice => SKIP JSON Parse error: Unexpected identifier "You"
[23:20:28] a user profile page with a heading, stats and an activity data table, docType profile => SKIP JSON Parse error: Unexpected identifier "You"
[23:20:29] a survey form with several questions and a submit button, docType form => SKIP JSON Parse error: Unexpected identifier "You"
[23:20:32] a contact form with name, email and message fields, docType form => SKIP JSON Parse error: Unexpected identifier "You"
[23:20:33] a kanban board with three columns of task cards, docType board => SKIP JSON Parse error: Unexpected identifier "You"
[23:20:36] a settings page with labelled toggles and a save button, docType settings => SKIP JSON Parse error: Unexpected identifier "You"
[23:20:38] an operations dashboard with three KPI stat tiles, a line chart and a data table, docType dashboard => SKIP JSON Parse error: Unexpected identifier "You"
[23:20:40] a product catalog with a searchable data table of products, docType catalog => SKIP JSON Parse error: Unexpected identifier "You"
[23:20:43] an invoice with a line-item data table and a totals row, docType invoice => SKIP JSON Parse error: Unexpected identifier "You"
[23:20:46] a user profile page with a heading, stats and an activity data table, docType profile => SKIP JSON Parse error: Unexpected identifier "You"
[23:20:48] a survey form with several questions and a submit button, docType form => SKIP JSON Parse error: Unexpected identifier "You"
[23:20:50] a contact form with name, email and message fields, docType form => SKIP JSON Parse error: Unexpected identifier "You"
[23:20:52] a kanban board with three columns of task cards, docType board => SKIP JSON Parse error: Unexpected identifier "You"
[23:20:54] a settings page with labelled toggles and a save button, docType settings => SKIP JSON Parse error: Unexpected identifier "You"
[23:20:56] an operations dashboard with three KPI stat tiles, a line chart and a data table, docType dashboard => SKIP JSON Parse error: Unexpected identifier "You"
[23:20:59] a product catalog with a searchable data table of products, docType catalog => SKIP JSON Parse error: Unexpected identifier "You"
[23:21:01] an invoice with a line-item data table and a totals row, docType invoice => SKIP JSON Parse error: Unexpected identifier "You"
[23:21:03] a user profile page with a heading, stats and an activity data table, docType profile => SKIP JSON Parse error: Unexpected identifier "You"
[23:21:05] a survey form with several questions and a submit button, docType form => SKIP JSON Parse error: Unexpected identifier "You"
[23:21:07] a contact form with name, email and message fields, docType form => SKIP JSON Parse error: Unexpected identifier "You"
[23:21:09] a kanban board with three columns of task cards, docType board => SKIP JSON Parse error: Unexpected identifier "You"
[23:21:11] a settings page with labelled toggles and a save button, docType settings => SKIP JSON Parse error: Unexpected identifier "You"
[23:21:13] an operations dashboard with three KPI stat tiles, a line chart and a data table, docType dashboard => SKIP JSON Parse error: Unexpected identifier "You"
[23:21:16] a product catalog with a searchable data table of products, docType catalog => SKIP JSON Parse error: Unexpected identifier "You"
[23:21:18] an invoice with a line-item data table and a totals row, docType invoice => SKIP JSON Parse error: Unexpected identifier "You"
[23:21:20] a user profile page with a heading, stats and an activity data table, docType profile => SKIP JSON Parse error: Unexpected identifier "You"
[23:21:22] a survey form with several questions and a submit button, docType form => SKIP JSON Parse error: Unexpected identifier "You"
[23:21:24] a contact form with name, email and message fields, docType form => SKIP JSON Parse error: Unexpected identifier "You"
[23:21:27] a kanban board with three columns of task cards, docType board => SKIP JSON Parse error: Unexpected identifier "You"
[23:21:29] a settings page with labelled toggles and a save button, docType settings => SKIP JSON Parse error: Unexpected identifier "You"
[23:21:31] an operations dashboard with three KPI stat tiles, a line chart and a data table, docType dashboard => SKIP JSON Parse error: Unexpected identifier "You"
[23:21:33] a product catalog with a searchable data table of products, docType catalog => SKIP JSON Parse error: Unexpected identifier "You"
[23:21:36] an invoice with a line-item data table and a totals row, docType invoice => SKIP JSON Parse error: Unexpected identifier "You"
[23:21:38] a user profile page with a heading, stats and an activity data table, docType profile => SKIP JSON Parse error: Unexpected identifier "You"
[23:21:40] a survey form with several questions and a submit button, docType form => SKIP JSON Parse error: Unexpected identifier "You"
[23:21:43] a contact form with name, email and message fields, docType form => SKIP JSON Parse error: Unexpected identifier "You"
[23:21:45] a kanban board with three columns of task cards, docType board => SKIP JSON Parse error: Unexpected identifier "You"
[23:21:48] a settings page with labelled toggles and a save button, docType settings => SKIP JSON Parse error: Unexpected identifier "You"
[23:21:50] an operations dashboard with three KPI stat tiles, a line chart and a data table, docType dashboard => SKIP JSON Parse error: Unexpected identifier "You"
[23:21:53] a product catalog with a searchable data table of products, docType catalog => SKIP JSON Parse error: Unexpected identifier "You"
[23:21:56] an invoice with a line-item data table and a totals row, docType invoice => SKIP JSON Parse error: Unexpected identifier "You"
[23:21:58] a user profile page with a heading, stats and an activity data table, docType profile => SKIP JSON Parse error: Unexpected identifier "You"
[23:22:01] a survey form with several questions and a submit button, docType form => SKIP JSON Parse error: Unexpected identifier "You"
[23:22:03] a contact form with name, email and message fields, docType form => SKIP JSON Parse error: Unexpected identifier "You"
[23:22:05] a kanban board with three columns of task cards, docType board => SKIP JSON Parse error: Unexpected identifier "You"
[23:22:07] a settings page with labelled toggles and a save button, docType settings => SKIP JSON Parse error: Unexpected identifier "You"
[23:22:10] an operations dashboard with three KPI stat tiles, a line chart and a data table, docType dashboard => SKIP JSON Parse error: Unexpected identifier "You"
[23:22:12] a product catalog with a searchable data table of products, docType catalog => SKIP JSON Parse error: Unexpected identifier "You"
[23:22:14] an invoice with a line-item data table and a totals row, docType invoice => SKIP JSON Parse error: Unexpected identifier "You"
[23:22:17] a user profile page with a heading, stats and an activity data table, docType profile => SKIP JSON Parse error: Unexpected identifier "You"
[23:22:20] a survey form with several questions and a submit button, docType form => SKIP JSON Parse error: Unexpected identifier "You"
[23:22:22] a contact form with name, email and message fields, docType form => SKIP JSON Parse error: Unexpected identifier "You"
[23:22:24] a kanban board with three columns of task cards, docType board => SKIP JSON Parse error: Unexpected identifier "You"
[23:22:27] a settings page with labelled toggles and a save button, docType settings => SKIP JSON Parse error: Unexpected identifier "You"
[23:22:29] an operations dashboard with three KPI stat tiles, a line chart and a data table, docType dashboard => SKIP JSON Parse error: Unexpected identifier "You"
[23:22:32] a product catalog with a searchable data table of products, docType catalog => SKIP JSON Parse error: Unexpected identifier "You"
[23:22:34] an invoice with a line-item data table and a totals row, docType invoice => SKIP JSON Parse error: Unexpected identifier "You"
[23:22:37] a user profile page with a heading, stats and an activity data table, docType profile => SKIP JSON Parse error: Unexpected identifier "You"
[23:22:39] a survey form with several questions and a submit button, docType form => SKIP JSON Parse error: Unexpected identifier "You"
[23:22:42] a contact form with name, email and message fields, docType form => SKIP JSON Parse error: Unexpected identifier "You"
[23:22:44] a kanban board with three columns of task cards, docType board => SKIP JSON Parse error: Unexpected identifier "You"
[23:22:46] a settings page with labelled toggles and a save button, docType settings => SKIP JSON Parse error: Unexpected identifier "You"
[23:22:49] an operations dashboard with three KPI stat tiles, a line chart and a data table, docType dashboard => SKIP JSON Parse error: Unexpected identifier "You"
[23:22:52] a product catalog with a searchable data table of products, docType catalog => SKIP JSON Parse error: Unexpected identifier "You"
[23:22:54] an invoice with a line-item data table and a totals row, docType invoice => SKIP JSON Parse error: Unexpected identifier "You"
[23:22:56] a user profile page with a heading, stats and an activity data table, docType profile => SKIP JSON Parse error: Unexpected identifier "You"
[23:22:59] a survey form with several questions and a submit button, docType form => SKIP JSON Parse error: Unexpected identifier "You"
[23:23:01] a contact form with name, email and message fields, docType form => SKIP JSON Parse error: Unexpected identifier "You"
[23:23:03] a kanban board with three columns of task cards, docType board => SKIP JSON Parse error: Unexpected identifier "You"
[23:23:05] a settings page with labelled toggles and a save button, docType settings => SKIP JSON Parse error: Unexpected identifier "You"
[23:23:07] an operations dashboard with three KPI stat tiles, a line chart and a data table, docType dashboard => SKIP JSON Parse error: Unexpected identifier "You"
[23:23:09] a product catalog with a searchable data table of products, docType catalog => SKIP JSON Parse error: Unexpected identifier "You"
[23:23:11] an invoice with a line-item data table and a totals row, docType invoice => SKIP JSON Parse error: Unexpected identifier "You"
[23:23:14] a user profile page with a heading, stats and an activity data table, docType profile => SKIP JSON Parse error: Unexpected identifier "You"
[23:23:16] a survey form with several questions and a submit button, docType form => SKIP JSON Parse error: Unexpected identifier "You"
[23:23:18] a contact form with name, email and message fields, docType form => SKIP JSON Parse error: Unexpected identifier "You"
[23:23:20] a kanban board with three columns of task cards, docType board => SKIP JSON Parse error: Unexpected identifier "You"
[23:23:23] a settings page with labelled toggles and a save button, docType settings => SKIP JSON Parse error: Unexpected identifier "You"
[23:23:25] an operations dashboard with three KPI stat tiles, a line chart and a data table, docType dashboard => SKIP JSON Parse error: Unexpected identifier "You"
[23:23:28] a product catalog with a searchable data table of products, docType catalog => SKIP JSON Parse error: Unexpected identifier "You"
[23:23:30] an invoice with a line-item data table and a totals row, docType invoice => SKIP JSON Parse error: Unexpected identifier "You"
[23:23:32] a user profile page with a heading, stats and an activity data table, docType profile => SKIP JSON Parse error: Unexpected identifier "You"
[23:23:34] a survey form with several questions and a submit button, docType form => SKIP JSON Parse error: Unexpected identifier "You"
[23:23:36] a contact form with name, email and message fields, docType form => SKIP JSON Parse error: Unexpected identifier "You"
[23:23:38] a kanban board with three columns of task cards, docType board => SKIP JSON Parse error: Unexpected identifier "You"
[23:23:41] a settings page with labelled toggles and a save button, docType settings => SKIP JSON Parse error: Unexpected identifier "You"
[23:23:43] an operations dashboard with three KPI stat tiles, a line chart and a data table, docType dashboard => SKIP JSON Parse error: Unexpected identifier "You"
[23:23:46] a product catalog with a searchable data table of products, docType catalog => SKIP JSON Parse error: Unexpected identifier "You"
[23:23:50] an invoice with a line-item data table and a totals row, docType invoice => SKIP JSON Parse error: Unexpected identifier "You"
[23:23:52] a user profile page with a heading, stats and an activity data table, docType profile => SKIP JSON Parse error: Unexpected identifier "You"
[23:23:55] a survey form with several questions and a submit button, docType form => SKIP JSON Parse error: Unexpected identifier "You"
[23:23:57] a contact form with name, email and message fields, docType form => SKIP JSON Parse error: Unexpected identifier "You"
[23:23:59] a kanban board with three columns of task cards, docType board => SKIP JSON Parse error: Unexpected identifier "You"
[23:24:01] a settings page with labelled toggles and a save button, docType settings => SKIP JSON Parse error: Unexpected identifier "You"
[23:24:03] an operations dashboard with three KPI stat tiles, a line chart and a data table, docType dashboard => SKIP JSON Parse error: Unexpected identifier "You"
[23:24:06] a product catalog with a searchable data table of products, docType catalog => SKIP JSON Parse error: Unexpected identifier "You"
[23:24:08] an invoice with a line-item data table and a totals row, docType invoice => SKIP JSON Parse error: Unexpected identifier "You"
[23:24:10] a user profile page with a heading, stats and an activity data table, docType profile => SKIP JSON Parse error: Unexpected identifier "You"
[23:24:12] a survey form with several questions and a submit button, docType form => SKIP JSON Parse error: Unexpected identifier "You"
[23:24:15] a contact form with name, email and message fields, docType form => SKIP JSON Parse error: Unexpected identifier "You"
[23:24:17] a kanban board with three columns of task cards, docType board => SKIP JSON Parse error: Unexpected identifier "You"
[23:24:19] a settings page with labelled toggles and a save button, docType settings => SKIP JSON Parse error: Unexpected identifier "You"
[23:24:22] an operations dashboard with three KPI stat tiles, a line chart and a data table, docType dashboard => SKIP JSON Parse error: Unexpected identifier "You"
[23:24:24] a product catalog with a searchable data table of products, docType catalog => SKIP JSON Parse error: Unexpected identifier "You"
[23:24:27] an invoice with a line-item data table and a totals row, docType invoice => SKIP JSON Parse error: Unexpected identifier "You"
[23:24:29] a user profile page with a heading, stats and an activity data table, docType profile => SKIP JSON Parse error: Unexpected identifier "You"
[23:24:32] a survey form with several questions and a submit button, docType form => SKIP JSON Parse error: Unexpected identifier "You"
[23:24:34] a contact form with name, email and message fields, docType form => SKIP JSON Parse error: Unexpected identifier "You"
[23:24:36] a kanban board with three columns of task cards, docType board => SKIP JSON Parse error: Unexpected identifier "You"
[23:24:40] a settings page with labelled toggles and a save button, docType settings => SKIP JSON Parse error: Unexpected identifier "You"
[23:24:43] an operations dashboard with three KPI stat tiles, a line chart and a data table, docType dashboard => SKIP JSON Parse error: Unexpected identifier "You"
[23:24:45] a product catalog with a searchable data table of products, docType catalog => SKIP JSON Parse error: Unexpected identifier "You"
[23:24:47] an invoice with a line-item data table and a totals row, docType invoice => SKIP JSON Parse error: Unexpected identifier "You"
[23:24:50] a user profile page with a heading, stats and an activity data table, docType profile => SKIP JSON Parse error: Unexpected identifier "You"
[23:24:52] a survey form with several questions and a submit button, docType form => SKIP JSON Parse error: Unexpected identifier "You"
[23:24:54] a contact form with name, email and message fields, docType form => SKIP JSON Parse error: Unexpected identifier "You"
[23:24:56] a kanban board with three columns of task cards, docType board => SKIP JSON Parse error: Unexpected identifier "You"
[23:24:58] a settings page with labelled toggles and a save button, docType settings => SKIP JSON Parse error: Unexpected identifier "You"
[23:25:01] an operations dashboard with three KPI stat tiles, a line chart and a data table, docType dashboard => SKIP JSON Parse error: Unexpected identifier "You"
[23:25:03] a product catalog with a searchable data table of products, docType catalog => SKIP JSON Parse error: Unexpected identifier "You"
[23:25:05] an invoice with a line-item data table and a totals row, docType invoice => SKIP JSON Parse error: Unexpected identifier "You"
[23:25:07] a user profile page with a heading, stats and an activity data table, docType profile => SKIP JSON Parse error: Unexpected identifier "You"
[23:25:10] a survey form with several questions and a submit button, docType form => SKIP JSON Parse error: Unexpected identifier "You"
[23:25:12] a contact form with name, email and message fields, docType form => SKIP JSON Parse error: Unexpected identifier "You"
[23:25:14] a kanban board with three columns of task cards, docType board => SKIP JSON Parse error: Unexpected identifier "You"
[23:25:16] a settings page with labelled toggles and a save button, docType settings => SKIP JSON Parse error: Unexpected identifier "You"
[23:25:18] an operations dashboard with three KPI stat tiles, a line chart and a data table, docType dashboard => SKIP JSON Parse error: Unexpected identifier "You"
[23:25:20] a product catalog with a searchable data table of products, docType catalog => SKIP JSON Parse error: Unexpected identifier "You"
[23:25:22] an invoice with a line-item data table and a totals row, docType invoice => SKIP JSON Parse error: Unexpected identifier "You"
[23:25:25] a user profile page with a heading, stats and an activity data table, docType profile => SKIP JSON Parse error: Unexpected identifier "You"
[23:25:27] a survey form with several questions and a submit button, docType form => SKIP JSON Parse error: Unexpected identifier "You"
[23:25:29] a contact form with name, email and message fields, docType form => SKIP JSON Parse error: Unexpected identifier "You"
[23:25:31] a kanban board with three columns of task cards, docType board => SKIP JSON Parse error: Unexpected identifier "You"
[23:25:33] a settings page with labelled toggles and a save button, docType settings => SKIP JSON Parse error: Unexpected identifier "You"
[23:25:35] an operations dashboard with three KPI stat tiles, a line chart and a data table, docType dashboard => SKIP JSON Parse error: Unexpected identifier "You"
[23:25:37] a product catalog with a searchable data table of products, docType catalog => SKIP JSON Parse error: Unexpected identifier "You"
[23:25:39] an invoice with a line-item data table and a totals row, docType invoice => SKIP JSON Parse error: Unexpected identifier "You"
[23:25:41] a user profile page with a heading, stats and an activity data table, docType profile => SKIP JSON Parse error: Unexpected identifier "You"
[23:25:43] a survey form with several questions and a submit button, docType form => SKIP JSON Parse error: Unexpected identifier "You"
[23:25:45] a contact form with name, email and message fields, docType form => SKIP JSON Parse error: Unexpected identifier "You"
[23:25:47] a kanban board with three columns of task cards, docType board => SKIP JSON Parse error: Unexpected identifier "You"
[23:25:49] a settings page with labelled toggles and a save button, docType settings => SKIP JSON Parse error: Unexpected identifier "You"
[23:25:51] an operations dashboard with three KPI stat tiles, a line chart and a data table, docType dashboard => SKIP JSON Parse error: Unexpected identifier "You"
[23:25:53] a product catalog with a searchable data table of products, docType catalog => SKIP JSON Parse error: Unexpected identifier "You"
[23:25:56] an invoice with a line-item data table and a totals row, docType invoice => SKIP JSON Parse error: Unexpected identifier "You"
[23:25:58] a user profile page with a heading, stats and an activity data table, docType profile => SKIP JSON Parse error: Unexpected identifier "You"
[23:26:00] a survey form with several questions and a submit button, docType form => SKIP JSON Parse error: Unexpected identifier "You"
[23:26:02] a contact form with name, email and message fields, docType form => SKIP JSON Parse error: Unexpected identifier "You"
[23:26:05] a kanban board with three columns of task cards, docType board => SKIP JSON Parse error: Unexpected identifier "You"
[23:26:07] a settings page with labelled toggles and a save button, docType settings => SKIP JSON Parse error: Unexpected identifier "You"
[23:26:09] an operations dashboard with three KPI stat tiles, a line chart and a data table, docType dashboard => SKIP JSON Parse error: Unexpected identifier "You"
[23:26:11] a product catalog with a searchable data table of products, docType catalog => SKIP JSON Parse error: Unexpected identifier "You"
[23:26:13] an invoice with a line-item data table and a totals row, docType invoice => SKIP JSON Parse error: Unexpected identifier "You"
[23:26:15] a user profile page with a heading, stats and an activity data table, docType profile => SKIP JSON Parse error: Unexpected identifier "You"
[23:26:18] a survey form with several questions and a submit button, docType form => SKIP JSON Parse error: Unexpected identifier "You"
[23:26:20] a contact form with name, email and message fields, docType form => SKIP JSON Parse error: Unexpected identifier "You"
[23:26:22] a kanban board with three columns of task cards, docType board => SKIP JSON Parse error: Unexpected identifier "You"
[23:26:27] a settings page with labelled toggles and a save button, docType settings => SKIP JSON Parse error: Unexpected identifier "You"
[23:26:30] an operations dashboard with three KPI stat tiles, a line chart and a data table, docType dashboard => SKIP JSON Parse error: Unexpected identifier "You"
[23:26:32] a product catalog with a searchable data table of products, docType catalog => SKIP JSON Parse error: Unexpected identifier "You"
[23:26:34] an invoice with a line-item data table and a totals row, docType invoice => SKIP JSON Parse error: Unexpected identifier "You"
[23:26:36] a user profile page with a heading, stats and an activity data table, docType profile => SKIP JSON Parse error: Unexpected identifier "You"
[23:26:38] a survey form with several questions and a submit button, docType form => SKIP JSON Parse error: Unexpected identifier "You"
[23:26:40] a contact form with name, email and message fields, docType form => SKIP JSON Parse error: Unexpected identifier "You"
[23:26:43] a kanban board with three columns of task cards, docType board => SKIP JSON Parse error: Unexpected identifier "You"
[23:26:45] a settings page with labelled toggles and a save button, docType settings => SKIP JSON Parse error: Unexpected identifier "You"
[23:26:47] an operations dashboard with three KPI stat tiles, a line chart and a data table, docType dashboard => SKIP JSON Parse error: Unexpected identifier "You"
[23:26:49] a product catalog with a searchable data table of products, docType catalog => SKIP JSON Parse error: Unexpected identifier "You"
[23:26:51] an invoice with a line-item data table and a totals row, docType invoice => SKIP JSON Parse error: Unexpected identifier "You"
[23:26:54] a user profile page with a heading, stats and an activity data table, docType profile => SKIP JSON Parse error: Unexpected identifier "You"
[23:26:57] a survey form with several questions and a submit button, docType form => SKIP JSON Parse error: Unexpected identifier "You"
[23:26:59] a contact form with name, email and message fields, docType form => SKIP JSON Parse error: Unexpected identifier "You"
[23:27:01] a kanban board with three columns of task cards, docType board => SKIP JSON Parse error: Unexpected identifier "You"
[23:27:04] a settings page with labelled toggles and a save button, docType settings => SKIP JSON Parse error: Unexpected identifier "You"
[23:27:07] an operations dashboard with three KPI stat tiles, a line chart and a data table, docType dashboard => SKIP JSON Parse error: Unexpected identifier "You"
[23:27:09] a product catalog with a searchable data table of products, docType catalog => SKIP JSON Parse error: Unexpected identifier "You"
[23:27:11] an invoice with a line-item data table and a totals row, docType invoice => SKIP JSON Parse error: Unexpected identifier "You"
[23:27:13] a user profile page with a heading, stats and an activity data table, docType profile => SKIP JSON Parse error: Unexpected identifier "You"
[23:27:18] a survey form with several questions and a submit button, docType form => SKIP JSON Parse error: Unexpected identifier "You"
[23:27:20] a contact form with name, email and message fields, docType form => SKIP JSON Parse error: Unexpected identifier "You"
[23:27:21] a kanban board with three columns of task cards, docType board => SKIP JSON Parse error: Unexpected identifier "You"
[23:27:24] a settings page with labelled toggles and a save button, docType settings => SKIP JSON Parse error: Unexpected identifier "You"
[23:27:26] an operations dashboard with three KPI stat tiles, a line chart and a data table, docType dashboard => SKIP JSON Parse error: Unexpected identifier "You"
[23:27:28] a product catalog with a searchable data table of products, docType catalog => SKIP JSON Parse error: Unexpected identifier "You"
[23:27:30] an invoice with a line-item data table and a totals row, docType invoice => SKIP JSON Parse error: Unexpected identifier "You"
[23:27:32] a user profile page with a heading, stats and an activity data table, docType profile => SKIP JSON Parse error: Unexpected identifier "You"
[23:27:34] a survey form with several questions and a submit button, docType form => SKIP JSON Parse error: Unexpected identifier "You"
[23:27:36] a contact form with name, email and message fields, docType form => SKIP JSON Parse error: Unexpected identifier "You"
[23:27:38] a kanban board with three columns of task cards, docType board => SKIP JSON Parse error: Unexpected identifier "You"
[23:27:40] a settings page with labelled toggles and a save button, docType settings => SKIP JSON Parse error: Unexpected identifier "You"
[23:27:42] an operations dashboard with three KPI stat tiles, a line chart and a data table, docType dashboard => SKIP JSON Parse error: Unexpected identifier "You"
[23:27:44] a product catalog with a searchable data table of products, docType catalog => SKIP JSON Parse error: Unexpected identifier "You"
[23:27:46] an invoice with a line-item data table and a totals row, docType invoice => SKIP JSON Parse error: Unexpected identifier "You"
[23:27:48] a user profile page with a heading, stats and an activity data table, docType profile => SKIP JSON Parse error: Unexpected identifier "You"
[23:27:50] a survey form with several questions and a submit button, docType form => SKIP JSON Parse error: Unexpected identifier "You"
[23:27:53] a contact form with name, email and message fields, docType form => SKIP JSON Parse error: Unexpected identifier "You"
[23:27:55] a kanban board with three columns of task cards, docType board => SKIP JSON Parse error: Unexpected identifier "You"
[23:27:57] a settings page with labelled toggles and a save button, docType settings => SKIP JSON Parse error: Unexpected identifier "You"
[23:28:00] an operations dashboard with three KPI stat tiles, a line chart and a data table, docType dashboard => SKIP JSON Parse error: Unexpected identifier "You"
[23:28:02] a product catalog with a searchable data table of products, docType catalog => SKIP JSON Parse error: Unexpected identifier "You"
[23:28:04] an invoice with a line-item data table and a totals row, docType invoice => SKIP JSON Parse error: Unexpected identifier "You"
[23:28:07] a user profile page with a heading, stats and an activity data table, docType profile => SKIP JSON Parse error: Unexpected identifier "You"
[23:28:09] a survey form with several questions and a submit button, docType form => SKIP JSON Parse error: Unexpected identifier "You"
[23:28:11] a contact form with name, email and message fields, docType form => SKIP JSON Parse error: Unexpected identifier "You"
[23:28:13] a kanban board with three columns of task cards, docType board => SKIP JSON Parse error: Unexpected identifier "You"
[23:28:15] a settings page with labelled toggles and a save button, docType settings => SKIP JSON Parse error: Unexpected identifier "You"
[23:28:17] an operations dashboard with three KPI stat tiles, a line chart and a data table, docType dashboard => SKIP JSON Parse error: Unexpected identifier "You"
[23:28:21] a product catalog with a searchable data table of products, docType catalog => SKIP JSON Parse error: Unexpected identifier "You"
[23:28:23] an invoice with a line-item data table and a totals row, docType invoice => SKIP JSON Parse error: Unexpected identifier "You"
[23:28:25] a user profile page with a heading, stats and an activity data table, docType profile => SKIP JSON Parse error: Unexpected identifier "You"
[23:28:27] a survey form with several questions and a submit button, docType form => SKIP JSON Parse error: Unexpected identifier "You"
[23:28:29] a contact form with name, email and message fields, docType form => SKIP JSON Parse error: Unexpected identifier "You"
[23:28:32] a kanban board with three columns of task cards, docType board => SKIP JSON Parse error: Unexpected identifier "You"
[23:28:35] a settings page with labelled toggles and a save button, docType settings => SKIP JSON Parse error: Unexpected identifier "You"
[23:28:37] an operations dashboard with three KPI stat tiles, a line chart and a data table, docType dashboard => SKIP JSON Parse error: Unexpected identifier "You"
[23:28:39] a product catalog with a searchable data table of products, docType catalog => SKIP JSON Parse error: Unexpected identifier "You"
[23:28:41] an invoice with a line-item data table and a totals row, docType invoice => SKIP JSON Parse error: Unexpected identifier "You"
[23:28:43] a user profile page with a heading, stats and an activity data table, docType profile => SKIP JSON Parse error: Unexpected identifier "You"
[23:28:45] a survey form with several questions and a submit button, docType form => SKIP JSON Parse error: Unexpected identifier "You"
[23:28:47] a contact form with name, email and message fields, docType form => SKIP JSON Parse error: Unexpected identifier "You"
[23:28:49] a kanban board with three columns of task cards, docType board => SKIP JSON Parse error: Unexpected identifier "You"
[23:28:51] a settings page with labelled toggles and a save button, docType settings => SKIP JSON Parse error: Unexpected identifier "You"
[23:28:53] an operations dashboard with three KPI stat tiles, a line chart and a data table, docType dashboard => SKIP JSON Parse error: Unexpected identifier "You"
[23:28:56] a product catalog with a searchable data table of products, docType catalog => SKIP JSON Parse error: Unexpected identifier "You"
[23:28:58] an invoice with a line-item data table and a totals row, docType invoice => SKIP JSON Parse error: Unexpected identifier "You"
[23:29:01] a user profile page with a heading, stats and an activity data table, docType profile => SKIP JSON Parse error: Unexpected identifier "You"
[23:29:03] a survey form with several questions and a submit button, docType form => SKIP JSON Parse error: Unexpected identifier "You"
[23:29:05] a contact form with name, email and message fields, docType form => SKIP JSON Parse error: Unexpected identifier "You"
[23:29:07] a kanban board with three columns of task cards, docType board => SKIP JSON Parse error: Unexpected identifier "You"
[23:29:09] a settings page with labelled toggles and a save button, docType settings => SKIP JSON Parse error: Unexpected identifier "You"
[23:29:11] an operations dashboard with three KPI stat tiles, a line chart and a data table, docType dashboard => SKIP JSON Parse error: Unexpected identifier "You"
[23:29:13] a product catalog with a searchable data table of products, docType catalog => SKIP JSON Parse error: Unexpected identifier "You"
[23:29:15] an invoice with a line-item data table and a totals row, docType invoice => SKIP JSON Parse error: Unexpected identifier "You"
[23:29:17] a user profile page with a heading, stats and an activity data table, docType profile => SKIP JSON Parse error: Unexpected identifier "You"
[23:29:19] a survey form with several questions and a submit button, docType form => SKIP JSON Parse error: Unexpected identifier "You"
[23:29:21] a contact form with name, email and message fields, docType form => SKIP JSON Parse error: Unexpected identifier "You"
[23:29:23] a kanban board with three columns of task cards, docType board => SKIP JSON Parse error: Unexpected identifier "You"
[23:29:25] a settings page with labelled toggles and a save button, docType settings => SKIP JSON Parse error: Unexpected identifier "You"
[23:29:27] an operations dashboard with three KPI stat tiles, a line chart and a data table, docType dashboard => SKIP JSON Parse error: Unexpected identifier "You"
[23:29:29] a product catalog with a searchable data table of products, docType catalog => SKIP JSON Parse error: Unexpected identifier "You"
[23:29:31] an invoice with a line-item data table and a totals row, docType invoice => SKIP JSON Parse error: Unexpected identifier "You"
[23:29:33] a user profile page with a heading, stats and an activity data table, docType profile => SKIP JSON Parse error: Unexpected identifier "You"
[23:29:35] a survey form with several questions and a submit button, docType form => SKIP JSON Parse error: Unexpected identifier "You"
[23:29:38] a contact form with name, email and message fields, docType form => SKIP JSON Parse error: Unexpected identifier "You"
[23:29:40] a kanban board with three columns of task cards, docType board => SKIP JSON Parse error: Unexpected identifier "You"
[23:29:42] a settings page with labelled toggles and a save button, docType settings => SKIP JSON Parse error: Unexpected identifier "You"
[23:29:44] an operations dashboard with three KPI stat tiles, a line chart and a data table, docType dashboard => SKIP JSON Parse error: Unexpected identifier "You"
[23:29:50] a product catalog with a searchable data table of products, docType catalog => SKIP JSON Parse error: Unexpected identifier "You"
[23:29:57] an invoice with a line-item data table and a totals row, docType invoice => SKIP JSON Parse error: Unexpected identifier "You"
[23:29:59] a user profile page with a heading, stats and an activity data table, docType profile => SKIP JSON Parse error: Unexpected identifier "You"
[23:30:01] a survey form with several questions and a submit button, docType form => SKIP JSON Parse error: Unexpected identifier "You"
[23:30:04] a contact form with name, email and message fields, docType form => SKIP JSON Parse error: Unexpected identifier "You"
[23:30:06] a kanban board with three columns of task cards, docType board => SKIP JSON Parse error: Unexpected identifier "You"
[23:30:08] a settings page with labelled toggles and a save button, docType settings => SKIP JSON Parse error: Unexpected identifier "You"
[23:30:11] an operations dashboard with three KPI stat tiles, a line chart and a data table, docType dashboard => SKIP JSON Parse error: Unexpected identifier "You"
[23:30:13] a product catalog with a searchable data table of products, docType catalog => SKIP JSON Parse error: Unexpected identifier "You"
[23:30:15] an invoice with a line-item data table and a totals row, docType invoice => SKIP JSON Parse error: Unexpected identifier "You"
[23:30:17] a user profile page with a heading, stats and an activity data table, docType profile => SKIP JSON Parse error: Unexpected identifier "You"
[23:30:19] a survey form with several questions and a submit button, docType form => SKIP JSON Parse error: Unexpected identifier "You"
[23:30:21] a contact form with name, email and message fields, docType form => SKIP JSON Parse error: Unexpected identifier "You"
[23:30:24] a kanban board with three columns of task cards, docType board => SKIP JSON Parse error: Unexpected identifier "You"
[23:30:26] a settings page with labelled toggles and a save button, docType settings => SKIP JSON Parse error: Unexpected identifier "You"
[23:30:28] an operations dashboard with three KPI stat tiles, a line chart and a data table, docType dashboard => SKIP JSON Parse error: Unexpected identifier "You"
[23:30:31] a product catalog with a searchable data table of products, docType catalog => SKIP JSON Parse error: Unexpected identifier "You"
[23:30:32] an invoice with a line-item data table and a totals row, docType invoice => SKIP JSON Parse error: Unexpected identifier "You"
[23:30:35] a user profile page with a heading, stats and an activity data table, docType profile => SKIP JSON Parse error: Unexpected identifier "You"
[23:30:37] a survey form with several questions and a submit button, docType form => SKIP JSON Parse error: Unexpected identifier "You"
[23:30:39] a contact form with name, email and message fields, docType form => SKIP JSON Parse error: Unexpected identifier "You"
[23:30:41] a kanban board with three columns of task cards, docType board => SKIP JSON Parse error: Unexpected identifier "You"
[23:30:44] a settings page with labelled toggles and a save button, docType settings => SKIP JSON Parse error: Unexpected identifier "You"
[23:30:46] an operations dashboard with three KPI stat tiles, a line chart and a data table, docType dashboard => SKIP JSON Parse error: Unexpected identifier "You"
[23:30:49] a product catalog with a searchable data table of products, docType catalog => SKIP JSON Parse error: Unexpected identifier "You"
[23:30:51] an invoice with a line-item data table and a totals row, docType invoice => SKIP JSON Parse error: Unexpected identifier "You"
[23:30:53] a user profile page with a heading, stats and an activity data table, docType profile => SKIP JSON Parse error: Unexpected identifier "You"
[23:30:55] a survey form with several questions and a submit button, docType form => SKIP JSON Parse error: Unexpected identifier "You"
[23:30:58] a contact form with name, email and message fields, docType form => SKIP JSON Parse error: Unexpected identifier "You"
[23:31:00] a kanban board with three columns of task cards, docType board => SKIP JSON Parse error: Unexpected identifier "You"
[23:31:02] a settings page with labelled toggles and a save button, docType settings => SKIP JSON Parse error: Unexpected identifier "You"
[23:31:04] an operations dashboard with three KPI stat tiles, a line chart and a data table, docType dashboard => SKIP JSON Parse error: Unexpected identifier "You"
[23:31:06] a product catalog with a searchable data table of products, docType catalog => SKIP JSON Parse error: Unexpected identifier "You"
[23:31:08] an invoice with a line-item data table and a totals row, docType invoice => SKIP JSON Parse error: Unexpected identifier "You"
[23:31:10] a user profile page with a heading, stats and an activity data table, docType profile => SKIP JSON Parse error: Unexpected identifier "You"
[23:31:12] a survey form with several questions and a submit button, docType form => SKIP JSON Parse error: Unexpected identifier "You"
[23:31:14] a contact form with name, email and message fields, docType form => SKIP JSON Parse error: Unexpected identifier "You"
[23:31:16] a kanban board with three columns of task cards, docType board => SKIP JSON Parse error: Unexpected identifier "You"
[23:31:18] a settings page with labelled toggles and a save button, docType settings => SKIP JSON Parse error: Unexpected identifier "You"
[23:31:20] an operations dashboard with three KPI stat tiles, a line chart and a data table, docType dashboard => SKIP JSON Parse error: Unexpected identifier "You"
[23:31:22] a product catalog with a searchable data table of products, docType catalog => SKIP JSON Parse error: Unexpected identifier "You"
[23:31:24] an invoice with a line-item data table and a totals row, docType invoice => SKIP JSON Parse error: Unexpected identifier "You"
[23:31:26] a user profile page with a heading, stats and an activity data table, docType profile => SKIP JSON Parse error: Unexpected identifier "You"
[23:31:29] a survey form with several questions and a submit button, docType form => SKIP JSON Parse error: Unexpected identifier "You"
[23:31:31] a contact form with name, email and message fields, docType form => SKIP JSON Parse error: Unexpected identifier "You"
[23:31:33] a kanban board with three columns of task cards, docType board => SKIP JSON Parse error: Unexpected identifier "You"
[23:31:35] a settings page with labelled toggles and a save button, docType settings => SKIP JSON Parse error: Unexpected identifier "You"
[23:31:37] an operations dashboard with three KPI stat tiles, a line chart and a data table, docType dashboard => SKIP JSON Parse error: Unexpected identifier "You"
[23:31:39] a product catalog with a searchable data table of products, docType catalog => SKIP JSON Parse error: Unexpected identifier "You"
[23:31:42] an invoice with a line-item data table and a totals row, docType invoice => SKIP JSON Parse error: Unexpected identifier "You"
[23:31:44] a user profile page with a heading, stats and an activity data table, docType profile => SKIP JSON Parse error: Unexpected identifier "You"
[23:31:46] a survey form with several questions and a submit button, docType form => SKIP JSON Parse error: Unexpected identifier "You"
[23:31:48] a contact form with name, email and message fields, docType form => SKIP JSON Parse error: Unexpected identifier "You"
[23:31:50] a kanban board with three columns of task cards, docType board => SKIP JSON Parse error: Unexpected identifier "You"
[23:31:52] a settings page with labelled toggles and a save button, docType settings => SKIP JSON Parse error: Unexpected identifier "You"
[23:31:54] an operations dashboard with three KPI stat tiles, a line chart and a data table, docType dashboard => SKIP JSON Parse error: Unexpected identifier "You"
[23:31:56] a product catalog with a searchable data table of products, docType catalog => SKIP JSON Parse error: Unexpected identifier "You"
[23:31:58] an invoice with a line-item data table and a totals row, docType invoice => SKIP JSON Parse error: Unexpected identifier "You"
[23:32:00] a user profile page with a heading, stats and an activity data table, docType profile => SKIP JSON Parse error: Unexpected identifier "You"
[23:32:02] a survey form with several questions and a submit button, docType form => SKIP JSON Parse error: Unexpected identifier "You"
[23:32:04] a contact form with name, email and message fields, docType form => SKIP JSON Parse error: Unexpected identifier "You"
[23:32:06] a kanban board with three columns of task cards, docType board => SKIP JSON Parse error: Unexpected identifier "You"
[23:32:08] a settings page with labelled toggles and a save button, docType settings => SKIP JSON Parse error: Unexpected identifier "You"
[23:32:10] an operations dashboard with three KPI stat tiles, a line chart and a data table, docType dashboard => SKIP JSON Parse error: Unexpected identifier "You"
[23:32:12] a product catalog with a searchable data table of products, docType catalog => SKIP JSON Parse error: Unexpected identifier "You"
[23:32:14] an invoice with a line-item data table and a totals row, docType invoice => SKIP JSON Parse error: Unexpected identifier "You"
[23:32:16] a user profile page with a heading, stats and an activity data table, docType profile => SKIP JSON Parse error: Unexpected identifier "You"
[23:32:18] a survey form with several questions and a submit button, docType form => SKIP JSON Parse error: Unexpected identifier "You"
[23:32:21] a contact form with name, email and message fields, docType form => SKIP JSON Parse error: Unexpected identifier "You"
[23:32:23] a kanban board with three columns of task cards, docType board => SKIP JSON Parse error: Unexpected identifier "You"
[23:32:25] a settings page with labelled toggles and a save button, docType settings => SKIP JSON Parse error: Unexpected identifier "You"
[23:32:28] an operations dashboard with three KPI stat tiles, a line chart and a data table, docType dashboard => SKIP JSON Parse error: Unexpected identifier "You"
[23:32:30] a product catalog with a searchable data table of products, docType catalog => SKIP JSON Parse error: Unexpected identifier "You"
[23:32:32] an invoice with a line-item data table and a totals row, docType invoice => SKIP JSON Parse error: Unexpected identifier "You"
[23:32:34] a user profile page with a heading, stats and an activity data table, docType profile => SKIP JSON Parse error: Unexpected identifier "You"
[23:32:36] a survey form with several questions and a submit button, docType form => SKIP JSON Parse error: Unexpected identifier "You"
[23:32:38] a contact form with name, email and message fields, docType form => SKIP JSON Parse error: Unexpected identifier "You"
[23:32:42] a kanban board with three columns of task cards, docType board => SKIP JSON Parse error: Unexpected identifier "You"
[23:32:44] a settings page with labelled toggles and a save button, docType settings => SKIP JSON Parse error: Unexpected identifier "You"
[23:32:46] an operations dashboard with three KPI stat tiles, a line chart and a data table, docType dashboard => SKIP JSON Parse error: Unexpected identifier "You"
[23:32:47] a product catalog with a searchable data table of products, docType catalog => SKIP JSON Parse error: Unexpected identifier "You"
[23:32:49] an invoice with a line-item data table and a totals row, docType invoice => SKIP JSON Parse error: Unexpected identifier "You"
[23:32:51] a user profile page with a heading, stats and an activity data table, docType profile => SKIP JSON Parse error: Unexpected identifier "You"
[23:32:53] a survey form with several questions and a submit button, docType form => SKIP JSON Parse error: Unexpected identifier "You"
[23:32:56] a contact form with name, email and message fields, docType form => SKIP JSON Parse error: Unexpected identifier "You"
[23:32:58] a kanban board with three columns of task cards, docType board => SKIP JSON Parse error: Unexpected identifier "You"
[23:33:00] a settings page with labelled toggles and a save button, docType settings => SKIP JSON Parse error: Unexpected identifier "You"
[23:33:02] an operations dashboard with three KPI stat tiles, a line chart and a data table, docType dashboard => SKIP JSON Parse error: Unexpected identifier "You"
[23:33:04] a product catalog with a searchable data table of products, docType catalog => SKIP JSON Parse error: Unexpected identifier "You"
[23:33:07] an invoice with a line-item data table and a totals row, docType invoice => SKIP JSON Parse error: Unexpected identifier "You"
[23:33:09] a user profile page with a heading, stats and an activity data table, docType profile => SKIP JSON Parse error: Unexpected identifier "You"
[23:33:11] a survey form with several questions and a submit button, docType form => SKIP JSON Parse error: Unexpected identifier "You"
[23:33:14] a contact form with name, email and message fields, docType form => SKIP JSON Parse error: Unexpected identifier "You"
[23:33:17] a kanban board with three columns of task cards, docType board => SKIP JSON Parse error: Unexpected identifier "You"
[23:33:19] a settings page with labelled toggles and a save button, docType settings => SKIP JSON Parse error: Unexpected identifier "You"
[23:33:21] an operations dashboard with three KPI stat tiles, a line chart and a data table, docType dashboard => SKIP JSON Parse error: Unexpected identifier "You"
[23:33:23] a product catalog with a searchable data table of products, docType catalog => SKIP JSON Parse error: Unexpected identifier "You"
[23:33:25] an invoice with a line-item data table and a totals row, docType invoice => SKIP JSON Parse error: Unexpected identifier "You"
[23:33:26] a user profile page with a heading, stats and an activity data table, docType profile => SKIP JSON Parse error: Unexpected identifier "You"
[23:33:28] a survey form with several questions and a submit button, docType form => SKIP JSON Parse error: Unexpected identifier "You"
[23:33:31] a contact form with name, email and message fields, docType form => SKIP JSON Parse error: Unexpected identifier "You"
[23:33:32] a kanban board with three columns of task cards, docType board => SKIP JSON Parse error: Unexpected identifier "You"
[23:33:35] a settings page with labelled toggles and a save button, docType settings => SKIP JSON Parse error: Unexpected identifier "You"
[23:33:37] an operations dashboard with three KPI stat tiles, a line chart and a data table, docType dashboard => SKIP JSON Parse error: Unexpected identifier "You"
[23:33:39] a product catalog with a searchable data table of products, docType catalog => SKIP JSON Parse error: Unexpected identifier "You"
[23:33:41] an invoice with a line-item data table and a totals row, docType invoice => SKIP JSON Parse error: Unexpected identifier "You"
[23:33:43] a user profile page with a heading, stats and an activity data table, docType profile => SKIP JSON Parse error: Unexpected identifier "You"
[23:33:45] a survey form with several questions and a submit button, docType form => SKIP JSON Parse error: Unexpected identifier "You"
[23:33:47] a contact form with name, email and message fields, docType form => SKIP JSON Parse error: Unexpected identifier "You"
[23:33:50] a kanban board with three columns of task cards, docType board => SKIP JSON Parse error: Unexpected identifier "You"
[23:33:52] a settings page with labelled toggles and a save button, docType settings => SKIP JSON Parse error: Unexpected identifier "You"
[23:33:54] an operations dashboard with three KPI stat tiles, a line chart and a data table, docType dashboard => SKIP JSON Parse error: Unexpected identifier "You"
[23:33:56] a product catalog with a searchable data table of products, docType catalog => SKIP JSON Parse error: Unexpected identifier "You"
[23:33:58] an invoice with a line-item data table and a totals row, docType invoice => SKIP JSON Parse error: Unexpected identifier "You"
[23:34:00] a user profile page with a heading, stats and an activity data table, docType profile => SKIP JSON Parse error: Unexpected identifier "You"
[23:34:02] a survey form with several questions and a submit button, docType form => SKIP JSON Parse error: Unexpected identifier "You"
[23:34:04] a contact form with name, email and message fields, docType form => SKIP JSON Parse error: Unexpected identifier "You"
[23:34:06] a kanban board with three columns of task cards, docType board => SKIP JSON Parse error: Unexpected identifier "You"
[23:34:08] a settings page with labelled toggles and a save button, docType settings => SKIP JSON Parse error: Unexpected identifier "You"
[23:34:10] an operations dashboard with three KPI stat tiles, a line chart and a data table, docType dashboard => SKIP JSON Parse error: Unexpected identifier "You"
[23:34:13] a product catalog with a searchable data table of products, docType catalog => SKIP JSON Parse error: Unexpected identifier "You"
[23:34:15] an invoice with a line-item data table and a totals row, docType invoice => SKIP JSON Parse error: Unexpected identifier "You"
[23:34:17] a user profile page with a heading, stats and an activity data table, docType profile => SKIP JSON Parse error: Unexpected identifier "You"
[23:34:19] a survey form with several questions and a submit button, docType form => SKIP JSON Parse error: Unexpected identifier "You"
[23:34:21] a contact form with name, email and message fields, docType form => SKIP JSON Parse error: Unexpected identifier "You"
[23:34:23] a kanban board with three columns of task cards, docType board => SKIP JSON Parse error: Unexpected identifier "You"
[23:34:25] a settings page with labelled toggles and a save button, docType settings => SKIP JSON Parse error: Unexpected identifier "You"
[23:34:28] an operations dashboard with three KPI stat tiles, a line chart and a data table, docType dashboard => SKIP JSON Parse error: Unexpected identifier "You"
[23:34:30] a product catalog with a searchable data table of products, docType catalog => SKIP JSON Parse error: Unexpected identifier "You"
[23:34:32] an invoice with a line-item data table and a totals row, docType invoice => SKIP JSON Parse error: Unexpected identifier "You"
[23:34:35] a user profile page with a heading, stats and an activity data table, docType profile => SKIP JSON Parse error: Unexpected identifier "You"
[23:34:37] a survey form with several questions and a submit button, docType form => SKIP JSON Parse error: Unexpected identifier "You"
[23:34:39] a contact form with name, email and message fields, docType form => SKIP JSON Parse error: Unexpected identifier "You"
[23:34:42] a kanban board with three columns of task cards, docType board => SKIP JSON Parse error: Unexpected identifier "You"
[23:34:44] a settings page with labelled toggles and a save button, docType settings => SKIP JSON Parse error: Unexpected identifier "You"
[23:34:46] an operations dashboard with three KPI stat tiles, a line chart and a data table, docType dashboard => SKIP JSON Parse error: Unexpected identifier "You"
[23:34:48] a product catalog with a searchable data table of products, docType catalog => SKIP JSON Parse error: Unexpected identifier "You"
[23:34:50] an invoice with a line-item data table and a totals row, docType invoice => SKIP JSON Parse error: Unexpected identifier "You"
[23:34:52] a user profile page with a heading, stats and an activity data table, docType profile => SKIP JSON Parse error: Unexpected identifier "You"
[23:35:03] a survey form with several questions and a submit button, docType form => SKIP JSON Parse error: Unexpected identifier "You"
[23:35:06] a contact form with name, email and message fields, docType form => SKIP JSON Parse error: Unexpected identifier "You"
[23:35:08] a kanban board with three columns of task cards, docType board => SKIP JSON Parse error: Unexpected identifier "You"
[23:35:10] a settings page with labelled toggles and a save button, docType settings => SKIP JSON Parse error: Unexpected identifier "You"
[23:35:12] an operations dashboard with three KPI stat tiles, a line chart and a data table, docType dashboard => SKIP JSON Parse error: Unexpected identifier "You"
[23:35:14] a product catalog with a searchable data table of products, docType catalog => SKIP JSON Parse error: Unexpected identifier "You"
[23:35:16] an invoice with a line-item data table and a totals row, docType invoice => SKIP JSON Parse error: Unexpected identifier "You"
[23:35:18] a user profile page with a heading, stats and an activity data table, docType profile => SKIP JSON Parse error: Unexpected identifier "You"
[23:35:21] a survey form with several questions and a submit button, docType form => SKIP JSON Parse error: Unexpected identifier "You"
[23:35:23] a contact form with name, email and message fields, docType form => SKIP JSON Parse error: Unexpected identifier "You"
[23:35:25] a kanban board with three columns of task cards, docType board => SKIP JSON Parse error: Unexpected identifier "You"
[23:35:28] a settings page with labelled toggles and a save button, docType settings => SKIP JSON Parse error: Unexpected identifier "You"
[23:35:30] an operations dashboard with three KPI stat tiles, a line chart and a data table, docType dashboard => SKIP JSON Parse error: Unexpected identifier "You"
[23:35:32] a product catalog with a searchable data table of products, docType catalog => SKIP JSON Parse error: Unexpected identifier "You"
[23:35:34] an invoice with a line-item data table and a totals row, docType invoice => SKIP JSON Parse error: Unexpected identifier "You"
[23:35:36] a user profile page with a heading, stats and an activity data table, docType profile => SKIP JSON Parse error: Unexpected identifier "You"
[23:35:38] a survey form with several questions and a submit button, docType form => SKIP JSON Parse error: Unexpected identifier "You"
[23:35:40] a contact form with name, email and message fields, docType form => SKIP JSON Parse error: Unexpected identifier "You"
[23:35:42] a kanban board with three columns of task cards, docType board => SKIP JSON Parse error: Unexpected identifier "You"
[23:35:44] a settings page with labelled toggles and a save button, docType settings => SKIP JSON Parse error: Unexpected identifier "You"
[23:35:46] an operations dashboard with three KPI stat tiles, a line chart and a data table, docType dashboard => SKIP JSON Parse error: Unexpected identifier "You"
[23:35:48] a product catalog with a searchable data table of products, docType catalog => SKIP JSON Parse error: Unexpected identifier "You"
[23:35:50] an invoice with a line-item data table and a totals row, docType invoice => SKIP JSON Parse error: Unexpected identifier "You"
[23:35:52] a user profile page with a heading, stats and an activity data table, docType profile => SKIP JSON Parse error: Unexpected identifier "You"
[23:35:55] a survey form with several questions and a submit button, docType form => SKIP JSON Parse error: Unexpected identifier "You"
[23:35:57] a contact form with name, email and message fields, docType form => SKIP JSON Parse error: Unexpected identifier "You"
[23:35:59] a kanban board with three columns of task cards, docType board => SKIP JSON Parse error: Unexpected identifier "You"
[23:36:01] a settings page with labelled toggles and a save button, docType settings => SKIP JSON Parse error: Unexpected identifier "You"
[23:36:03] an operations dashboard with three KPI stat tiles, a line chart and a data table, docType dashboard => SKIP JSON Parse error: Unexpected identifier "You"
[23:36:06] a product catalog with a searchable data table of products, docType catalog => SKIP JSON Parse error: Unexpected identifier "You"
[23:36:09] an invoice with a line-item data table and a totals row, docType invoice => SKIP JSON Parse error: Unexpected identifier "You"
[23:36:11] a user profile page with a heading, stats and an activity data table, docType profile => SKIP JSON Parse error: Unexpected identifier "You"
[23:36:13] a survey form with several questions and a submit button, docType form => SKIP JSON Parse error: Unexpected identifier "You"
[23:36:15] a contact form with name, email and message fields, docType form => SKIP JSON Parse error: Unexpected identifier "You"
[23:36:17] a kanban board with three columns of task cards, docType board => SKIP JSON Parse error: Unexpected identifier "You"
[23:36:19] a settings page with labelled toggles and a save button, docType settings => SKIP JSON Parse error: Unexpected identifier "You"
[23:36:21] an operations dashboard with three KPI stat tiles, a line chart and a data table, docType dashboard => SKIP JSON Parse error: Unexpected identifier "You"
[23:36:23] a product catalog with a searchable data table of products, docType catalog => SKIP JSON Parse error: Unexpected identifier "You"
[23:36:26] an invoice with a line-item data table and a totals row, docType invoice => SKIP JSON Parse error: Unexpected identifier "You"
[23:36:28] a user profile page with a heading, stats and an activity data table, docType profile => SKIP JSON Parse error: Unexpected identifier "You"
[23:36:31] a survey form with several questions and a submit button, docType form => SKIP JSON Parse error: Unexpected identifier "You"
[23:36:33] a contact form with name, email and message fields, docType form => SKIP JSON Parse error: Unexpected identifier "You"
[23:36:37] a kanban board with three columns of task cards, docType board => SKIP JSON Parse error: Unexpected identifier "You"
[23:36:39] a settings page with labelled toggles and a save button, docType settings => SKIP JSON Parse error: Unexpected identifier "You"
[23:36:41] an operations dashboard with three KPI stat tiles, a line chart and a data table, docType dashboard => SKIP JSON Parse error: Unexpected identifier "You"
[23:36:43] a product catalog with a searchable data table of products, docType catalog => SKIP JSON Parse error: Unexpected identifier "You"
[23:36:45] an invoice with a line-item data table and a totals row, docType invoice => SKIP JSON Parse error: Unexpected identifier "You"
[23:36:47] a user profile page with a heading, stats and an activity data table, docType profile => SKIP JSON Parse error: Unexpected identifier "You"
[23:36:50] a survey form with several questions and a submit button, docType form => SKIP JSON Parse error: Unexpected identifier "You"
[23:36:52] a contact form with name, email and message fields, docType form => SKIP JSON Parse error: Unexpected identifier "You"
[23:36:54] a kanban board with three columns of task cards, docType board => SKIP JSON Parse error: Unexpected identifier "You"
[23:36:56] a settings page with labelled toggles and a save button, docType settings => SKIP JSON Parse error: Unexpected identifier "You"
[23:36:58] an operations dashboard with three KPI stat tiles, a line chart and a data table, docType dashboard => SKIP JSON Parse error: Unexpected identifier "You"
[23:37:02] a product catalog with a searchable data table of products, docType catalog => SKIP JSON Parse error: Unexpected identifier "You"
[23:37:04] an invoice with a line-item data table and a totals row, docType invoice => SKIP JSON Parse error: Unexpected identifier "You"
[23:37:07] a user profile page with a heading, stats and an activity data table, docType profile => SKIP JSON Parse error: Unexpected identifier "You"
[23:37:09] a survey form with several questions and a submit button, docType form => SKIP JSON Parse error: Unexpected identifier "You"
[23:37:11] a contact form with name, email and message fields, docType form => SKIP JSON Parse error: Unexpected identifier "You"
[23:37:13] a kanban board with three columns of task cards, docType board => SKIP JSON Parse error: Unexpected identifier "You"
[23:37:15] a settings page with labelled toggles and a save button, docType settings => SKIP JSON Parse error: Unexpected identifier "You"
[23:37:18] an operations dashboard with three KPI stat tiles, a line chart and a data table, docType dashboard => SKIP JSON Parse error: Unexpected identifier "You"
[23:37:20] a product catalog with a searchable data table of products, docType catalog => SKIP JSON Parse error: Unexpected identifier "You"
[23:37:22] an invoice with a line-item data table and a totals row, docType invoice => SKIP JSON Parse error: Unexpected identifier "You"
[23:37:24] a user profile page with a heading, stats and an activity data table, docType profile => SKIP JSON Parse error: Unexpected identifier "You"
[23:37:27] a survey form with several questions and a submit button, docType form => SKIP JSON Parse error: Unexpected identifier "You"
[23:37:29] a contact form with name, email and message fields, docType form => SKIP JSON Parse error: Unexpected identifier "You"
[23:37:31] a kanban board with three columns of task cards, docType board => SKIP JSON Parse error: Unexpected identifier "You"
[23:37:33] a settings page with labelled toggles and a save button, docType settings => SKIP JSON Parse error: Unexpected identifier "You"
[23:37:35] an operations dashboard with three KPI stat tiles, a line chart and a data table, docType dashboard => SKIP JSON Parse error: Unexpected identifier "You"
[23:37:37] a product catalog with a searchable data table of products, docType catalog => SKIP JSON Parse error: Unexpected identifier "You"
[23:37:39] an invoice with a line-item data table and a totals row, docType invoice => SKIP JSON Parse error: Unexpected identifier "You"
[23:37:41] a user profile page with a heading, stats and an activity data table, docType profile => SKIP JSON Parse error: Unexpected identifier "You"
[23:37:44] a survey form with several questions and a submit button, docType form => SKIP JSON Parse error: Unexpected identifier "You"
[23:37:46] a contact form with name, email and message fields, docType form => SKIP JSON Parse error: Unexpected identifier "You"
[23:37:48] a kanban board with three columns of task cards, docType board => SKIP JSON Parse error: Unexpected identifier "You"
[23:37:50] a settings page with labelled toggles and a save button, docType settings => SKIP JSON Parse error: Unexpected identifier "You"
[23:37:52] an operations dashboard with three KPI stat tiles, a line chart and a data table, docType dashboard => SKIP JSON Parse error: Unexpected identifier "You"
[23:37:54] a product catalog with a searchable data table of products, docType catalog => SKIP JSON Parse error: Unexpected identifier "You"
[23:37:56] an invoice with a line-item data table and a totals row, docType invoice => SKIP JSON Parse error: Unexpected identifier "You"
[23:37:58] a user profile page with a heading, stats and an activity data table, docType profile => SKIP JSON Parse error: Unexpected identifier "You"
[23:38:01] a survey form with several questions and a submit button, docType form => SKIP JSON Parse error: Unexpected identifier "You"
[23:38:03] a contact form with name, email and message fields, docType form => SKIP JSON Parse error: Unexpected identifier "You"
[23:38:05] a kanban board with three columns of task cards, docType board => SKIP JSON Parse error: Unexpected identifier "You"
[23:38:07] a settings page with labelled toggles and a save button, docType settings => SKIP JSON Parse error: Unexpected identifier "You"
[23:38:09] an operations dashboard with three KPI stat tiles, a line chart and a data table, docType dashboard => SKIP JSON Parse error: Unexpected identifier "You"
[23:38:13] a product catalog with a searchable data table of products, docType catalog => SKIP JSON Parse error: Unexpected identifier "You"
[23:38:15] an invoice with a line-item data table and a totals row, docType invoice => SKIP JSON Parse error: Unexpected identifier "You"
[23:38:18] a user profile page with a heading, stats and an activity data table, docType profile => SKIP JSON Parse error: Unexpected identifier "You"
[23:38:20] a survey form with several questions and a submit button, docType form => SKIP JSON Parse error: Unexpected identifier "You"
[23:38:23] a contact form with name, email and message fields, docType form => SKIP JSON Parse error: Unexpected identifier "You"
[23:38:26] a kanban board with three columns of task cards, docType board => SKIP JSON Parse error: Unexpected identifier "You"
[23:38:28] a settings page with labelled toggles and a save button, docType settings => SKIP JSON Parse error: Unexpected identifier "You"
[23:38:30] an operations dashboard with three KPI stat tiles, a line chart and a data table, docType dashboard => SKIP JSON Parse error: Unexpected identifier "You"
[23:38:33] a product catalog with a searchable data table of products, docType catalog => SKIP JSON Parse error: Unexpected identifier "You"
[23:38:36] an invoice with a line-item data table and a totals row, docType invoice => SKIP JSON Parse error: Unexpected identifier "You"
[23:38:38] a user profile page with a heading, stats and an activity data table, docType profile => SKIP JSON Parse error: Unexpected identifier "You"
[23:38:41] a survey form with several questions and a submit button, docType form => SKIP JSON Parse error: Unexpected identifier "You"
[23:38:43] a contact form with name, email and message fields, docType form => SKIP JSON Parse error: Unexpected identifier "You"
[23:38:45] a kanban board with three columns of task cards, docType board => SKIP JSON Parse error: Unexpected identifier "You"
[23:38:48] a settings page with labelled toggles and a save button, docType settings => SKIP JSON Parse error: Unexpected identifier "You"
[23:38:50] an operations dashboard with three KPI stat tiles, a line chart and a data table, docType dashboard => SKIP JSON Parse error: Unexpected identifier "You"
[23:38:52] a product catalog with a searchable data table of products, docType catalog => SKIP JSON Parse error: Unexpected identifier "You"
[23:38:54] an invoice with a line-item data table and a totals row, docType invoice => SKIP JSON Parse error: Unexpected identifier "You"
[23:38:57] a user profile page with a heading, stats and an activity data table, docType profile => SKIP JSON Parse error: Unexpected identifier "You"
[23:38:59] a survey form with several questions and a submit button, docType form => SKIP JSON Parse error: Unexpected identifier "You"
[23:39:02] a contact form with name, email and message fields, docType form => SKIP JSON Parse error: Unexpected identifier "You"
[23:39:04] a kanban board with three columns of task cards, docType board => SKIP JSON Parse error: Unexpected identifier "You"
[23:39:07] a settings page with labelled toggles and a save button, docType settings => SKIP JSON Parse error: Unexpected identifier "You"
[23:39:09] an operations dashboard with three KPI stat tiles, a line chart and a data table, docType dashboard => SKIP JSON Parse error: Unexpected identifier "You"
[23:39:12] a product catalog with a searchable data table of products, docType catalog => SKIP JSON Parse error: Unexpected identifier "You"
[23:39:14] an invoice with a line-item data table and a totals row, docType invoice => SKIP JSON Parse error: Unexpected identifier "You"
[23:39:17] a user profile page with a heading, stats and an activity data table, docType profile => SKIP JSON Parse error: Unexpected identifier "You"
[23:39:19] a survey form with several questions and a submit button, docType form => SKIP JSON Parse error: Unexpected identifier "You"
[23:39:22] a contact form with name, email and message fields, docType form => SKIP JSON Parse error: Unexpected identifier "You"
[23:39:24] a kanban board with three columns of task cards, docType board => SKIP JSON Parse error: Unexpected identifier "You"
[23:39:26] a settings page with labelled toggles and a save button, docType settings => SKIP JSON Parse error: Unexpected identifier "You"
[23:39:28] an operations dashboard with three KPI stat tiles, a line chart and a data table, docType dashboard => SKIP JSON Parse error: Unexpected identifier "You"
[23:39:31] a product catalog with a searchable data table of products, docType catalog => SKIP JSON Parse error: Unexpected identifier "You"
[23:39:33] an invoice with a line-item data table and a totals row, docType invoice => SKIP JSON Parse error: Unexpected identifier "You"
[23:39:35] a user profile page with a heading, stats and an activity data table, docType profile => SKIP JSON Parse error: Unexpected identifier "You"
[23:39:38] a survey form with several questions and a submit button, docType form => SKIP JSON Parse error: Unexpected identifier "You"
[23:39:40] a contact form with name, email and message fields, docType form => SKIP JSON Parse error: Unexpected identifier "You"
[23:39:43] a kanban board with three columns of task cards, docType board => SKIP JSON Parse error: Unexpected identifier "You"
[23:39:45] a settings page with labelled toggles and a save button, docType settings => SKIP JSON Parse error: Unexpected identifier "You"
[23:39:48] an operations dashboard with three KPI stat tiles, a line chart and a data table, docType dashboard => SKIP JSON Parse error: Unexpected identifier "You"
[23:39:50] a product catalog with a searchable data table of products, docType catalog => SKIP JSON Parse error: Unexpected identifier "You"
[23:39:52] an invoice with a line-item data table and a totals row, docType invoice => SKIP JSON Parse error: Unexpected identifier "You"
[23:39:54] a user profile page with a heading, stats and an activity data table, docType profile => SKIP JSON Parse error: Unexpected identifier "You"
[23:39:57] a survey form with several questions and a submit button, docType form => SKIP JSON Parse error: Unexpected identifier "You"
[23:39:59] a contact form with name, email and message fields, docType form => SKIP JSON Parse error: Unexpected identifier "You"
[23:40:01] a kanban board with three columns of task cards, docType board => SKIP JSON Parse error: Unexpected identifier "You"
[23:40:04] a settings page with labelled toggles and a save button, docType settings => SKIP JSON Parse error: Unexpected identifier "You"
[23:40:06] an operations dashboard with three KPI stat tiles, a line chart and a data table, docType dashboard => SKIP JSON Parse error: Unexpected identifier "You"
[23:40:08] a product catalog with a searchable data table of products, docType catalog => SKIP JSON Parse error: Unexpected identifier "You"
[23:40:11] an invoice with a line-item data table and a totals row, docType invoice => SKIP JSON Parse error: Unexpected identifier "You"
[23:40:13] a user profile page with a heading, stats and an activity data table, docType profile => SKIP JSON Parse error: Unexpected identifier "You"
[23:40:15] a survey form with several questions and a submit button, docType form => SKIP JSON Parse error: Unexpected identifier "You"
[23:40:17] a contact form with name, email and message fields, docType form => SKIP JSON Parse error: Unexpected identifier "You"
[23:40:19] a kanban board with three columns of task cards, docType board => SKIP JSON Parse error: Unexpected identifier "You"
[23:40:22] a settings page with labelled toggles and a save button, docType settings => SKIP JSON Parse error: Unexpected identifier "You"
[23:40:25] an operations dashboard with three KPI stat tiles, a line chart and a data table, docType dashboard => SKIP JSON Parse error: Unexpected identifier "You"
[23:40:27] a product catalog with a searchable data table of products, docType catalog => SKIP JSON Parse error: Unexpected identifier "You"
[23:40:29] an invoice with a line-item data table and a totals row, docType invoice => SKIP JSON Parse error: Unexpected identifier "You"
[23:40:31] a user profile page with a heading, stats and an activity data table, docType profile => SKIP JSON Parse error: Unexpected identifier "You"
[23:40:33] a survey form with several questions and a submit button, docType form => SKIP JSON Parse error: Unexpected identifier "You"
[23:40:35] a contact form with name, email and message fields, docType form => SKIP JSON Parse error: Unexpected identifier "You"
[23:40:38] a kanban board with three columns of task cards, docType board => SKIP JSON Parse error: Unexpected identifier "You"
[23:40:40] a settings page with labelled toggles and a save button, docType settings => SKIP JSON Parse error: Unexpected identifier "You"
[23:40:42] an operations dashboard with three KPI stat tiles, a line chart and a data table, docType dashboard => SKIP JSON Parse error: Unexpected identifier "You"
[23:40:44] a product catalog with a searchable data table of products, docType catalog => SKIP JSON Parse error: Unexpected identifier "You"
[23:40:47] an invoice with a line-item data table and a totals row, docType invoice => SKIP JSON Parse error: Unexpected identifier "You"
[23:40:49] a user profile page with a heading, stats and an activity data table, docType profile => SKIP JSON Parse error: Unexpected identifier "You"
[23:40:51] a survey form with several questions and a submit button, docType form => SKIP JSON Parse error: Unexpected identifier "You"
[23:40:53] a contact form with name, email and message fields, docType form => SKIP JSON Parse error: Unexpected identifier "You"
[23:40:56] a kanban board with three columns of task cards, docType board => SKIP JSON Parse error: Unexpected identifier "You"
[23:40:58] a settings page with labelled toggles and a save button, docType settings => SKIP JSON Parse error: Unexpected identifier "You"
[23:41:00] an operations dashboard with three KPI stat tiles, a line chart and a data table, docType dashboard => SKIP JSON Parse error: Unexpected identifier "You"
[23:41:02] a product catalog with a searchable data table of products, docType catalog => SKIP JSON Parse error: Unexpected identifier "You"
[23:41:04] an invoice with a line-item data table and a totals row, docType invoice => SKIP JSON Parse error: Unexpected identifier "You"
[23:41:07] a user profile page with a heading, stats and an activity data table, docType profile => SKIP JSON Parse error: Unexpected identifier "You"
[23:41:09] a survey form with several questions and a submit button, docType form => SKIP JSON Parse error: Unexpected identifier "You"
[23:41:11] a contact form with name, email and message fields, docType form => SKIP JSON Parse error: Unexpected identifier "You"
[23:41:13] a kanban board with three columns of task cards, docType board => SKIP JSON Parse error: Unexpected identifier "You"
[23:41:16] a settings page with labelled toggles and a save button, docType settings => SKIP JSON Parse error: Unexpected identifier "You"
[23:41:18] an operations dashboard with three KPI stat tiles, a line chart and a data table, docType dashboard => SKIP JSON Parse error: Unexpected identifier "You"
[23:41:20] a product catalog with a searchable data table of products, docType catalog => SKIP JSON Parse error: Unexpected identifier "You"
[23:41:23] an invoice with a line-item data table and a totals row, docType invoice => SKIP JSON Parse error: Unexpected identifier "You"
[23:41:25] a user profile page with a heading, stats and an activity data table, docType profile => SKIP JSON Parse error: Unexpected identifier "You"
[23:41:27] a survey form with several questions and a submit button, docType form => SKIP JSON Parse error: Unexpected identifier "You"
[23:41:29] a contact form with name, email and message fields, docType form => SKIP JSON Parse error: Unexpected identifier "You"
[23:41:31] a kanban board with three columns of task cards, docType board => SKIP JSON Parse error: Unexpected identifier "You"
[23:41:33] a settings page with labelled toggles and a save button, docType settings => SKIP JSON Parse error: Unexpected identifier "You"
[23:41:36] an operations dashboard with three KPI stat tiles, a line chart and a data table, docType dashboard => SKIP JSON Parse error: Unexpected identifier "You"
[23:41:38] a product catalog with a searchable data table of products, docType catalog => SKIP JSON Parse error: Unexpected identifier "You"
[23:41:40] an invoice with a line-item data table and a totals row, docType invoice => SKIP JSON Parse error: Unexpected identifier "You"
[23:41:43] a user profile page with a heading, stats and an activity data table, docType profile => SKIP JSON Parse error: Unexpected identifier "You"
[23:41:45] a survey form with several questions and a submit button, docType form => SKIP JSON Parse error: Unexpected identifier "You"
[23:41:47] a contact form with name, email and message fields, docType form => SKIP JSON Parse error: Unexpected identifier "You"
[23:41:49] a kanban board with three columns of task cards, docType board => SKIP JSON Parse error: Unexpected identifier "You"
[23:41:52] a settings page with labelled toggles and a save button, docType settings => SKIP JSON Parse error: Unexpected identifier "You"
[23:41:54] an operations dashboard with three KPI stat tiles, a line chart and a data table, docType dashboard => SKIP JSON Parse error: Unexpected identifier "You"
[23:41:56] a product catalog with a searchable data table of products, docType catalog => SKIP JSON Parse error: Unexpected identifier "You"
[23:41:58] an invoice with a line-item data table and a totals row, docType invoice => SKIP JSON Parse error: Unexpected identifier "You"
[23:42:00] a user profile page with a heading, stats and an activity data table, docType profile => SKIP JSON Parse error: Unexpected identifier "You"
[23:42:03] a survey form with several questions and a submit button, docType form => SKIP JSON Parse error: Unexpected identifier "You"
[23:42:05] a contact form with name, email and message fields, docType form => SKIP JSON Parse error: Unexpected identifier "You"
[23:42:07] a kanban board with three columns of task cards, docType board => SKIP JSON Parse error: Unexpected identifier "You"
[23:42:09] a settings page with labelled toggles and a save button, docType settings => SKIP JSON Parse error: Unexpected identifier "You"
[23:42:11] an operations dashboard with three KPI stat tiles, a line chart and a data table, docType dashboard => SKIP JSON Parse error: Unexpected identifier "You"
[23:42:14] a product catalog with a searchable data table of products, docType catalog => SKIP JSON Parse error: Unexpected identifier "You"
[23:42:17] an invoice with a line-item data table and a totals row, docType invoice => SKIP JSON Parse error: Unexpected identifier "You"
[23:42:19] a user profile page with a heading, stats and an activity data table, docType profile => SKIP JSON Parse error: Unexpected identifier "You"
[23:42:23] a survey form with several questions and a submit button, docType form => SKIP JSON Parse error: Unexpected identifier "You"
[23:42:25] a contact form with name, email and message fields, docType form => SKIP JSON Parse error: Unexpected identifier "You"
[23:42:27] a kanban board with three columns of task cards, docType board => SKIP JSON Parse error: Unexpected identifier "You"
[23:42:30] a settings page with labelled toggles and a save button, docType settings => SKIP JSON Parse error: Unexpected identifier "You"
[23:42:32] an operations dashboard with three KPI stat tiles, a line chart and a data table, docType dashboard => SKIP JSON Parse error: Unexpected identifier "You"
[23:42:34] a product catalog with a searchable data table of products, docType catalog => SKIP JSON Parse error: Unexpected identifier "You"
[23:42:36] an invoice with a line-item data table and a totals row, docType invoice => SKIP JSON Parse error: Unexpected identifier "You"
[23:42:38] a user profile page with a heading, stats and an activity data table, docType profile => SKIP JSON Parse error: Unexpected identifier "You"
[23:42:40] a survey form with several questions and a submit button, docType form => SKIP JSON Parse error: Unexpected identifier "You"
[23:42:43] a contact form with name, email and message fields, docType form => SKIP JSON Parse error: Unexpected identifier "You"
[23:42:46] a kanban board with three columns of task cards, docType board => SKIP JSON Parse error: Unexpected identifier "You"
[23:42:48] a settings page with labelled toggles and a save button, docType settings => SKIP JSON Parse error: Unexpected identifier "You"
[23:42:50] an operations dashboard with three KPI stat tiles, a line chart and a data table, docType dashboard => SKIP JSON Parse error: Unexpected identifier "You"
[23:42:53] a product catalog with a searchable data table of products, docType catalog => SKIP JSON Parse error: Unexpected identifier "You"
[23:42:55] an invoice with a line-item data table and a totals row, docType invoice => SKIP JSON Parse error: Unexpected identifier "You"
[23:42:57] a user profile page with a heading, stats and an activity data table, docType profile => SKIP JSON Parse error: Unexpected identifier "You"
[23:42:59] a survey form with several questions and a submit button, docType form => SKIP JSON Parse error: Unexpected identifier "You"
[23:43:05] a contact form with name, email and message fields, docType form => SKIP JSON Parse error: Unexpected identifier "You"
[23:43:08] a kanban board with three columns of task cards, docType board => SKIP JSON Parse error: Unexpected identifier "You"
[23:43:10] a settings page with labelled toggles and a save button, docType settings => SKIP JSON Parse error: Unexpected identifier "You"
[23:43:12] an operations dashboard with three KPI stat tiles, a line chart and a data table, docType dashboard => SKIP JSON Parse error: Unexpected identifier "You"
[23:43:15] a product catalog with a searchable data table of products, docType catalog => SKIP JSON Parse error: Unexpected identifier "You"
[23:43:17] an invoice with a line-item data table and a totals row, docType invoice => SKIP JSON Parse error: Unexpected identifier "You"
[23:43:19] a user profile page with a heading, stats and an activity data table, docType profile => SKIP JSON Parse error: Unexpected identifier "You"
[23:43:21] a survey form with several questions and a submit button, docType form => SKIP JSON Parse error: Unexpected identifier "You"
[23:43:23] a contact form with name, email and message fields, docType form => SKIP JSON Parse error: Unexpected identifier "You"
[23:43:26] a kanban board with three columns of task cards, docType board => SKIP JSON Parse error: Unexpected identifier "You"
[23:43:28] a settings page with labelled toggles and a save button, docType settings => SKIP JSON Parse error: Unexpected identifier "You"
[23:43:31] an operations dashboard with three KPI stat tiles, a line chart and a data table, docType dashboard => SKIP JSON Parse error: Unexpected identifier "You"
[23:43:33] a product catalog with a searchable data table of products, docType catalog => SKIP JSON Parse error: Unexpected identifier "You"
[23:43:35] an invoice with a line-item data table and a totals row, docType invoice => SKIP JSON Parse error: Unexpected identifier "You"
[23:43:37] a user profile page with a heading, stats and an activity data table, docType profile => SKIP JSON Parse error: Unexpected identifier "You"
[23:43:40] a survey form with several questions and a submit button, docType form => SKIP JSON Parse error: Unexpected identifier "You"
[23:43:42] a contact form with name, email and message fields, docType form => SKIP JSON Parse error: Unexpected identifier "You"
[23:43:44] a kanban board with three columns of task cards, docType board => SKIP JSON Parse error: Unexpected identifier "You"
[23:43:46] a settings page with labelled toggles and a save button, docType settings => SKIP JSON Parse error: Unexpected identifier "You"
[23:43:48] an operations dashboard with three KPI stat tiles, a line chart and a data table, docType dashboard => SKIP JSON Parse error: Unexpected identifier "You"
[23:43:50] a product catalog with a searchable data table of products, docType catalog => SKIP JSON Parse error: Unexpected identifier "You"
[23:43:52] an invoice with a line-item data table and a totals row, docType invoice => SKIP JSON Parse error: Unexpected identifier "You"
[23:43:55] a user profile page with a heading, stats and an activity data table, docType profile => SKIP JSON Parse error: Unexpected identifier "You"
[23:43:57] a survey form with several questions and a submit button, docType form => SKIP JSON Parse error: Unexpected identifier "You"
[23:43:59] a contact form with name, email and message fields, docType form => SKIP JSON Parse error: Unexpected identifier "You"
[23:44:01] a kanban board with three columns of task cards, docType board => SKIP JSON Parse error: Unexpected identifier "You"
[23:44:05] a settings page with labelled toggles and a save button, docType settings => SKIP JSON Parse error: Unexpected identifier "You"
[23:44:07] an operations dashboard with three KPI stat tiles, a line chart and a data table, docType dashboard => SKIP JSON Parse error: Unexpected identifier "You"
[23:44:09] a product catalog with a searchable data table of products, docType catalog => SKIP JSON Parse error: Unexpected identifier "You"
[23:44:12] an invoice with a line-item data table and a totals row, docType invoice => SKIP JSON Parse error: Unexpected identifier "You"
[23:44:14] a user profile page with a heading, stats and an activity data table, docType profile => SKIP JSON Parse error: Unexpected identifier "You"
[23:44:16] a survey form with several questions and a submit button, docType form => SKIP JSON Parse error: Unexpected identifier "You"
[23:44:18] a contact form with name, email and message fields, docType form => SKIP JSON Parse error: Unexpected identifier "You"
[23:44:21] a kanban board with three columns of task cards, docType board => SKIP JSON Parse error: Unexpected identifier "You"
[23:44:23] a settings page with labelled toggles and a save button, docType settings => SKIP JSON Parse error: Unexpected identifier "You"
[23:44:25] an operations dashboard with three KPI stat tiles, a line chart and a data table, docType dashboard => SKIP JSON Parse error: Unexpected identifier "You"
[23:44:27] a product catalog with a searchable data table of products, docType catalog => SKIP JSON Parse error: Unexpected identifier "You"
[23:44:29] an invoice with a line-item data table and a totals row, docType invoice => SKIP JSON Parse error: Unexpected identifier "You"
[23:44:31] a user profile page with a heading, stats and an activity data table, docType profile => SKIP JSON Parse error: Unexpected identifier "You"
[23:44:33] a survey form with several questions and a submit button, docType form => SKIP JSON Parse error: Unexpected identifier "You"
[23:44:35] a contact form with name, email and message fields, docType form => SKIP JSON Parse error: Unexpected identifier "You"
[23:44:37] a kanban board with three columns of task cards, docType board => SKIP JSON Parse error: Unexpected identifier "You"
[23:44:39] a settings page with labelled toggles and a save button, docType settings => SKIP JSON Parse error: Unexpected identifier "You"
[23:44:41] an operations dashboard with three KPI stat tiles, a line chart and a data table, docType dashboard => SKIP JSON Parse error: Unexpected identifier "You"
[23:44:44] a product catalog with a searchable data table of products, docType catalog => SKIP JSON Parse error: Unexpected identifier "You"
[23:44:47] an invoice with a line-item data table and a totals row, docType invoice => SKIP JSON Parse error: Unexpected identifier "You"
[23:44:49] a user profile page with a heading, stats and an activity data table, docType profile => SKIP JSON Parse error: Unexpected identifier "You"
[23:44:52] a survey form with several questions and a submit button, docType form => SKIP JSON Parse error: Unexpected identifier "You"
[23:44:54] a contact form with name, email and message fields, docType form => SKIP JSON Parse error: Unexpected identifier "You"
[23:44:57] a kanban board with three columns of task cards, docType board => SKIP JSON Parse error: Unexpected identifier "You"
[23:44:59] a settings page with labelled toggles and a save button, docType settings => SKIP JSON Parse error: Unexpected identifier "You"
[23:45:02] an operations dashboard with three KPI stat tiles, a line chart and a data table, docType dashboard => SKIP JSON Parse error: Unexpected identifier "You"
[23:45:04] a product catalog with a searchable data table of products, docType catalog => SKIP JSON Parse error: Unexpected identifier "You"
[23:45:06] an invoice with a line-item data table and a totals row, docType invoice => SKIP JSON Parse error: Unexpected identifier "You"
[23:45:08] a user profile page with a heading, stats and an activity data table, docType profile => SKIP JSON Parse error: Unexpected identifier "You"
[23:45:10] a survey form with several questions and a submit button, docType form => SKIP JSON Parse error: Unexpected identifier "You"
[23:45:12] a contact form with name, email and message fields, docType form => SKIP JSON Parse error: Unexpected identifier "You"
[23:45:14] a kanban board with three columns of task cards, docType board => SKIP JSON Parse error: Unexpected identifier "You"
[23:45:16] a settings page with labelled toggles and a save button, docType settings => SKIP JSON Parse error: Unexpected identifier "You"
[23:45:19] an operations dashboard with three KPI stat tiles, a line chart and a data table, docType dashboard => SKIP JSON Parse error: Unexpected identifier "You"
[23:45:21] a product catalog with a searchable data table of products, docType catalog => SKIP JSON Parse error: Unexpected identifier "You"
[23:45:23] an invoice with a line-item data table and a totals row, docType invoice => SKIP JSON Parse error: Unexpected identifier "You"
[23:45:25] a user profile page with a heading, stats and an activity data table, docType profile => SKIP JSON Parse error: Unexpected identifier "You"
[23:45:27] a survey form with several questions and a submit button, docType form => SKIP JSON Parse error: Unexpected identifier "You"
[23:45:29] a contact form with name, email and message fields, docType form => SKIP JSON Parse error: Unexpected identifier "You"
[23:45:31] a kanban board with three columns of task cards, docType board => SKIP JSON Parse error: Unexpected identifier "You"
[23:45:33] a settings page with labelled toggles and a save button, docType settings => SKIP JSON Parse error: Unexpected identifier "You"
[23:45:36] an operations dashboard with three KPI stat tiles, a line chart and a data table, docType dashboard => SKIP JSON Parse error: Unexpected identifier "You"
[23:45:38] a product catalog with a searchable data table of products, docType catalog => SKIP JSON Parse error: Unexpected identifier "You"
[23:45:41] an invoice with a line-item data table and a totals row, docType invoice => SKIP JSON Parse error: Unexpected identifier "You"
[23:45:43] a user profile page with a heading, stats and an activity data table, docType profile => SKIP JSON Parse error: Unexpected identifier "You"
[23:45:46] a survey form with several questions and a submit button, docType form => SKIP JSON Parse error: Unexpected identifier "You"
[23:45:48] a contact form with name, email and message fields, docType form => SKIP JSON Parse error: Unexpected identifier "You"
[23:45:50] a kanban board with three columns of task cards, docType board => SKIP JSON Parse error: Unexpected identifier "You"
[23:45:52] a settings page with labelled toggles and a save button, docType settings => SKIP JSON Parse error: Unexpected identifier "You"
[23:45:54] an operations dashboard with three KPI stat tiles, a line chart and a data table, docType dashboard => SKIP JSON Parse error: Unexpected identifier "You"
[23:45:56] a product catalog with a searchable data table of products, docType catalog => SKIP JSON Parse error: Unexpected identifier "You"
[23:45:59] an invoice with a line-item data table and a totals row, docType invoice => SKIP JSON Parse error: Unexpected identifier "You"
[23:46:01] a user profile page with a heading, stats and an activity data table, docType profile => SKIP JSON Parse error: Unexpected identifier "You"
[23:46:03] a survey form with several questions and a submit button, docType form => SKIP JSON Parse error: Unexpected identifier "You"
[23:46:05] a contact form with name, email and message fields, docType form => SKIP JSON Parse error: Unexpected identifier "You"
[23:46:08] a kanban board with three columns of task cards, docType board => SKIP JSON Parse error: Unexpected identifier "You"
[23:46:10] a settings page with labelled toggles and a save button, docType settings => SKIP JSON Parse error: Unexpected identifier "You"
[23:46:12] an operations dashboard with three KPI stat tiles, a line chart and a data table, docType dashboard => SKIP JSON Parse error: Unexpected identifier "You"
[23:46:14] a product catalog with a searchable data table of products, docType catalog => SKIP JSON Parse error: Unexpected identifier "You"
[23:46:17] an invoice with a line-item data table and a totals row, docType invoice => SKIP JSON Parse error: Unexpected identifier "You"
[23:46:19] a user profile page with a heading, stats and an activity data table, docType profile => SKIP JSON Parse error: Unexpected identifier "You"
[23:46:21] a survey form with several questions and a submit button, docType form => SKIP JSON Parse error: Unexpected identifier "You"
[23:46:23] a contact form with name, email and message fields, docType form => SKIP JSON Parse error: Unexpected identifier "You"
[23:46:26] a kanban board with three columns of task cards, docType board => SKIP JSON Parse error: Unexpected identifier "You"
[23:46:28] a settings page with labelled toggles and a save button, docType settings => SKIP JSON Parse error: Unexpected identifier "You"
[23:46:30] an operations dashboard with three KPI stat tiles, a line chart and a data table, docType dashboard => SKIP JSON Parse error: Unexpected identifier "You"
[23:46:33] a product catalog with a searchable data table of products, docType catalog => SKIP JSON Parse error: Unexpected identifier "You"
[23:46:35] an invoice with a line-item data table and a totals row, docType invoice => SKIP JSON Parse error: Unexpected identifier "You"
[23:46:37] a user profile page with a heading, stats and an activity data table, docType profile => SKIP JSON Parse error: Unexpected identifier "You"
[23:46:39] a survey form with several questions and a submit button, docType form => SKIP JSON Parse error: Unexpected identifier "You"
[23:46:42] a contact form with name, email and message fields, docType form => SKIP JSON Parse error: Unexpected identifier "You"
[23:46:44] a kanban board with three columns of task cards, docType board => SKIP JSON Parse error: Unexpected identifier "You"
[23:46:46] a settings page with labelled toggles and a save button, docType settings => SKIP JSON Parse error: Unexpected identifier "You"
[23:46:48] an operations dashboard with three KPI stat tiles, a line chart and a data table, docType dashboard => SKIP JSON Parse error: Unexpected identifier "You"
[23:46:50] a product catalog with a searchable data table of products, docType catalog => SKIP JSON Parse error: Unexpected identifier "You"
[23:46:52] an invoice with a line-item data table and a totals row, docType invoice => SKIP JSON Parse error: Unexpected identifier "You"
[23:46:55] a user profile page with a heading, stats and an activity data table, docType profile => SKIP JSON Parse error: Unexpected identifier "You"
[23:46:57] a survey form with several questions and a submit button, docType form => SKIP JSON Parse error: Unexpected identifier "You"
[23:46:59] a contact form with name, email and message fields, docType form => SKIP JSON Parse error: Unexpected identifier "You"
[23:47:01] a kanban board with three columns of task cards, docType board => SKIP JSON Parse error: Unexpected identifier "You"
[23:47:06] a settings page with labelled toggles and a save button, docType settings => SKIP JSON Parse error: Unexpected identifier "You"
[23:47:08] an operations dashboard with three KPI stat tiles, a line chart and a data table, docType dashboard => SKIP JSON Parse error: Unexpected identifier "You"
[23:47:10] a product catalog with a searchable data table of products, docType catalog => SKIP JSON Parse error: Unexpected identifier "You"
[23:47:12] an invoice with a line-item data table and a totals row, docType invoice => SKIP JSON Parse error: Unexpected identifier "You"
[23:47:14] a user profile page with a heading, stats and an activity data table, docType profile => SKIP JSON Parse error: Unexpected identifier "You"
[23:47:16] a survey form with several questions and a submit button, docType form => SKIP JSON Parse error: Unexpected identifier "You"
[23:47:18] a contact form with name, email and message fields, docType form => SKIP JSON Parse error: Unexpected identifier "You"
[23:47:20] a kanban board with three columns of task cards, docType board => SKIP JSON Parse error: Unexpected identifier "You"
[23:47:23] a settings page with labelled toggles and a save button, docType settings => SKIP JSON Parse error: Unexpected identifier "You"
[23:47:25] an operations dashboard with three KPI stat tiles, a line chart and a data table, docType dashboard => SKIP JSON Parse error: Unexpected identifier "You"
[23:47:28] a product catalog with a searchable data table of products, docType catalog => SKIP JSON Parse error: Unexpected identifier "You"
[23:47:30] an invoice with a line-item data table and a totals row, docType invoice => SKIP JSON Parse error: Unexpected identifier "You"
[23:47:32] a user profile page with a heading, stats and an activity data table, docType profile => SKIP JSON Parse error: Unexpected identifier "You"
[23:47:34] a survey form with several questions and a submit button, docType form => SKIP JSON Parse error: Unexpected identifier "You"
[23:47:37] a contact form with name, email and message fields, docType form => SKIP JSON Parse error: Unexpected identifier "You"
[23:47:39] a kanban board with three columns of task cards, docType board => SKIP JSON Parse error: Unexpected identifier "You"
[23:47:41] a settings page with labelled toggles and a save button, docType settings => SKIP JSON Parse error: Unexpected identifier "You"
[23:47:43] an operations dashboard with three KPI stat tiles, a line chart and a data table, docType dashboard => SKIP JSON Parse error: Unexpected identifier "You"
[23:47:45] a product catalog with a searchable data table of products, docType catalog => SKIP JSON Parse error: Unexpected identifier "You"
[23:47:48] an invoice with a line-item data table and a totals row, docType invoice => SKIP JSON Parse error: Unexpected identifier "You"
[23:47:51] a user profile page with a heading, stats and an activity data table, docType profile => SKIP JSON Parse error: Unexpected identifier "You"
[23:47:54] a survey form with several questions and a submit button, docType form => SKIP JSON Parse error: Unexpected identifier "You"
[23:47:56] a contact form with name, email and message fields, docType form => SKIP JSON Parse error: Unexpected identifier "You"
[23:47:58] a kanban board with three columns of task cards, docType board => SKIP JSON Parse error: Unexpected identifier "You"
[23:48:00] a settings page with labelled toggles and a save button, docType settings => SKIP JSON Parse error: Unexpected identifier "You"
[23:48:03] an operations dashboard with three KPI stat tiles, a line chart and a data table, docType dashboard => SKIP JSON Parse error: Unexpected identifier "You"
[23:48:05] a product catalog with a searchable data table of products, docType catalog => SKIP JSON Parse error: Unexpected identifier "You"
[23:48:08] an invoice with a line-item data table and a totals row, docType invoice => SKIP JSON Parse error: Unexpected identifier "You"
[23:48:10] a user profile page with a heading, stats and an activity data table, docType profile => SKIP JSON Parse error: Unexpected identifier "You"
[23:48:12] a survey form with several questions and a submit button, docType form => SKIP JSON Parse error: Unexpected identifier "You"
[23:48:14] a contact form with name, email and message fields, docType form => SKIP JSON Parse error: Unexpected identifier "You"
[23:48:16] a kanban board with three columns of task cards, docType board => SKIP JSON Parse error: Unexpected identifier "You"
[23:48:18] a settings page with labelled toggles and a save button, docType settings => SKIP JSON Parse error: Unexpected identifier "You"
[23:48:21] an operations dashboard with three KPI stat tiles, a line chart and a data table, docType dashboard => SKIP JSON Parse error: Unexpected identifier "You"
[23:48:23] a product catalog with a searchable data table of products, docType catalog => SKIP JSON Parse error: Unexpected identifier "You"
[23:48:25] an invoice with a line-item data table and a totals row, docType invoice => SKIP JSON Parse error: Unexpected identifier "You"
[23:48:28] a user profile page with a heading, stats and an activity data table, docType profile => SKIP JSON Parse error: Unexpected identifier "You"
[23:48:30] a survey form with several questions and a submit button, docType form => SKIP JSON Parse error: Unexpected identifier "You"
[23:48:32] a contact form with name, email and message fields, docType form => SKIP JSON Parse error: Unexpected identifier "You"
[23:48:35] a kanban board with three columns of task cards, docType board => SKIP JSON Parse error: Unexpected identifier "You"
[23:48:37] a settings page with labelled toggles and a save button, docType settings => SKIP JSON Parse error: Unexpected identifier "You"
[23:48:39] an operations dashboard with three KPI stat tiles, a line chart and a data table, docType dashboard => SKIP JSON Parse error: Unexpected identifier "You"
[23:48:41] a product catalog with a searchable data table of products, docType catalog => SKIP JSON Parse error: Unexpected identifier "You"
[23:48:43] an invoice with a line-item data table and a totals row, docType invoice => SKIP JSON Parse error: Unexpected identifier "You"
[23:48:45] a user profile page with a heading, stats and an activity data table, docType profile => SKIP JSON Parse error: Unexpected identifier "You"
[23:48:48] a survey form with several questions and a submit button, docType form => SKIP JSON Parse error: Unexpected identifier "You"
[23:48:50] a contact form with name, email and message fields, docType form => SKIP JSON Parse error: Unexpected identifier "You"
[23:48:52] a kanban board with three columns of task cards, docType board => SKIP JSON Parse error: Unexpected identifier "You"
[23:48:54] a settings page with labelled toggles and a save button, docType settings => SKIP JSON Parse error: Unexpected identifier "You"
[23:48:57] an operations dashboard with three KPI stat tiles, a line chart and a data table, docType dashboard => SKIP JSON Parse error: Unexpected identifier "You"
[23:49:00] a product catalog with a searchable data table of products, docType catalog => SKIP JSON Parse error: Unexpected identifier "You"
[23:49:02] an invoice with a line-item data table and a totals row, docType invoice => SKIP JSON Parse error: Unexpected identifier "You"
[23:49:04] a user profile page with a heading, stats and an activity data table, docType profile => SKIP JSON Parse error: Unexpected identifier "You"
[23:49:07] a survey form with several questions and a submit button, docType form => SKIP JSON Parse error: Unexpected identifier "You"
[23:49:09] a contact form with name, email and message fields, docType form => SKIP JSON Parse error: Unexpected identifier "You"
[23:49:11] a kanban board with three columns of task cards, docType board => SKIP JSON Parse error: Unexpected identifier "You"
[23:49:13] a settings page with labelled toggles and a save button, docType settings => SKIP JSON Parse error: Unexpected identifier "You"
[23:49:15] an operations dashboard with three KPI stat tiles, a line chart and a data table, docType dashboard => SKIP JSON Parse error: Unexpected identifier "You"
[23:49:17] a product catalog with a searchable data table of products, docType catalog => SKIP JSON Parse error: Unexpected identifier "You"
[23:49:20] an invoice with a line-item data table and a totals row, docType invoice => SKIP JSON Parse error: Unexpected identifier "You"
[23:49:22] a user profile page with a heading, stats and an activity data table, docType profile => SKIP JSON Parse error: Unexpected identifier "You"
[23:49:24] a survey form with several questions and a submit button, docType form => SKIP JSON Parse error: Unexpected identifier "You"
[23:49:27] a contact form with name, email and message fields, docType form => SKIP JSON Parse error: Unexpected identifier "You"
[23:49:31] a kanban board with three columns of task cards, docType board => SKIP JSON Parse error: Unexpected identifier "You"
[23:49:33] a settings page with labelled toggles and a save button, docType settings => SKIP JSON Parse error: Unexpected identifier "You"
[23:49:36] an operations dashboard with three KPI stat tiles, a line chart and a data table, docType dashboard => SKIP JSON Parse error: Unexpected identifier "You"
[23:49:38] a product catalog with a searchable data table of products, docType catalog => SKIP JSON Parse error: Unexpected identifier "You"
[23:49:40] an invoice with a line-item data table and a totals row, docType invoice => SKIP JSON Parse error: Unexpected identifier "You"
[23:49:42] a user profile page with a heading, stats and an activity data table, docType profile => SKIP JSON Parse error: Unexpected identifier "You"
[23:49:44] a survey form with several questions and a submit button, docType form => SKIP JSON Parse error: Unexpected identifier "You"
[23:49:47] a contact form with name, email and message fields, docType form => SKIP JSON Parse error: Unexpected identifier "You"
[23:49:53] a kanban board with three columns of task cards, docType board => SKIP JSON Parse error: Unexpected identifier "You"
[23:49:55] a settings page with labelled toggles and a save button, docType settings => SKIP JSON Parse error: Unexpected identifier "You"
[23:49:58] an operations dashboard with three KPI stat tiles, a line chart and a data table, docType dashboard => SKIP JSON Parse error: Unexpected identifier "You"
[23:50:00] a product catalog with a searchable data table of products, docType catalog => SKIP JSON Parse error: Unexpected identifier "You"
[23:50:02] an invoice with a line-item data table and a totals row, docType invoice => SKIP JSON Parse error: Unexpected identifier "You"
[23:50:04] a user profile page with a heading, stats and an activity data table, docType profile => SKIP JSON Parse error: Unexpected identifier "You"
[23:50:06] a survey form with several questions and a submit button, docType form => SKIP JSON Parse error: Unexpected identifier "You"
[23:50:08] a contact form with name, email and message fields, docType form => SKIP JSON Parse error: Unexpected identifier "You"
[23:50:11] a kanban board with three columns of task cards, docType board => SKIP JSON Parse error: Unexpected identifier "You"
[23:50:13] a settings page with labelled toggles and a save button, docType settings => SKIP JSON Parse error: Unexpected identifier "You"
[23:50:15] an operations dashboard with three KPI stat tiles, a line chart and a data table, docType dashboard => SKIP JSON Parse error: Unexpected identifier "You"
[23:50:18] a product catalog with a searchable data table of products, docType catalog => SKIP JSON Parse error: Unexpected identifier "You"
[23:50:20] an invoice with a line-item data table and a totals row, docType invoice => SKIP JSON Parse error: Unexpected identifier "You"
[23:50:29] a user profile page with a heading, stats and an activity data table, docType profile => SKIP JSON Parse error: Unexpected identifier "You"
[23:50:31] a survey form with several questions and a submit button, docType form => SKIP JSON Parse error: Unexpected identifier "You"
[23:50:33] a contact form with name, email and message fields, docType form => SKIP JSON Parse error: Unexpected identifier "You"
[23:50:35] a kanban board with three columns of task cards, docType board => SKIP JSON Parse error: Unexpected identifier "You"
[23:50:38] a settings page with labelled toggles and a save button, docType settings => SKIP JSON Parse error: Unexpected identifier "You"
[23:50:40] an operations dashboard with three KPI stat tiles, a line chart and a data table, docType dashboard => SKIP JSON Parse error: Unexpected identifier "You"
[23:50:42] a product catalog with a searchable data table of products, docType catalog => SKIP JSON Parse error: Unexpected identifier "You"
[23:50:44] an invoice with a line-item data table and a totals row, docType invoice => SKIP JSON Parse error: Unexpected identifier "You"
[23:50:46] a user profile page with a heading, stats and an activity data table, docType profile => SKIP JSON Parse error: Unexpected identifier "You"
[23:50:48] a survey form with several questions and a submit button, docType form => SKIP JSON Parse error: Unexpected identifier "You"
[23:50:51] a contact form with name, email and message fields, docType form => SKIP JSON Parse error: Unexpected identifier "You"
[23:50:53] a kanban board with three columns of task cards, docType board => SKIP JSON Parse error: Unexpected identifier "You"
[23:50:55] a settings page with labelled toggles and a save button, docType settings => SKIP JSON Parse error: Unexpected identifier "You"
[23:50:57] an operations dashboard with three KPI stat tiles, a line chart and a data table, docType dashboard => SKIP JSON Parse error: Unexpected identifier "You"
[23:50:59] a product catalog with a searchable data table of products, docType catalog => SKIP JSON Parse error: Unexpected identifier "You"
[23:51:01] an invoice with a line-item data table and a totals row, docType invoice => SKIP JSON Parse error: Unexpected identifier "You"
[23:51:03] a user profile page with a heading, stats and an activity data table, docType profile => SKIP JSON Parse error: Unexpected identifier "You"
[23:51:06] a survey form with several questions and a submit button, docType form => SKIP JSON Parse error: Unexpected identifier "You"
[23:51:08] a contact form with name, email and message fields, docType form => SKIP JSON Parse error: Unexpected identifier "You"
[23:51:10] a kanban board with three columns of task cards, docType board => SKIP JSON Parse error: Unexpected identifier "You"
[23:51:13] a settings page with labelled toggles and a save button, docType settings => SKIP JSON Parse error: Unexpected identifier "You"
[23:51:16] an operations dashboard with three KPI stat tiles, a line chart and a data table, docType dashboard => SKIP JSON Parse error: Unexpected identifier "You"
[23:51:18] a product catalog with a searchable data table of products, docType catalog => SKIP JSON Parse error: Unexpected identifier "You"
[23:51:20] an invoice with a line-item data table and a totals row, docType invoice => SKIP JSON Parse error: Unexpected identifier "You"
[23:51:22] a user profile page with a heading, stats and an activity data table, docType profile => SKIP JSON Parse error: Unexpected identifier "You"
[23:51:25] a survey form with several questions and a submit button, docType form => SKIP JSON Parse error: Unexpected identifier "You"
[23:51:27] a contact form with name, email and message fields, docType form => SKIP JSON Parse error: Unexpected identifier "You"
[23:51:30] a kanban board with three columns of task cards, docType board => SKIP JSON Parse error: Unexpected identifier "You"
[23:51:33] a settings page with labelled toggles and a save button, docType settings => SKIP JSON Parse error: Unexpected identifier "You"
[23:51:35] an operations dashboard with three KPI stat tiles, a line chart and a data table, docType dashboard => SKIP JSON Parse error: Unexpected identifier "You"
[23:51:37] a product catalog with a searchable data table of products, docType catalog => SKIP JSON Parse error: Unexpected identifier "You"
[23:51:39] an invoice with a line-item data table and a totals row, docType invoice => SKIP JSON Parse error: Unexpected identifier "You"
[23:51:42] a user profile page with a heading, stats and an activity data table, docType profile => SKIP JSON Parse error: Unexpected identifier "You"
[23:51:44] a survey form with several questions and a submit button, docType form => SKIP JSON Parse error: Unexpected identifier "You"
[23:51:46] a contact form with name, email and message fields, docType form => SKIP JSON Parse error: Unexpected identifier "You"
[23:51:49] a kanban board with three columns of task cards, docType board => SKIP JSON Parse error: Unexpected identifier "You"
[23:51:51] a settings page with labelled toggles and a save button, docType settings => SKIP JSON Parse error: Unexpected identifier "You"
[23:51:53] an operations dashboard with three KPI stat tiles, a line chart and a data table, docType dashboard => SKIP JSON Parse error: Unexpected identifier "You"
[23:51:56] a product catalog with a searchable data table of products, docType catalog => SKIP JSON Parse error: Unexpected identifier "You"
[23:51:58] an invoice with a line-item data table and a totals row, docType invoice => SKIP JSON Parse error: Unexpected identifier "You"
[23:52:00] a user profile page with a heading, stats and an activity data table, docType profile => SKIP JSON Parse error: Unexpected identifier "You"
[23:52:03] a survey form with several questions and a submit button, docType form => SKIP JSON Parse error: Unexpected identifier "You"
[23:52:05] a contact form with name, email and message fields, docType form => SKIP JSON Parse error: Unexpected identifier "You"
[23:52:07] a kanban board with three columns of task cards, docType board => SKIP JSON Parse error: Unexpected identifier "You"
[23:52:10] a settings page with labelled toggles and a save button, docType settings => SKIP JSON Parse error: Unexpected identifier "You"
[23:52:12] an operations dashboard with three KPI stat tiles, a line chart and a data table, docType dashboard => SKIP JSON Parse error: Unexpected identifier "You"
[23:52:14] a product catalog with a searchable data table of products, docType catalog => SKIP JSON Parse error: Unexpected identifier "You"
[23:52:17] an invoice with a line-item data table and a totals row, docType invoice => SKIP JSON Parse error: Unexpected identifier "You"
[23:52:19] a user profile page with a heading, stats and an activity data table, docType profile => SKIP JSON Parse error: Unexpected identifier "You"
[23:52:21] a survey form with several questions and a submit button, docType form => SKIP JSON Parse error: Unexpected identifier "You"
[23:52:23] a contact form with name, email and message fields, docType form => SKIP JSON Parse error: Unexpected identifier "You"
[23:52:25] a kanban board with three columns of task cards, docType board => SKIP JSON Parse error: Unexpected identifier "You"
[23:52:28] a settings page with labelled toggles and a save button, docType settings => SKIP JSON Parse error: Unexpected identifier "You"
[23:52:30] an operations dashboard with three KPI stat tiles, a line chart and a data table, docType dashboard => SKIP JSON Parse error: Unexpected identifier "You"
[23:52:32] a product catalog with a searchable data table of products, docType catalog => SKIP JSON Parse error: Unexpected identifier "You"
[23:52:34] an invoice with a line-item data table and a totals row, docType invoice => SKIP JSON Parse error: Unexpected identifier "You"
[23:52:36] a user profile page with a heading, stats and an activity data table, docType profile => SKIP JSON Parse error: Unexpected identifier "You"
[23:52:38] a survey form with several questions and a submit button, docType form => SKIP JSON Parse error: Unexpected identifier "You"
[23:52:40] a contact form with name, email and message fields, docType form => SKIP JSON Parse error: Unexpected identifier "You"
[23:52:42] a kanban board with three columns of task cards, docType board => SKIP JSON Parse error: Unexpected identifier "You"
[23:52:45] a settings page with labelled toggles and a save button, docType settings => SKIP JSON Parse error: Unexpected identifier "You"
[23:52:47] an operations dashboard with three KPI stat tiles, a line chart and a data table, docType dashboard => SKIP JSON Parse error: Unexpected identifier "You"
[23:52:49] a product catalog with a searchable data table of products, docType catalog => SKIP JSON Parse error: Unexpected identifier "You"
[23:52:52] an invoice with a line-item data table and a totals row, docType invoice => SKIP JSON Parse error: Unexpected identifier "You"
[23:52:54] a user profile page with a heading, stats and an activity data table, docType profile => SKIP JSON Parse error: Unexpected identifier "You"
[23:52:57] a survey form with several questions and a submit button, docType form => SKIP JSON Parse error: Unexpected identifier "You"
[23:52:59] a contact form with name, email and message fields, docType form => SKIP JSON Parse error: Unexpected identifier "You"
[23:53:01] a kanban board with three columns of task cards, docType board => SKIP JSON Parse error: Unexpected identifier "You"
[23:53:03] a settings page with labelled toggles and a save button, docType settings => SKIP JSON Parse error: Unexpected identifier "You"
[23:53:05] an operations dashboard with three KPI stat tiles, a line chart and a data table, docType dashboard => SKIP JSON Parse error: Unexpected identifier "You"
[23:53:08] a product catalog with a searchable data table of products, docType catalog => SKIP JSON Parse error: Unexpected identifier "You"
[23:53:10] an invoice with a line-item data table and a totals row, docType invoice => SKIP JSON Parse error: Unexpected identifier "You"
[23:53:13] a user profile page with a heading, stats and an activity data table, docType profile => SKIP JSON Parse error: Unexpected identifier "You"
[23:53:16] a survey form with several questions and a submit button, docType form => SKIP JSON Parse error: Unexpected identifier "You"
[23:53:18] a contact form with name, email and message fields, docType form => SKIP JSON Parse error: Unexpected identifier "You"
[23:53:20] a kanban board with three columns of task cards, docType board => SKIP JSON Parse error: Unexpected identifier "You"
[23:53:22] a settings page with labelled toggles and a save button, docType settings => SKIP JSON Parse error: Unexpected identifier "You"
[23:53:25] an operations dashboard with three KPI stat tiles, a line chart and a data table, docType dashboard => SKIP JSON Parse error: Unexpected identifier "You"
[23:53:27] a product catalog with a searchable data table of products, docType catalog => SKIP JSON Parse error: Unexpected identifier "You"
[23:53:29] an invoice with a line-item data table and a totals row, docType invoice => SKIP JSON Parse error: Unexpected identifier "You"
[23:53:31] a user profile page with a heading, stats and an activity data table, docType profile => SKIP JSON Parse error: Unexpected identifier "You"
[23:53:34] a survey form with several questions and a submit button, docType form => SKIP JSON Parse error: Unexpected identifier "You"
[23:53:37] a contact form with name, email and message fields, docType form => SKIP JSON Parse error: Unexpected identifier "You"
[23:53:39] a kanban board with three columns of task cards, docType board => SKIP JSON Parse error: Unexpected identifier "You"
[23:53:42] a settings page with labelled toggles and a save button, docType settings => SKIP JSON Parse error: Unexpected identifier "You"
[23:53:44] an operations dashboard with three KPI stat tiles, a line chart and a data table, docType dashboard => SKIP JSON Parse error: Unexpected identifier "You"
[23:53:46] a product catalog with a searchable data table of products, docType catalog => SKIP JSON Parse error: Unexpected identifier "You"
[23:53:49] an invoice with a line-item data table and a totals row, docType invoice => SKIP JSON Parse error: Unexpected identifier "You"
[23:53:51] a user profile page with a heading, stats and an activity data table, docType profile => SKIP JSON Parse error: Unexpected identifier "You"
[23:53:53] a survey form with several questions and a submit button, docType form => SKIP JSON Parse error: Unexpected identifier "You"
[23:53:55] a contact form with name, email and message fields, docType form => SKIP JSON Parse error: Unexpected identifier "You"
[23:53:58] a kanban board with three columns of task cards, docType board => SKIP JSON Parse error: Unexpected identifier "You"
[23:54:00] a settings page with labelled toggles and a save button, docType settings => SKIP JSON Parse error: Unexpected identifier "You"
[23:54:03] an operations dashboard with three KPI stat tiles, a line chart and a data table, docType dashboard => SKIP JSON Parse error: Unexpected identifier "You"
[23:54:05] a product catalog with a searchable data table of products, docType catalog => SKIP JSON Parse error: Unexpected identifier "You"
[23:54:08] an invoice with a line-item data table and a totals row, docType invoice => SKIP JSON Parse error: Unexpected identifier "You"
[23:54:10] a user profile page with a heading, stats and an activity data table, docType profile => SKIP JSON Parse error: Unexpected identifier "You"
[23:54:12] a survey form with several questions and a submit button, docType form => SKIP JSON Parse error: Unexpected identifier "You"
[23:54:14] a contact form with name, email and message fields, docType form => SKIP JSON Parse error: Unexpected identifier "You"
[23:54:16] a kanban board with three columns of task cards, docType board => SKIP JSON Parse error: Unexpected identifier "You"
[23:54:19] a settings page with labelled toggles and a save button, docType settings => SKIP JSON Parse error: Unexpected identifier "You"
[23:54:21] an operations dashboard with three KPI stat tiles, a line chart and a data table, docType dashboard => SKIP JSON Parse error: Unexpected identifier "You"
[23:54:23] a product catalog with a searchable data table of products, docType catalog => SKIP JSON Parse error: Unexpected identifier "You"
[23:54:26] an invoice with a line-item data table and a totals row, docType invoice => SKIP JSON Parse error: Unexpected identifier "You"
[23:54:28] a user profile page with a heading, stats and an activity data table, docType profile => SKIP JSON Parse error: Unexpected identifier "You"
[23:54:30] a survey form with several questions and a submit button, docType form => SKIP JSON Parse error: Unexpected identifier "You"
[23:54:32] a contact form with name, email and message fields, docType form => SKIP JSON Parse error: Unexpected identifier "You"
[23:54:34] a kanban board with three columns of task cards, docType board => SKIP JSON Parse error: Unexpected identifier "You"
[23:54:36] a settings page with labelled toggles and a save button, docType settings => SKIP JSON Parse error: Unexpected identifier "You"
[23:54:38] an operations dashboard with three KPI stat tiles, a line chart and a data table, docType dashboard => SKIP JSON Parse error: Unexpected identifier "You"
[23:54:41] a product catalog with a searchable data table of products, docType catalog => SKIP JSON Parse error: Unexpected identifier "You"
[23:54:43] an invoice with a line-item data table and a totals row, docType invoice => SKIP JSON Parse error: Unexpected identifier "You"
[23:54:45] a user profile page with a heading, stats and an activity data table, docType profile => SKIP JSON Parse error: Unexpected identifier "You"
[23:54:48] a survey form with several questions and a submit button, docType form => SKIP JSON Parse error: Unexpected identifier "You"
[23:54:51] a contact form with name, email and message fields, docType form => SKIP JSON Parse error: Unexpected identifier "You"
[23:54:53] a kanban board with three columns of task cards, docType board => SKIP JSON Parse error: Unexpected identifier "You"
[23:54:56] a settings page with labelled toggles and a save button, docType settings => SKIP JSON Parse error: Unexpected identifier "You"
[23:54:58] an operations dashboard with three KPI stat tiles, a line chart and a data table, docType dashboard => SKIP JSON Parse error: Unexpected identifier "You"
[23:55:00] a product catalog with a searchable data table of products, docType catalog => SKIP JSON Parse error: Unexpected identifier "You"
[23:55:02] an invoice with a line-item data table and a totals row, docType invoice => SKIP JSON Parse error: Unexpected identifier "You"
[23:55:05] a user profile page with a heading, stats and an activity data table, docType profile => SKIP JSON Parse error: Unexpected identifier "You"
[23:55:07] a survey form with several questions and a submit button, docType form => SKIP JSON Parse error: Unexpected identifier "You"
[23:55:10] a contact form with name, email and message fields, docType form => SKIP JSON Parse error: Unexpected identifier "You"
[23:55:12] a kanban board with three columns of task cards, docType board => SKIP JSON Parse error: Unexpected identifier "You"
[23:55:14] a settings page with labelled toggles and a save button, docType settings => SKIP JSON Parse error: Unexpected identifier "You"
[23:55:16] an operations dashboard with three KPI stat tiles, a line chart and a data table, docType dashboard => SKIP JSON Parse error: Unexpected identifier "You"
[23:55:19] a product catalog with a searchable data table of products, docType catalog => SKIP JSON Parse error: Unexpected identifier "You"
[23:55:21] an invoice with a line-item data table and a totals row, docType invoice => SKIP JSON Parse error: Unexpected identifier "You"
[23:55:23] a user profile page with a heading, stats and an activity data table, docType profile => SKIP JSON Parse error: Unexpected identifier "You"
[23:55:26] a survey form with several questions and a submit button, docType form => SKIP JSON Parse error: Unexpected identifier "You"
[23:55:28] a contact form with name, email and message fields, docType form => SKIP JSON Parse error: Unexpected identifier "You"
[23:55:31] a kanban board with three columns of task cards, docType board => SKIP JSON Parse error: Unexpected identifier "You"
[23:55:34] a settings page with labelled toggles and a save button, docType settings => SKIP JSON Parse error: Unexpected identifier "You"
[23:55:36] an operations dashboard with three KPI stat tiles, a line chart and a data table, docType dashboard => SKIP JSON Parse error: Unexpected identifier "You"
[23:55:38] a product catalog with a searchable data table of products, docType catalog => SKIP JSON Parse error: Unexpected identifier "You"
[23:55:41] an invoice with a line-item data table and a totals row, docType invoice => SKIP JSON Parse error: Unexpected identifier "You"
[23:55:43] a user profile page with a heading, stats and an activity data table, docType profile => SKIP JSON Parse error: Unexpected identifier "You"
[23:55:46] a survey form with several questions and a submit button, docType form => SKIP JSON Parse error: Unexpected identifier "You"
[23:55:49] a contact form with name, email and message fields, docType form => SKIP JSON Parse error: Unexpected identifier "You"
[23:55:51] a kanban board with three columns of task cards, docType board => SKIP JSON Parse error: Unexpected identifier "You"
[23:55:54] a settings page with labelled toggles and a save button, docType settings => SKIP JSON Parse error: Unexpected identifier "You"
[23:55:56] an operations dashboard with three KPI stat tiles, a line chart and a data table, docType dashboard => SKIP JSON Parse error: Unexpected identifier "You"
[23:55:58] a product catalog with a searchable data table of products, docType catalog => SKIP JSON Parse error: Unexpected identifier "You"
[23:56:00] an invoice with a line-item data table and a totals row, docType invoice => SKIP JSON Parse error: Unexpected identifier "You"
[23:56:02] a user profile page with a heading, stats and an activity data table, docType profile => SKIP JSON Parse error: Unexpected identifier "You"
[23:56:04] a survey form with several questions and a submit button, docType form => SKIP JSON Parse error: Unexpected identifier "You"
[23:56:06] a contact form with name, email and message fields, docType form => SKIP JSON Parse error: Unexpected identifier "You"
[23:56:08] a kanban board with three columns of task cards, docType board => SKIP JSON Parse error: Unexpected identifier "You"
[23:56:10] a settings page with labelled toggles and a save button, docType settings => SKIP JSON Parse error: Unexpected identifier "You"
[23:56:13] an operations dashboard with three KPI stat tiles, a line chart and a data table, docType dashboard => SKIP JSON Parse error: Unexpected identifier "You"
[23:56:15] a product catalog with a searchable data table of products, docType catalog => SKIP JSON Parse error: Unexpected identifier "You"
[23:56:17] an invoice with a line-item data table and a totals row, docType invoice => SKIP JSON Parse error: Unexpected identifier "You"
[23:56:19] a user profile page with a heading, stats and an activity data table, docType profile => SKIP JSON Parse error: Unexpected identifier "You"
[23:56:22] a survey form with several questions and a submit button, docType form => SKIP JSON Parse error: Unexpected identifier "You"
[23:56:24] a contact form with name, email and message fields, docType form => SKIP JSON Parse error: Unexpected identifier "You"
[23:56:26] a kanban board with three columns of task cards, docType board => SKIP JSON Parse error: Unexpected identifier "You"
[23:56:28] a settings page with labelled toggles and a save button, docType settings => SKIP JSON Parse error: Unexpected identifier "You"
[23:56:30] an operations dashboard with three KPI stat tiles, a line chart and a data table, docType dashboard => SKIP JSON Parse error: Unexpected identifier "You"
[23:56:33] a product catalog with a searchable data table of products, docType catalog => SKIP JSON Parse error: Unexpected identifier "You"
[23:56:35] an invoice with a line-item data table and a totals row, docType invoice => SKIP JSON Parse error: Unexpected identifier "You"
[23:56:38] a user profile page with a heading, stats and an activity data table, docType profile => SKIP JSON Parse error: Unexpected identifier "You"
[23:56:40] a survey form with several questions and a submit button, docType form => SKIP JSON Parse error: Unexpected identifier "You"
[23:56:42] a contact form with name, email and message fields, docType form => SKIP JSON Parse error: Unexpected identifier "You"
[23:56:44] a kanban board with three columns of task cards, docType board => SKIP JSON Parse error: Unexpected identifier "You"
[23:56:46] a settings page with labelled toggles and a save button, docType settings => SKIP JSON Parse error: Unexpected identifier "You"
[23:56:48] an operations dashboard with three KPI stat tiles, a line chart and a data table, docType dashboard => SKIP JSON Parse error: Unexpected identifier "You"
[23:56:51] a product catalog with a searchable data table of products, docType catalog => SKIP JSON Parse error: Unexpected identifier "You"
[23:56:53] an invoice with a line-item data table and a totals row, docType invoice => SKIP JSON Parse error: Unexpected identifier "You"
[23:56:55] a user profile page with a heading, stats and an activity data table, docType profile => SKIP JSON Parse error: Unexpected identifier "You"
[23:56:58] a survey form with several questions and a submit button, docType form => SKIP JSON Parse error: Unexpected identifier "You"
[23:57:00] a contact form with name, email and message fields, docType form => SKIP JSON Parse error: Unexpected identifier "You"
[23:57:02] a kanban board with three columns of task cards, docType board => SKIP JSON Parse error: Unexpected identifier "You"
[23:57:04] a settings page with labelled toggles and a save button, docType settings => SKIP JSON Parse error: Unexpected identifier "You"
[23:57:06] an operations dashboard with three KPI stat tiles, a line chart and a data table, docType dashboard => SKIP JSON Parse error: Unexpected identifier "You"
[23:57:08] a product catalog with a searchable data table of products, docType catalog => SKIP JSON Parse error: Unexpected identifier "You"
[23:57:11] an invoice with a line-item data table and a totals row, docType invoice => SKIP JSON Parse error: Unexpected identifier "You"
[23:57:13] a user profile page with a heading, stats and an activity data table, docType profile => SKIP JSON Parse error: Unexpected identifier "You"
[23:57:16] a survey form with several questions and a submit button, docType form => SKIP JSON Parse error: Unexpected identifier "You"
[23:57:18] a contact form with name, email and message fields, docType form => SKIP JSON Parse error: Unexpected identifier "You"
[23:57:20] a kanban board with three columns of task cards, docType board => SKIP JSON Parse error: Unexpected identifier "You"
[23:57:22] a settings page with labelled toggles and a save button, docType settings => SKIP JSON Parse error: Unexpected identifier "You"
[23:57:24] an operations dashboard with three KPI stat tiles, a line chart and a data table, docType dashboard => SKIP JSON Parse error: Unexpected identifier "You"
[23:57:27] a product catalog with a searchable data table of products, docType catalog => SKIP JSON Parse error: Unexpected identifier "You"
[23:57:29] an invoice with a line-item data table and a totals row, docType invoice => SKIP JSON Parse error: Unexpected identifier "You"
[23:57:31] a user profile page with a heading, stats and an activity data table, docType profile => SKIP JSON Parse error: Unexpected identifier "You"
[23:57:33] a survey form with several questions and a submit button, docType form => SKIP JSON Parse error: Unexpected identifier "You"
[23:57:35] a contact form with name, email and message fields, docType form => SKIP JSON Parse error: Unexpected identifier "You"
[23:57:37] a kanban board with three columns of task cards, docType board => SKIP JSON Parse error: Unexpected identifier "You"
[23:57:40] a settings page with labelled toggles and a save button, docType settings => SKIP JSON Parse error: Unexpected identifier "You"
[23:57:42] an operations dashboard with three KPI stat tiles, a line chart and a data table, docType dashboard => SKIP JSON Parse error: Unexpected identifier "You"
[23:57:44] a product catalog with a searchable data table of products, docType catalog => SKIP JSON Parse error: Unexpected identifier "You"
[23:57:46] an invoice with a line-item data table and a totals row, docType invoice => SKIP JSON Parse error: Unexpected identifier "You"
[23:57:48] a user profile page with a heading, stats and an activity data table, docType profile => SKIP JSON Parse error: Unexpected identifier "You"
[23:57:50] a survey form with several questions and a submit button, docType form => SKIP JSON Parse error: Unexpected identifier "You"
[23:57:53] a contact form with name, email and message fields, docType form => SKIP JSON Parse error: Unexpected identifier "You"
[23:57:56] a kanban board with three columns of task cards, docType board => SKIP JSON Parse error: Unexpected identifier "You"
[23:57:58] a settings page with labelled toggles and a save button, docType settings => SKIP JSON Parse error: Unexpected identifier "You"
[23:58:00] an operations dashboard with three KPI stat tiles, a line chart and a data table, docType dashboard => SKIP JSON Parse error: Unexpected identifier "You"
[23:58:02] a product catalog with a searchable data table of products, docType catalog => SKIP JSON Parse error: Unexpected identifier "You"
[23:58:04] an invoice with a line-item data table and a totals row, docType invoice => SKIP JSON Parse error: Unexpected identifier "You"
[23:58:07] a user profile page with a heading, stats and an activity data table, docType profile => SKIP JSON Parse error: Unexpected identifier "You"
[23:58:09] a survey form with several questions and a submit button, docType form => SKIP JSON Parse error: Unexpected identifier "You"
[23:58:11] a contact form with name, email and message fields, docType form => SKIP JSON Parse error: Unexpected identifier "You"
[23:58:13] a kanban board with three columns of task cards, docType board => SKIP JSON Parse error: Unexpected identifier "You"
[23:58:16] a settings page with labelled toggles and a save button, docType settings => SKIP JSON Parse error: Unexpected identifier "You"
[23:58:18] an operations dashboard with three KPI stat tiles, a line chart and a data table, docType dashboard => SKIP JSON Parse error: Unexpected identifier "You"
[23:58:20] a product catalog with a searchable data table of products, docType catalog => SKIP JSON Parse error: Unexpected identifier "You"
[23:58:22] an invoice with a line-item data table and a totals row, docType invoice => SKIP JSON Parse error: Unexpected identifier "You"
[23:58:24] a user profile page with a heading, stats and an activity data table, docType profile => SKIP JSON Parse error: Unexpected identifier "You"
[23:58:30] a survey form with several questions and a submit button, docType form => SKIP JSON Parse error: Unexpected identifier "You"
[23:58:32] a contact form with name, email and message fields, docType form => SKIP JSON Parse error: Unexpected identifier "You"
[23:58:34] a kanban board with three columns of task cards, docType board => SKIP JSON Parse error: Unexpected identifier "You"
[23:58:36] a settings page with labelled toggles and a save button, docType settings => SKIP JSON Parse error: Unexpected identifier "You"
[23:58:38] an operations dashboard with three KPI stat tiles, a line chart and a data table, docType dashboard => SKIP JSON Parse error: Unexpected identifier "You"
[23:58:41] a product catalog with a searchable data table of products, docType catalog => SKIP JSON Parse error: Unexpected identifier "You"
[23:58:43] an invoice with a line-item data table and a totals row, docType invoice => SKIP JSON Parse error: Unexpected identifier "You"
[23:58:45] a user profile page with a heading, stats and an activity data table, docType profile => SKIP JSON Parse error: Unexpected identifier "You"
[23:58:47] a survey form with several questions and a submit button, docType form => SKIP JSON Parse error: Unexpected identifier "You"
[23:58:50] a contact form with name, email and message fields, docType form => SKIP JSON Parse error: Unexpected identifier "You"
[23:58:52] a kanban board with three columns of task cards, docType board => SKIP JSON Parse error: Unexpected identifier "You"
[23:58:54] a settings page with labelled toggles and a save button, docType settings => SKIP JSON Parse error: Unexpected identifier "You"
[23:58:57] an operations dashboard with three KPI stat tiles, a line chart and a data table, docType dashboard => SKIP JSON Parse error: Unexpected identifier "You"
[23:58:59] a product catalog with a searchable data table of products, docType catalog => SKIP JSON Parse error: Unexpected identifier "You"
[23:59:01] an invoice with a line-item data table and a totals row, docType invoice => SKIP JSON Parse error: Unexpected identifier "You"
[23:59:03] a user profile page with a heading, stats and an activity data table, docType profile => SKIP JSON Parse error: Unexpected identifier "You"
[23:59:05] a survey form with several questions and a submit button, docType form => SKIP JSON Parse error: Unexpected identifier "You"
[23:59:08] a contact form with name, email and message fields, docType form => SKIP JSON Parse error: Unexpected identifier "You"
[23:59:10] a kanban board with three columns of task cards, docType board => SKIP JSON Parse error: Unexpected identifier "You"
[23:59:13] a settings page with labelled toggles and a save button, docType settings => SKIP JSON Parse error: Unexpected identifier "You"
[23:59:15] an operations dashboard with three KPI stat tiles, a line chart and a data table, docType dashboard => SKIP JSON Parse error: Unexpected identifier "You"
[23:59:18] a product catalog with a searchable data table of products, docType catalog => SKIP JSON Parse error: Unexpected identifier "You"
[23:59:21] an invoice with a line-item data table and a totals row, docType invoice => SKIP JSON Parse error: Unexpected identifier "You"
[23:59:23] a user profile page with a heading, stats and an activity data table, docType profile => SKIP JSON Parse error: Unexpected identifier "You"
[23:59:25] a survey form with several questions and a submit button, docType form => SKIP JSON Parse error: Unexpected identifier "You"
[23:59:27] a contact form with name, email and message fields, docType form => SKIP JSON Parse error: Unexpected identifier "You"
[23:59:30] a kanban board with three columns of task cards, docType board => SKIP JSON Parse error: Unexpected identifier "You"
[23:59:32] a settings page with labelled toggles and a save button, docType settings => SKIP JSON Parse error: Unexpected identifier "You"
[23:59:34] an operations dashboard with three KPI stat tiles, a line chart and a data table, docType dashboard => SKIP JSON Parse error: Unexpected identifier "You"
[23:59:36] a product catalog with a searchable data table of products, docType catalog => SKIP JSON Parse error: Unexpected identifier "You"
[23:59:40] an invoice with a line-item data table and a totals row, docType invoice => SKIP JSON Parse error: Unexpected identifier "You"
[23:59:43] a user profile page with a heading, stats and an activity data table, docType profile => SKIP JSON Parse error: Unexpected identifier "You"
[23:59:45] a survey form with several questions and a submit button, docType form => SKIP JSON Parse error: Unexpected identifier "You"
[23:59:47] a contact form with name, email and message fields, docType form => SKIP JSON Parse error: Unexpected identifier "You"
[23:59:49] a kanban board with three columns of task cards, docType board => SKIP JSON Parse error: Unexpected identifier "You"
[23:59:51] a settings page with labelled toggles and a save button, docType settings => SKIP JSON Parse error: Unexpected identifier "You"
[23:59:54] an operations dashboard with three KPI stat tiles, a line chart and a data table, docType dashboard => SKIP JSON Parse error: Unexpected identifier "You"
[23:59:56] a product catalog with a searchable data table of products, docType catalog => SKIP JSON Parse error: Unexpected identifier "You"
[23:59:58] an invoice with a line-item data table and a totals row, docType invoice => SKIP JSON Parse error: Unexpected identifier "You"
[00:00:00] a user profile page with a heading, stats and an activity data table, docType profile => SKIP JSON Parse error: Unexpected identifier "You"
[00:00:03] a survey form with several questions and a submit button, docType form => SKIP JSON Parse error: Unexpected identifier "You"
[00:00:05] a contact form with name, email and message fields, docType form => SKIP JSON Parse error: Unexpected identifier "You"
[00:00:07] a kanban board with three columns of task cards, docType board => SKIP JSON Parse error: Unexpected identifier "You"
[00:00:09] a settings page with labelled toggles and a save button, docType settings => SKIP JSON Parse error: Unexpected identifier "You"
[00:00:12] an operations dashboard with three KPI stat tiles, a line chart and a data table, docType dashboard => SKIP JSON Parse error: Unexpected identifier "You"
[00:00:14] a product catalog with a searchable data table of products, docType catalog => SKIP JSON Parse error: Unexpected identifier "You"
[00:00:16] an invoice with a line-item data table and a totals row, docType invoice => SKIP JSON Parse error: Unexpected identifier "You"
[00:00:18] a user profile page with a heading, stats and an activity data table, docType profile => SKIP JSON Parse error: Unexpected identifier "You"
[00:00:21] a survey form with several questions and a submit button, docType form => SKIP JSON Parse error: Unexpected identifier "You"
[00:00:23] a contact form with name, email and message fields, docType form => SKIP JSON Parse error: Unexpected identifier "You"
[00:00:25] a kanban board with three columns of task cards, docType board => SKIP JSON Parse error: Unexpected identifier "You"
[00:00:28] a settings page with labelled toggles and a save button, docType settings => SKIP JSON Parse error: Unexpected identifier "You"
[00:00:30] an operations dashboard with three KPI stat tiles, a line chart and a data table, docType dashboard => SKIP JSON Parse error: Unexpected identifier "You"
[00:00:32] a product catalog with a searchable data table of products, docType catalog => SKIP JSON Parse error: Unexpected identifier "You"
[00:00:35] an invoice with a line-item data table and a totals row, docType invoice => SKIP JSON Parse error: Unexpected identifier "You"
[00:00:37] a user profile page with a heading, stats and an activity data table, docType profile => SKIP JSON Parse error: Unexpected identifier "You"
[00:00:39] a survey form with several questions and a submit button, docType form => SKIP JSON Parse error: Unexpected identifier "You"
[00:00:41] a contact form with name, email and message fields, docType form => SKIP JSON Parse error: Unexpected identifier "You"
[00:00:43] a kanban board with three columns of task cards, docType board => SKIP JSON Parse error: Unexpected identifier "You"
[00:00:45] a settings page with labelled toggles and a save button, docType settings => SKIP JSON Parse error: Unexpected identifier "You"
[00:00:48] an operations dashboard with three KPI stat tiles, a line chart and a data table, docType dashboard => SKIP JSON Parse error: Unexpected identifier "You"
[00:00:50] a product catalog with a searchable data table of products, docType catalog => SKIP JSON Parse error: Unexpected identifier "You"
[00:00:53] an invoice with a line-item data table and a totals row, docType invoice => SKIP JSON Parse error: Unexpected identifier "You"
[00:00:55] a user profile page with a heading, stats and an activity data table, docType profile => SKIP JSON Parse error: Unexpected identifier "You"
[00:00:59] a survey form with several questions and a submit button, docType form => SKIP JSON Parse error: Unexpected identifier "You"
[00:01:02] a contact form with name, email and message fields, docType form => SKIP JSON Parse error: Unexpected identifier "You"
[00:01:04] a kanban board with three columns of task cards, docType board => SKIP JSON Parse error: Unexpected identifier "You"
[00:01:06] a settings page with labelled toggles and a save button, docType settings => SKIP JSON Parse error: Unexpected identifier "You"
[00:01:09] an operations dashboard with three KPI stat tiles, a line chart and a data table, docType dashboard => SKIP JSON Parse error: Unexpected identifier "You"
[00:01:11] a product catalog with a searchable data table of products, docType catalog => SKIP JSON Parse error: Unexpected identifier "You"
[00:01:14] an invoice with a line-item data table and a totals row, docType invoice => SKIP JSON Parse error: Unexpected identifier "You"
[00:01:16] a user profile page with a heading, stats and an activity data table, docType profile => SKIP JSON Parse error: Unexpected identifier "You"
[00:01:18] a survey form with several questions and a submit button, docType form => SKIP JSON Parse error: Unexpected identifier "You"
[00:01:20] a contact form with name, email and message fields, docType form => SKIP JSON Parse error: Unexpected identifier "You"
[00:01:22] a kanban board with three columns of task cards, docType board => SKIP JSON Parse error: Unexpected identifier "You"
[00:01:24] a settings page with labelled toggles and a save button, docType settings => SKIP JSON Parse error: Unexpected identifier "You"
[00:01:26] an operations dashboard with three KPI stat tiles, a line chart and a data table, docType dashboard => SKIP JSON Parse error: Unexpected identifier "You"
[00:01:29] a product catalog with a searchable data table of products, docType catalog => SKIP JSON Parse error: Unexpected identifier "You"
[00:01:32] an invoice with a line-item data table and a totals row, docType invoice => SKIP JSON Parse error: Unexpected identifier "You"
[00:01:34] a user profile page with a heading, stats and an activity data table, docType profile => SKIP JSON Parse error: Unexpected identifier "You"
[00:01:36] a survey form with several questions and a submit button, docType form => SKIP JSON Parse error: Unexpected identifier "You"
[00:01:38] a contact form with name, email and message fields, docType form => SKIP JSON Parse error: Unexpected identifier "You"
[00:01:41] a kanban board with three columns of task cards, docType board => SKIP JSON Parse error: Unexpected identifier "You"
[00:01:46] a settings page with labelled toggles and a save button, docType settings => SKIP JSON Parse error: Unexpected identifier "You"
[00:01:48] an operations dashboard with three KPI stat tiles, a line chart and a data table, docType dashboard => SKIP JSON Parse error: Unexpected identifier "You"
[00:01:50] a product catalog with a searchable data table of products, docType catalog => SKIP JSON Parse error: Unexpected identifier "You"
[00:01:52] an invoice with a line-item data table and a totals row, docType invoice => SKIP JSON Parse error: Unexpected identifier "You"
[00:01:54] a user profile page with a heading, stats and an activity data table, docType profile => SKIP JSON Parse error: Unexpected identifier "You"
[00:01:57] a survey form with several questions and a submit button, docType form => SKIP JSON Parse error: Unexpected identifier "You"
[00:01:59] a contact form with name, email and message fields, docType form => SKIP JSON Parse error: Unexpected identifier "You"
[00:02:01] a kanban board with three columns of task cards, docType board => SKIP JSON Parse error: Unexpected identifier "You"
[00:02:03] a settings page with labelled toggles and a save button, docType settings => SKIP JSON Parse error: Unexpected identifier "You"
[00:02:06] an operations dashboard with three KPI stat tiles, a line chart and a data table, docType dashboard => SKIP JSON Parse error: Unexpected identifier "You"
[00:02:08] a product catalog with a searchable data table of products, docType catalog => SKIP JSON Parse error: Unexpected identifier "You"
[00:02:10] an invoice with a line-item data table and a totals row, docType invoice => SKIP JSON Parse error: Unexpected identifier "You"
[00:02:12] a user profile page with a heading, stats and an activity data table, docType profile => SKIP JSON Parse error: Unexpected identifier "You"
[00:02:14] a survey form with several questions and a submit button, docType form => SKIP JSON Parse error: Unexpected identifier "You"
[00:02:16] a contact form with name, email and message fields, docType form => SKIP JSON Parse error: Unexpected identifier "You"
[00:02:18] a kanban board with three columns of task cards, docType board => SKIP JSON Parse error: Unexpected identifier "You"
[00:02:20] a settings page with labelled toggles and a save button, docType settings => SKIP JSON Parse error: Unexpected identifier "You"
[00:02:22] an operations dashboard with three KPI stat tiles, a line chart and a data table, docType dashboard => SKIP JSON Parse error: Unexpected identifier "You"
[00:02:24] a product catalog with a searchable data table of products, docType catalog => SKIP JSON Parse error: Unexpected identifier "You"
[00:02:27] an invoice with a line-item data table and a totals row, docType invoice => SKIP JSON Parse error: Unexpected identifier "You"
[00:02:29] a user profile page with a heading, stats and an activity data table, docType profile => SKIP JSON Parse error: Unexpected identifier "You"
[00:02:32] a survey form with several questions and a submit button, docType form => SKIP JSON Parse error: Unexpected identifier "You"
[00:02:34] a contact form with name, email and message fields, docType form => SKIP JSON Parse error: Unexpected identifier "You"
[00:02:37] a kanban board with three columns of task cards, docType board => SKIP JSON Parse error: Unexpected identifier "You"
[00:02:43] a settings page with labelled toggles and a save button, docType settings => SKIP JSON Parse error: Unexpected identifier "You"
[00:02:46] an operations dashboard with three KPI stat tiles, a line chart and a data table, docType dashboard => SKIP JSON Parse error: Unexpected identifier "You"
[00:02:48] a product catalog with a searchable data table of products, docType catalog => SKIP JSON Parse error: Unexpected identifier "You"
[00:02:50] an invoice with a line-item data table and a totals row, docType invoice => SKIP JSON Parse error: Unexpected identifier "You"
[00:02:52] a user profile page with a heading, stats and an activity data table, docType profile => SKIP JSON Parse error: Unexpected identifier "You"
[00:02:54] a survey form with several questions and a submit button, docType form => SKIP JSON Parse error: Unexpected identifier "You"
[00:02:56] a contact form with name, email and message fields, docType form => SKIP JSON Parse error: Unexpected identifier "You"
[00:02:59] a kanban board with three columns of task cards, docType board => SKIP JSON Parse error: Unexpected identifier "You"
[00:03:01] a settings page with labelled toggles and a save button, docType settings => SKIP JSON Parse error: Unexpected identifier "You"
[00:03:03] an operations dashboard with three KPI stat tiles, a line chart and a data table, docType dashboard => SKIP JSON Parse error: Unexpected identifier "You"
[00:03:06] a product catalog with a searchable data table of products, docType catalog => SKIP JSON Parse error: Unexpected identifier "You"
[00:03:08] an invoice with a line-item data table and a totals row, docType invoice => SKIP JSON Parse error: Unexpected identifier "You"
[00:03:11] a user profile page with a heading, stats and an activity data table, docType profile => SKIP JSON Parse error: Unexpected identifier "You"
[00:03:13] a survey form with several questions and a submit button, docType form => SKIP JSON Parse error: Unexpected identifier "You"
[00:03:15] a contact form with name, email and message fields, docType form => SKIP JSON Parse error: Unexpected identifier "You"
[00:03:17] a kanban board with three columns of task cards, docType board => SKIP JSON Parse error: Unexpected identifier "You"
[00:03:20] a settings page with labelled toggles and a save button, docType settings => SKIP JSON Parse error: Unexpected identifier "You"
[00:03:22] an operations dashboard with three KPI stat tiles, a line chart and a data table, docType dashboard => SKIP JSON Parse error: Unexpected identifier "You"
[00:03:25] a product catalog with a searchable data table of products, docType catalog => SKIP JSON Parse error: Unexpected identifier "You"
[00:03:27] an invoice with a line-item data table and a totals row, docType invoice => SKIP JSON Parse error: Unexpected identifier "You"
[00:03:30] a user profile page with a heading, stats and an activity data table, docType profile => SKIP JSON Parse error: Unexpected identifier "You"
[00:03:32] a survey form with several questions and a submit button, docType form => SKIP JSON Parse error: Unexpected identifier "You"
[00:03:34] a contact form with name, email and message fields, docType form => SKIP JSON Parse error: Unexpected identifier "You"
[00:03:36] a kanban board with three columns of task cards, docType board => SKIP JSON Parse error: Unexpected identifier "You"
[00:03:39] a settings page with labelled toggles and a save button, docType settings => SKIP JSON Parse error: Unexpected identifier "You"
[00:03:41] an operations dashboard with three KPI stat tiles, a line chart and a data table, docType dashboard => SKIP JSON Parse error: Unexpected identifier "You"
[00:03:43] a product catalog with a searchable data table of products, docType catalog => SKIP JSON Parse error: Unexpected identifier "You"
[00:03:45] an invoice with a line-item data table and a totals row, docType invoice => SKIP JSON Parse error: Unexpected identifier "You"
[00:03:47] a user profile page with a heading, stats and an activity data table, docType profile => SKIP JSON Parse error: Unexpected identifier "You"
[00:03:50] a survey form with several questions and a submit button, docType form => SKIP JSON Parse error: Unexpected identifier "You"
[00:03:52] a contact form with name, email and message fields, docType form => SKIP JSON Parse error: Unexpected identifier "You"
[00:03:55] a kanban board with three columns of task cards, docType board => SKIP JSON Parse error: Unexpected identifier "You"
[00:03:57] a settings page with labelled toggles and a save button, docType settings => SKIP JSON Parse error: Unexpected identifier "You"
[00:03:59] an operations dashboard with three KPI stat tiles, a line chart and a data table, docType dashboard => SKIP JSON Parse error: Unexpected identifier "You"
[00:04:02] a product catalog with a searchable data table of products, docType catalog => SKIP JSON Parse error: Unexpected identifier "You"
[00:04:04] an invoice with a line-item data table and a totals row, docType invoice => SKIP JSON Parse error: Unexpected identifier "You"
[00:04:06] a user profile page with a heading, stats and an activity data table, docType profile => SKIP JSON Parse error: Unexpected identifier "You"
[00:04:08] a survey form with several questions and a submit button, docType form => SKIP JSON Parse error: Unexpected identifier "You"
[00:04:10] a contact form with name, email and message fields, docType form => SKIP JSON Parse error: Unexpected identifier "You"
[00:04:13] a kanban board with three columns of task cards, docType board => SKIP JSON Parse error: Unexpected identifier "You"
[00:04:15] a settings page with labelled toggles and a save button, docType settings => SKIP JSON Parse error: Unexpected identifier "You"
[00:04:17] an operations dashboard with three KPI stat tiles, a line chart and a data table, docType dashboard => SKIP JSON Parse error: Unexpected identifier "You"
[00:04:20] a product catalog with a searchable data table of products, docType catalog => SKIP JSON Parse error: Unexpected identifier "You"
[00:04:22] an invoice with a line-item data table and a totals row, docType invoice => SKIP JSON Parse error: Unexpected identifier "You"
[00:04:26] a user profile page with a heading, stats and an activity data table, docType profile => SKIP JSON Parse error: Unexpected identifier "You"
[00:04:28] a survey form with several questions and a submit button, docType form => SKIP JSON Parse error: Unexpected identifier "You"
[00:04:30] a contact form with name, email and message fields, docType form => SKIP JSON Parse error: Unexpected identifier "You"
[00:04:32] a kanban board with three columns of task cards, docType board => SKIP JSON Parse error: Unexpected identifier "You"
[00:04:34] a settings page with labelled toggles and a save button, docType settings => SKIP JSON Parse error: Unexpected identifier "You"
[00:04:37] an operations dashboard with three KPI stat tiles, a line chart and a data table, docType dashboard => SKIP JSON Parse error: Unexpected identifier "You"
[00:04:39] a product catalog with a searchable data table of products, docType catalog => SKIP JSON Parse error: Unexpected identifier "You"
[00:04:41] an invoice with a line-item data table and a totals row, docType invoice => SKIP JSON Parse error: Unexpected identifier "You"
[00:04:43] a user profile page with a heading, stats and an activity data table, docType profile => SKIP JSON Parse error: Unexpected identifier "You"
[00:04:45] a survey form with several questions and a submit button, docType form => SKIP JSON Parse error: Unexpected identifier "You"
[00:04:47] a contact form with name, email and message fields, docType form => SKIP JSON Parse error: Unexpected identifier "You"
[00:04:50] a kanban board with three columns of task cards, docType board => SKIP JSON Parse error: Unexpected identifier "You"
[00:04:52] a settings page with labelled toggles and a save button, docType settings => SKIP JSON Parse error: Unexpected identifier "You"
[00:04:54] an operations dashboard with three KPI stat tiles, a line chart and a data table, docType dashboard => SKIP JSON Parse error: Unexpected identifier "You"
[00:04:57] a product catalog with a searchable data table of products, docType catalog => SKIP JSON Parse error: Unexpected identifier "You"
[00:04:59] an invoice with a line-item data table and a totals row, docType invoice => SKIP JSON Parse error: Unexpected identifier "You"
[00:05:01] a user profile page with a heading, stats and an activity data table, docType profile => SKIP JSON Parse error: Unexpected identifier "You"
[00:05:03] a survey form with several questions and a submit button, docType form => SKIP JSON Parse error: Unexpected identifier "You"
[00:05:05] a contact form with name, email and message fields, docType form => SKIP JSON Parse error: Unexpected identifier "You"
[00:05:10] a kanban board with three columns of task cards, docType board => SKIP JSON Parse error: Unexpected identifier "You"
[00:05:12] a settings page with labelled toggles and a save button, docType settings => SKIP JSON Parse error: Unexpected identifier "You"
[00:05:15] an operations dashboard with three KPI stat tiles, a line chart and a data table, docType dashboard => SKIP JSON Parse error: Unexpected identifier "You"
[00:05:18] a product catalog with a searchable data table of products, docType catalog => SKIP JSON Parse error: Unexpected identifier "You"
[00:05:20] an invoice with a line-item data table and a totals row, docType invoice => SKIP JSON Parse error: Unexpected identifier "You"
[00:05:23] a user profile page with a heading, stats and an activity data table, docType profile => SKIP JSON Parse error: Unexpected identifier "You"
[00:05:25] a survey form with several questions and a submit button, docType form => SKIP JSON Parse error: Unexpected identifier "You"
[00:05:27] a contact form with name, email and message fields, docType form => SKIP JSON Parse error: Unexpected identifier "You"
[00:05:29] a kanban board with three columns of task cards, docType board => SKIP JSON Parse error: Unexpected identifier "You"
[00:05:31] a settings page with labelled toggles and a save button, docType settings => SKIP JSON Parse error: Unexpected identifier "You"
[00:05:34] an operations dashboard with three KPI stat tiles, a line chart and a data table, docType dashboard => SKIP JSON Parse error: Unexpected identifier "You"
[00:05:36] a product catalog with a searchable data table of products, docType catalog => SKIP JSON Parse error: Unexpected identifier "You"
[00:05:38] an invoice with a line-item data table and a totals row, docType invoice => SKIP JSON Parse error: Unexpected identifier "You"
[00:05:41] a user profile page with a heading, stats and an activity data table, docType profile => SKIP JSON Parse error: Unexpected identifier "You"
[00:05:43] a survey form with several questions and a submit button, docType form => SKIP JSON Parse error: Unexpected identifier "You"
[00:05:46] a contact form with name, email and message fields, docType form => SKIP JSON Parse error: Unexpected identifier "You"
[00:05:48] a kanban board with three columns of task cards, docType board => SKIP JSON Parse error: Unexpected identifier "You"
[00:05:50] a settings page with labelled toggles and a save button, docType settings => SKIP JSON Parse error: Unexpected identifier "You"
[00:05:52] an operations dashboard with three KPI stat tiles, a line chart and a data table, docType dashboard => SKIP JSON Parse error: Unexpected identifier "You"
[00:05:54] a product catalog with a searchable data table of products, docType catalog => SKIP JSON Parse error: Unexpected identifier "You"
[00:05:57] an invoice with a line-item data table and a totals row, docType invoice => SKIP JSON Parse error: Unexpected identifier "You"
[00:05:59] a user profile page with a heading, stats and an activity data table, docType profile => SKIP JSON Parse error: Unexpected identifier "You"
[00:06:01] a survey form with several questions and a submit button, docType form => SKIP JSON Parse error: Unexpected identifier "You"
[00:06:04] a contact form with name, email and message fields, docType form => SKIP JSON Parse error: Unexpected identifier "You"
[00:06:06] a kanban board with three columns of task cards, docType board => SKIP JSON Parse error: Unexpected identifier "You"
[00:06:08] a settings page with labelled toggles and a save button, docType settings => SKIP JSON Parse error: Unexpected identifier "You"
[00:06:10] an operations dashboard with three KPI stat tiles, a line chart and a data table, docType dashboard => SKIP JSON Parse error: Unexpected identifier "You"
[00:06:12] a product catalog with a searchable data table of products, docType catalog => SKIP JSON Parse error: Unexpected identifier "You"
[00:06:15] an invoice with a line-item data table and a totals row, docType invoice => SKIP JSON Parse error: Unexpected identifier "You"
[00:06:17] a user profile page with a heading, stats and an activity data table, docType profile => SKIP JSON Parse error: Unexpected identifier "You"
[00:06:20] a survey form with several questions and a submit button, docType form => SKIP JSON Parse error: Unexpected identifier "You"
[00:06:22] a contact form with name, email and message fields, docType form => SKIP JSON Parse error: Unexpected identifier "You"
[00:06:24] a kanban board with three columns of task cards, docType board => SKIP JSON Parse error: Unexpected identifier "You"
[00:06:27] a settings page with labelled toggles and a save button, docType settings => SKIP JSON Parse error: Unexpected identifier "You"
[00:06:29] an operations dashboard with three KPI stat tiles, a line chart and a data table, docType dashboard => SKIP JSON Parse error: Unexpected identifier "You"
[00:06:36] a product catalog with a searchable data table of products, docType catalog => SKIP JSON Parse error: Unexpected identifier "You"
[00:06:39] an invoice with a line-item data table and a totals row, docType invoice => SKIP JSON Parse error: Unexpected identifier "You"
[00:06:41] a user profile page with a heading, stats and an activity data table, docType profile => SKIP JSON Parse error: Unexpected identifier "You"
[00:06:43] a survey form with several questions and a submit button, docType form => SKIP JSON Parse error: Unexpected identifier "You"
[00:06:45] a contact form with name, email and message fields, docType form => SKIP JSON Parse error: Unexpected identifier "You"
[00:06:47] a kanban board with three columns of task cards, docType board => SKIP JSON Parse error: Unexpected identifier "You"
[00:06:50] a settings page with labelled toggles and a save button, docType settings => SKIP JSON Parse error: Unexpected identifier "You"
[00:06:52] an operations dashboard with three KPI stat tiles, a line chart and a data table, docType dashboard => SKIP JSON Parse error: Unexpected identifier "You"
[00:06:54] a product catalog with a searchable data table of products, docType catalog => SKIP JSON Parse error: Unexpected identifier "You"
[00:06:57] an invoice with a line-item data table and a totals row, docType invoice => SKIP JSON Parse error: Unexpected identifier "You"
[00:06:59] a user profile page with a heading, stats and an activity data table, docType profile => SKIP JSON Parse error: Unexpected identifier "You"
[00:07:01] a survey form with several questions and a submit button, docType form => SKIP JSON Parse error: Unexpected identifier "You"
[00:07:05] a contact form with name, email and message fields, docType form => SKIP JSON Parse error: Unexpected identifier "You"
[00:07:07] a kanban board with three columns of task cards, docType board => SKIP JSON Parse error: Unexpected identifier "You"
[00:07:09] a settings page with labelled toggles and a save button, docType settings => SKIP JSON Parse error: Unexpected identifier "You"
[00:07:11] an operations dashboard with three KPI stat tiles, a line chart and a data table, docType dashboard => SKIP JSON Parse error: Unexpected identifier "You"
[00:07:13] a product catalog with a searchable data table of products, docType catalog => SKIP JSON Parse error: Unexpected identifier "You"
[00:07:15] an invoice with a line-item data table and a totals row, docType invoice => SKIP JSON Parse error: Unexpected identifier "You"
[00:07:18] a user profile page with a heading, stats and an activity data table, docType profile => SKIP JSON Parse error: Unexpected identifier "You"
[00:07:20] a survey form with several questions and a submit button, docType form => SKIP JSON Parse error: Unexpected identifier "You"
[00:07:22] a contact form with name, email and message fields, docType form => SKIP JSON Parse error: Unexpected identifier "You"
[00:07:24] a kanban board with three columns of task cards, docType board => SKIP JSON Parse error: Unexpected identifier "You"
[00:07:28] a settings page with labelled toggles and a save button, docType settings => SKIP JSON Parse error: Unexpected identifier "You"
[00:07:30] an operations dashboard with three KPI stat tiles, a line chart and a data table, docType dashboard => SKIP JSON Parse error: Unexpected identifier "You"
[00:07:32] a product catalog with a searchable data table of products, docType catalog => SKIP JSON Parse error: Unexpected identifier "You"
[00:07:34] an invoice with a line-item data table and a totals row, docType invoice => SKIP JSON Parse error: Unexpected identifier "You"
[00:07:37] a user profile page with a heading, stats and an activity data table, docType profile => SKIP JSON Parse error: Unexpected identifier "You"
[00:07:39] a survey form with several questions and a submit button, docType form => SKIP JSON Parse error: Unexpected identifier "You"
[00:07:42] a contact form with name, email and message fields, docType form => SKIP JSON Parse error: Unexpected identifier "You"
[00:07:44] a kanban board with three columns of task cards, docType board => SKIP JSON Parse error: Unexpected identifier "You"
[00:07:46] a settings page with labelled toggles and a save button, docType settings => SKIP JSON Parse error: Unexpected identifier "You"
[00:07:48] an operations dashboard with three KPI stat tiles, a line chart and a data table, docType dashboard => SKIP JSON Parse error: Unexpected identifier "You"
[00:07:50] a product catalog with a searchable data table of products, docType catalog => SKIP JSON Parse error: Unexpected identifier "You"
[00:07:52] an invoice with a line-item data table and a totals row, docType invoice => SKIP JSON Parse error: Unexpected identifier "You"
[00:07:55] a user profile page with a heading, stats and an activity data table, docType profile => SKIP JSON Parse error: Unexpected identifier "You"
[00:07:57] a survey form with several questions and a submit button, docType form => SKIP JSON Parse error: Unexpected identifier "You"
[00:07:59] a contact form with name, email and message fields, docType form => SKIP JSON Parse error: Unexpected identifier "You"
[00:08:01] a kanban board with three columns of task cards, docType board => SKIP JSON Parse error: Unexpected identifier "You"
[00:08:03] a settings page with labelled toggles and a save button, docType settings => SKIP JSON Parse error: Unexpected identifier "You"
[00:08:06] an operations dashboard with three KPI stat tiles, a line chart and a data table, docType dashboard => SKIP JSON Parse error: Unexpected identifier "You"
[00:08:08] a product catalog with a searchable data table of products, docType catalog => SKIP JSON Parse error: Unexpected identifier "You"
[00:08:10] an invoice with a line-item data table and a totals row, docType invoice => SKIP JSON Parse error: Unexpected identifier "You"
[00:08:13] a user profile page with a heading, stats and an activity data table, docType profile => SKIP JSON Parse error: Unexpected identifier "You"
[00:08:15] a survey form with several questions and a submit button, docType form => SKIP JSON Parse error: Unexpected identifier "You"
[00:08:17] a contact form with name, email and message fields, docType form => SKIP JSON Parse error: Unexpected identifier "You"
[00:08:19] a kanban board with three columns of task cards, docType board => SKIP JSON Parse error: Unexpected identifier "You"
[00:08:22] a settings page with labelled toggles and a save button, docType settings => SKIP JSON Parse error: Unexpected identifier "You"
[00:08:24] an operations dashboard with three KPI stat tiles, a line chart and a data table, docType dashboard => SKIP JSON Parse error: Unexpected identifier "You"
[00:08:26] a product catalog with a searchable data table of products, docType catalog => SKIP JSON Parse error: Unexpected identifier "You"
[00:08:28] an invoice with a line-item data table and a totals row, docType invoice => SKIP JSON Parse error: Unexpected identifier "You"
[00:08:31] a user profile page with a heading, stats and an activity data table, docType profile => SKIP JSON Parse error: Unexpected identifier "You"
[00:08:33] a survey form with several questions and a submit button, docType form => SKIP JSON Parse error: Unexpected identifier "You"
[00:08:35] a contact form with name, email and message fields, docType form => SKIP JSON Parse error: Unexpected identifier "You"
[00:08:38] a kanban board with three columns of task cards, docType board => SKIP JSON Parse error: Unexpected identifier "You"
[00:08:40] a settings page with labelled toggles and a save button, docType settings => SKIP JSON Parse error: Unexpected identifier "You"
[00:08:42] an operations dashboard with three KPI stat tiles, a line chart and a data table, docType dashboard => SKIP JSON Parse error: Unexpected identifier "You"
[00:08:44] a product catalog with a searchable data table of products, docType catalog => SKIP JSON Parse error: Unexpected identifier "You"
[00:08:46] an invoice with a line-item data table and a totals row, docType invoice => SKIP JSON Parse error: Unexpected identifier "You"
[00:08:48] a user profile page with a heading, stats and an activity data table, docType profile => SKIP JSON Parse error: Unexpected identifier "You"
[00:08:51] a survey form with several questions and a submit button, docType form => SKIP JSON Parse error: Unexpected identifier "You"
[00:08:53] a contact form with name, email and message fields, docType form => SKIP JSON Parse error: Unexpected identifier "You"
[00:08:55] a kanban board with three columns of task cards, docType board => SKIP JSON Parse error: Unexpected identifier "You"
[00:08:57] a settings page with labelled toggles and a save button, docType settings => SKIP JSON Parse error: Unexpected identifier "You"
[00:08:59] an operations dashboard with three KPI stat tiles, a line chart and a data table, docType dashboard => SKIP JSON Parse error: Unexpected identifier "You"
[00:09:02] a product catalog with a searchable data table of products, docType catalog => SKIP JSON Parse error: Unexpected identifier "You"
[00:09:04] an invoice with a line-item data table and a totals row, docType invoice => SKIP JSON Parse error: Unexpected identifier "You"
[00:09:06] a user profile page with a heading, stats and an activity data table, docType profile => SKIP JSON Parse error: Unexpected identifier "You"
[00:09:08] a survey form with several questions and a submit button, docType form => SKIP JSON Parse error: Unexpected identifier "You"
[00:09:10] a contact form with name, email and message fields, docType form => SKIP JSON Parse error: Unexpected identifier "You"
[00:09:13] a kanban board with three columns of task cards, docType board => SKIP JSON Parse error: Unexpected identifier "You"
[00:09:15] a settings page with labelled toggles and a save button, docType settings => SKIP JSON Parse error: Unexpected identifier "You"
[00:09:17] an operations dashboard with three KPI stat tiles, a line chart and a data table, docType dashboard => SKIP JSON Parse error: Unexpected identifier "You"
[00:09:19] a product catalog with a searchable data table of products, docType catalog => SKIP JSON Parse error: Unexpected identifier "You"
[00:09:22] an invoice with a line-item data table and a totals row, docType invoice => SKIP JSON Parse error: Unexpected identifier "You"
[00:09:24] a user profile page with a heading, stats and an activity data table, docType profile => SKIP JSON Parse error: Unexpected identifier "You"
[00:09:26] a survey form with several questions and a submit button, docType form => SKIP JSON Parse error: Unexpected identifier "You"
[00:09:30] a contact form with name, email and message fields, docType form => SKIP JSON Parse error: Unexpected identifier "You"
[00:09:32] a kanban board with three columns of task cards, docType board => SKIP JSON Parse error: Unexpected identifier "You"
[00:09:34] a settings page with labelled toggles and a save button, docType settings => SKIP JSON Parse error: Unexpected identifier "You"
[00:09:36] an operations dashboard with three KPI stat tiles, a line chart and a data table, docType dashboard => SKIP JSON Parse error: Unexpected identifier "You"
[00:09:38] a product catalog with a searchable data table of products, docType catalog => SKIP JSON Parse error: Unexpected identifier "You"
[00:09:41] an invoice with a line-item data table and a totals row, docType invoice => SKIP JSON Parse error: Unexpected identifier "You"
[00:09:43] a user profile page with a heading, stats and an activity data table, docType profile => SKIP JSON Parse error: Unexpected identifier "You"
[00:09:45] a survey form with several questions and a submit button, docType form => SKIP JSON Parse error: Unexpected identifier "You"
[00:09:48] a contact form with name, email and message fields, docType form => SKIP JSON Parse error: Unexpected identifier "You"
[00:09:51] a kanban board with three columns of task cards, docType board => SKIP JSON Parse error: Unexpected identifier "You"
[00:09:53] a settings page with labelled toggles and a save button, docType settings => SKIP JSON Parse error: Unexpected identifier "You"
[00:09:55] an operations dashboard with three KPI stat tiles, a line chart and a data table, docType dashboard => SKIP JSON Parse error: Unexpected identifier "You"
[00:09:59] a product catalog with a searchable data table of products, docType catalog => SKIP JSON Parse error: Unexpected identifier "You"
[00:10:01] an invoice with a line-item data table and a totals row, docType invoice => SKIP JSON Parse error: Unexpected identifier "You"
[00:10:04] a user profile page with a heading, stats and an activity data table, docType profile => SKIP JSON Parse error: Unexpected identifier "You"
[00:10:07] a survey form with several questions and a submit button, docType form => SKIP JSON Parse error: Unexpected identifier "You"
[00:10:09] a contact form with name, email and message fields, docType form => SKIP JSON Parse error: Unexpected identifier "You"
[00:10:11] a kanban board with three columns of task cards, docType board => SKIP JSON Parse error: Unexpected identifier "You"
[00:10:14] a settings page with labelled toggles and a save button, docType settings => SKIP JSON Parse error: Unexpected identifier "You"
[00:10:16] an operations dashboard with three KPI stat tiles, a line chart and a data table, docType dashboard => SKIP JSON Parse error: Unexpected identifier "You"
[00:10:18] a product catalog with a searchable data table of products, docType catalog => SKIP JSON Parse error: Unexpected identifier "You"
[00:10:20] an invoice with a line-item data table and a totals row, docType invoice => SKIP JSON Parse error: Unexpected identifier "You"
[00:10:23] a user profile page with a heading, stats and an activity data table, docType profile => SKIP JSON Parse error: Unexpected identifier "You"
[00:10:25] a survey form with several questions and a submit button, docType form => SKIP JSON Parse error: Unexpected identifier "You"
[00:10:28] a contact form with name, email and message fields, docType form => SKIP JSON Parse error: Unexpected identifier "You"
[00:10:30] a kanban board with three columns of task cards, docType board => SKIP JSON Parse error: Unexpected identifier "You"
[00:10:32] a settings page with labelled toggles and a save button, docType settings => SKIP JSON Parse error: Unexpected identifier "You"
[00:10:35] an operations dashboard with three KPI stat tiles, a line chart and a data table, docType dashboard => SKIP JSON Parse error: Unexpected identifier "You"
[00:10:37] a product catalog with a searchable data table of products, docType catalog => SKIP JSON Parse error: Unexpected identifier "You"
[00:10:39] an invoice with a line-item data table and a totals row, docType invoice => SKIP JSON Parse error: Unexpected identifier "You"
[00:10:41] a user profile page with a heading, stats and an activity data table, docType profile => SKIP JSON Parse error: Unexpected identifier "You"
[00:10:44] a survey form with several questions and a submit button, docType form => SKIP JSON Parse error: Unexpected identifier "You"
[00:10:46] a contact form with name, email and message fields, docType form => SKIP JSON Parse error: Unexpected identifier "You"
[00:10:48] a kanban board with three columns of task cards, docType board => SKIP JSON Parse error: Unexpected identifier "You"
[00:10:50] a settings page with labelled toggles and a save button, docType settings => SKIP JSON Parse error: Unexpected identifier "You"
[00:10:53] an operations dashboard with three KPI stat tiles, a line chart and a data table, docType dashboard => SKIP JSON Parse error: Unexpected identifier "You"
[00:10:55] a product catalog with a searchable data table of products, docType catalog => SKIP JSON Parse error: Unexpected identifier "You"
[00:10:57] an invoice with a line-item data table and a totals row, docType invoice => SKIP JSON Parse error: Unexpected identifier "You"
[00:10:59] a user profile page with a heading, stats and an activity data table, docType profile => SKIP JSON Parse error: Unexpected identifier "You"
[00:11:01] a survey form with several questions and a submit button, docType form => SKIP JSON Parse error: Unexpected identifier "You"
[00:11:04] a contact form with name, email and message fields, docType form => SKIP JSON Parse error: Unexpected identifier "You"
[00:11:06] a kanban board with three columns of task cards, docType board => SKIP JSON Parse error: Unexpected identifier "You"
[00:11:08] a settings page with labelled toggles and a save button, docType settings => SKIP JSON Parse error: Unexpected identifier "You"
[00:11:11] an operations dashboard with three KPI stat tiles, a line chart and a data table, docType dashboard => SKIP JSON Parse error: Unexpected identifier "You"
[00:11:13] a product catalog with a searchable data table of products, docType catalog => SKIP JSON Parse error: Unexpected identifier "You"
[00:11:15] an invoice with a line-item data table and a totals row, docType invoice => SKIP JSON Parse error: Unexpected identifier "You"
[00:11:17] a user profile page with a heading, stats and an activity data table, docType profile => SKIP JSON Parse error: Unexpected identifier "You"
[00:11:19] a survey form with several questions and a submit button, docType form => SKIP JSON Parse error: Unexpected identifier "You"
[00:11:21] a contact form with name, email and message fields, docType form => SKIP JSON Parse error: Unexpected identifier "You"
[00:11:23] a kanban board with three columns of task cards, docType board => SKIP JSON Parse error: Unexpected identifier "You"
[00:11:25] a settings page with labelled toggles and a save button, docType settings => SKIP JSON Parse error: Unexpected identifier "You"
[00:11:27] an operations dashboard with three KPI stat tiles, a line chart and a data table, docType dashboard => SKIP JSON Parse error: Unexpected identifier "You"
[00:11:29] a product catalog with a searchable data table of products, docType catalog => SKIP JSON Parse error: Unexpected identifier "You"
[00:11:32] an invoice with a line-item data table and a totals row, docType invoice => SKIP JSON Parse error: Unexpected identifier "You"
[00:11:34] a user profile page with a heading, stats and an activity data table, docType profile => SKIP JSON Parse error: Unexpected identifier "You"
[00:11:36] a survey form with several questions and a submit button, docType form => SKIP JSON Parse error: Unexpected identifier "You"
[00:11:38] a contact form with name, email and message fields, docType form => SKIP JSON Parse error: Unexpected identifier "You"
[00:11:41] a kanban board with three columns of task cards, docType board => SKIP JSON Parse error: Unexpected identifier "You"
[00:11:43] a settings page with labelled toggles and a save button, docType settings => SKIP JSON Parse error: Unexpected identifier "You"
[00:11:45] an operations dashboard with three KPI stat tiles, a line chart and a data table, docType dashboard => SKIP JSON Parse error: Unexpected identifier "You"
[00:11:47] a product catalog with a searchable data table of products, docType catalog => SKIP JSON Parse error: Unexpected identifier "You"
[00:11:49] an invoice with a line-item data table and a totals row, docType invoice => SKIP JSON Parse error: Unexpected identifier "You"
[00:11:51] a user profile page with a heading, stats and an activity data table, docType profile => SKIP JSON Parse error: Unexpected identifier "You"
[00:11:54] a survey form with several questions and a submit button, docType form => SKIP JSON Parse error: Unexpected identifier "You"
[00:11:56] a contact form with name, email and message fields, docType form => SKIP JSON Parse error: Unexpected identifier "You"
[00:11:58] a kanban board with three columns of task cards, docType board => SKIP JSON Parse error: Unexpected identifier "You"
[00:12:00] a settings page with labelled toggles and a save button, docType settings => SKIP JSON Parse error: Unexpected identifier "You"
[00:12:05] an operations dashboard with three KPI stat tiles, a line chart and a data table, docType dashboard => SKIP JSON Parse error: Unexpected identifier "You"
[00:12:07] a product catalog with a searchable data table of products, docType catalog => SKIP JSON Parse error: Unexpected identifier "You"
[00:12:10] an invoice with a line-item data table and a totals row, docType invoice => SKIP JSON Parse error: Unexpected identifier "You"
[00:12:12] a user profile page with a heading, stats and an activity data table, docType profile => SKIP JSON Parse error: Unexpected identifier "You"
[00:12:14] a survey form with several questions and a submit button, docType form => SKIP JSON Parse error: Unexpected identifier "You"
[00:12:16] a contact form with name, email and message fields, docType form => SKIP JSON Parse error: Unexpected identifier "You"
[00:12:18] a kanban board with three columns of task cards, docType board => SKIP JSON Parse error: Unexpected identifier "You"
[00:12:21] a settings page with labelled toggles and a save button, docType settings => SKIP JSON Parse error: Unexpected identifier "You"
[00:12:23] an operations dashboard with three KPI stat tiles, a line chart and a data table, docType dashboard => SKIP JSON Parse error: Unexpected identifier "You"
[00:12:26] a product catalog with a searchable data table of products, docType catalog => SKIP JSON Parse error: Unexpected identifier "You"
[00:12:27] an invoice with a line-item data table and a totals row, docType invoice => SKIP JSON Parse error: Unexpected identifier "You"
[00:12:30] a user profile page with a heading, stats and an activity data table, docType profile => SKIP JSON Parse error: Unexpected identifier "You"
[00:12:32] a survey form with several questions and a submit button, docType form => SKIP JSON Parse error: Unexpected identifier "You"
[00:12:35] a contact form with name, email and message fields, docType form => SKIP JSON Parse error: Unexpected identifier "You"
[00:12:37] a kanban board with three columns of task cards, docType board => SKIP JSON Parse error: Unexpected identifier "You"
[00:12:39] a settings page with labelled toggles and a save button, docType settings => SKIP JSON Parse error: Unexpected identifier "You"
[00:12:41] an operations dashboard with three KPI stat tiles, a line chart and a data table, docType dashboard => SKIP JSON Parse error: Unexpected identifier "You"
[00:12:43] a product catalog with a searchable data table of products, docType catalog => SKIP JSON Parse error: Unexpected identifier "You"
[00:12:45] an invoice with a line-item data table and a totals row, docType invoice => SKIP JSON Parse error: Unexpected identifier "You"
[00:12:47] a user profile page with a heading, stats and an activity data table, docType profile => SKIP JSON Parse error: Unexpected identifier "You"
[00:12:49] a survey form with several questions and a submit button, docType form => SKIP JSON Parse error: Unexpected identifier "You"
[00:12:52] a contact form with name, email and message fields, docType form => SKIP JSON Parse error: Unexpected identifier "You"
[00:12:54] a kanban board with three columns of task cards, docType board => SKIP JSON Parse error: Unexpected identifier "You"
[00:12:56] a settings page with labelled toggles and a save button, docType settings => SKIP JSON Parse error: Unexpected identifier "You"
[00:12:58] an operations dashboard with three KPI stat tiles, a line chart and a data table, docType dashboard => SKIP JSON Parse error: Unexpected identifier "You"
[00:13:01] a product catalog with a searchable data table of products, docType catalog => SKIP JSON Parse error: Unexpected identifier "You"
[00:13:03] an invoice with a line-item data table and a totals row, docType invoice => SKIP JSON Parse error: Unexpected identifier "You"
[00:13:05] a user profile page with a heading, stats and an activity data table, docType profile => SKIP JSON Parse error: Unexpected identifier "You"
[00:13:07] a survey form with several questions and a submit button, docType form => SKIP JSON Parse error: Unexpected identifier "You"
[00:13:09] a contact form with name, email and message fields, docType form => SKIP JSON Parse error: Unexpected identifier "You"
[00:13:11] a kanban board with three columns of task cards, docType board => SKIP JSON Parse error: Unexpected identifier "You"
[00:13:14] a settings page with labelled toggles and a save button, docType settings => SKIP JSON Parse error: Unexpected identifier "You"
[00:13:16] an operations dashboard with three KPI stat tiles, a line chart and a data table, docType dashboard => SKIP JSON Parse error: Unexpected identifier "You"
[00:13:18] a product catalog with a searchable data table of products, docType catalog => SKIP JSON Parse error: Unexpected identifier "You"
[00:13:20] an invoice with a line-item data table and a totals row, docType invoice => SKIP JSON Parse error: Unexpected identifier "You"
[00:13:22] a user profile page with a heading, stats and an activity data table, docType profile => SKIP JSON Parse error: Unexpected identifier "You"
[00:13:24] a survey form with several questions and a submit button, docType form => SKIP JSON Parse error: Unexpected identifier "You"
[00:13:27] a contact form with name, email and message fields, docType form => SKIP JSON Parse error: Unexpected identifier "You"
[00:13:29] a kanban board with three columns of task cards, docType board => SKIP JSON Parse error: Unexpected identifier "You"
[00:13:31] a settings page with labelled toggles and a save button, docType settings => SKIP JSON Parse error: Unexpected identifier "You"
[00:13:33] an operations dashboard with three KPI stat tiles, a line chart and a data table, docType dashboard => SKIP JSON Parse error: Unexpected identifier "You"
[00:13:35] a product catalog with a searchable data table of products, docType catalog => SKIP JSON Parse error: Unexpected identifier "You"
[00:13:38] an invoice with a line-item data table and a totals row, docType invoice => SKIP JSON Parse error: Unexpected identifier "You"
[00:13:40] a user profile page with a heading, stats and an activity data table, docType profile => SKIP JSON Parse error: Unexpected identifier "You"
[00:13:42] a survey form with several questions and a submit button, docType form => SKIP JSON Parse error: Unexpected identifier "You"
[00:13:45] a contact form with name, email and message fields, docType form => SKIP JSON Parse error: Unexpected identifier "You"
[00:13:47] a kanban board with three columns of task cards, docType board => SKIP JSON Parse error: Unexpected identifier "You"
[00:13:49] a settings page with labelled toggles and a save button, docType settings => SKIP JSON Parse error: Unexpected identifier "You"
[00:13:51] an operations dashboard with three KPI stat tiles, a line chart and a data table, docType dashboard => SKIP JSON Parse error: Unexpected identifier "You"
[00:13:54] a product catalog with a searchable data table of products, docType catalog => SKIP JSON Parse error: Unexpected identifier "You"
[00:13:57] an invoice with a line-item data table and a totals row, docType invoice => SKIP JSON Parse error: Unexpected identifier "You"
[00:13:59] a user profile page with a heading, stats and an activity data table, docType profile => SKIP JSON Parse error: Unexpected identifier "You"
[00:14:01] a survey form with several questions and a submit button, docType form => SKIP JSON Parse error: Unexpected identifier "You"
[00:14:03] a contact form with name, email and message fields, docType form => SKIP JSON Parse error: Unexpected identifier "You"
[00:14:06] a kanban board with three columns of task cards, docType board => SKIP JSON Parse error: Unexpected identifier "You"
[00:14:08] a settings page with labelled toggles and a save button, docType settings => SKIP JSON Parse error: Unexpected identifier "You"
[00:14:10] an operations dashboard with three KPI stat tiles, a line chart and a data table, docType dashboard => SKIP JSON Parse error: Unexpected identifier "You"
[00:14:12] a product catalog with a searchable data table of products, docType catalog => SKIP JSON Parse error: Unexpected identifier "You"
[00:14:14] an invoice with a line-item data table and a totals row, docType invoice => SKIP JSON Parse error: Unexpected identifier "You"
[00:14:16] a user profile page with a heading, stats and an activity data table, docType profile => SKIP JSON Parse error: Unexpected identifier "You"
[00:14:19] a survey form with several questions and a submit button, docType form => SKIP JSON Parse error: Unexpected identifier "You"
[00:14:21] a contact form with name, email and message fields, docType form => SKIP JSON Parse error: Unexpected identifier "You"
[00:14:23] a kanban board with three columns of task cards, docType board => SKIP JSON Parse error: Unexpected identifier "You"
[00:14:26] a settings page with labelled toggles and a save button, docType settings => SKIP JSON Parse error: Unexpected identifier "You"
[00:14:28] an operations dashboard with three KPI stat tiles, a line chart and a data table, docType dashboard => SKIP JSON Parse error: Unexpected identifier "You"
[00:14:30] a product catalog with a searchable data table of products, docType catalog => SKIP JSON Parse error: Unexpected identifier "You"
[00:14:33] an invoice with a line-item data table and a totals row, docType invoice => SKIP JSON Parse error: Unexpected identifier "You"
[00:14:35] a user profile page with a heading, stats and an activity data table, docType profile => SKIP JSON Parse error: Unexpected identifier "You"
[00:14:38] a survey form with several questions and a submit button, docType form => SKIP JSON Parse error: Unexpected identifier "You"
[00:14:40] a contact form with name, email and message fields, docType form => SKIP JSON Parse error: Unexpected identifier "You"
[00:14:43] a kanban board with three columns of task cards, docType board => SKIP JSON Parse error: Unexpected identifier "You"
[00:14:45] a settings page with labelled toggles and a save button, docType settings => SKIP JSON Parse error: Unexpected identifier "You"
[00:14:47] an operations dashboard with three KPI stat tiles, a line chart and a data table, docType dashboard => SKIP JSON Parse error: Unexpected identifier "You"
[00:14:51] a product catalog with a searchable data table of products, docType catalog => SKIP JSON Parse error: Unexpected identifier "You"
[00:14:53] an invoice with a line-item data table and a totals row, docType invoice => SKIP JSON Parse error: Unexpected identifier "You"
[00:14:55] a user profile page with a heading, stats and an activity data table, docType profile => SKIP JSON Parse error: Unexpected identifier "You"
[00:14:57] a survey form with several questions and a submit button, docType form => SKIP JSON Parse error: Unexpected identifier "You"
[00:15:00] a contact form with name, email and message fields, docType form => SKIP JSON Parse error: Unexpected identifier "You"
[00:15:02] a kanban board with three columns of task cards, docType board => SKIP JSON Parse error: Unexpected identifier "You"
[00:15:04] a settings page with labelled toggles and a save button, docType settings => SKIP JSON Parse error: Unexpected identifier "You"
[00:15:06] an operations dashboard with three KPI stat tiles, a line chart and a data table, docType dashboard => SKIP JSON Parse error: Unexpected identifier "You"
[00:15:09] a product catalog with a searchable data table of products, docType catalog => SKIP JSON Parse error: Unexpected identifier "You"
[00:15:12] an invoice with a line-item data table and a totals row, docType invoice => SKIP JSON Parse error: Unexpected identifier "You"
[00:15:15] a user profile page with a heading, stats and an activity data table, docType profile => SKIP JSON Parse error: Unexpected identifier "You"
[00:15:17] a survey form with several questions and a submit button, docType form => SKIP JSON Parse error: Unexpected identifier "You"
[00:15:19] a contact form with name, email and message fields, docType form => SKIP JSON Parse error: Unexpected identifier "You"
[00:15:22] a kanban board with three columns of task cards, docType board => SKIP JSON Parse error: Unexpected identifier "You"
[00:15:24] a settings page with labelled toggles and a save button, docType settings => SKIP JSON Parse error: Unexpected identifier "You"
[00:15:27] an operations dashboard with three KPI stat tiles, a line chart and a data table, docType dashboard => SKIP JSON Parse error: Unexpected identifier "You"
[00:15:29] a product catalog with a searchable data table of products, docType catalog => SKIP JSON Parse error: Unexpected identifier "You"
[00:15:31] an invoice with a line-item data table and a totals row, docType invoice => SKIP JSON Parse error: Unexpected identifier "You"
[00:15:33] a user profile page with a heading, stats and an activity data table, docType profile => SKIP JSON Parse error: Unexpected identifier "You"
[00:15:36] a survey form with several questions and a submit button, docType form => SKIP JSON Parse error: Unexpected identifier "You"
[00:15:38] a contact form with name, email and message fields, docType form => SKIP JSON Parse error: Unexpected identifier "You"
[00:15:40] a kanban board with three columns of task cards, docType board => SKIP JSON Parse error: Unexpected identifier "You"
[00:15:43] a settings page with labelled toggles and a save button, docType settings => SKIP JSON Parse error: Unexpected identifier "You"
[00:15:45] an operations dashboard with three KPI stat tiles, a line chart and a data table, docType dashboard => SKIP JSON Parse error: Unexpected identifier "You"
[00:15:47] a product catalog with a searchable data table of products, docType catalog => SKIP JSON Parse error: Unexpected identifier "You"
[00:15:49] an invoice with a line-item data table and a totals row, docType invoice => SKIP JSON Parse error: Unexpected identifier "You"
[00:15:52] a user profile page with a heading, stats and an activity data table, docType profile => SKIP JSON Parse error: Unexpected identifier "You"
[00:15:54] a survey form with several questions and a submit button, docType form => SKIP JSON Parse error: Unexpected identifier "You"
[00:15:56] a contact form with name, email and message fields, docType form => SKIP JSON Parse error: Unexpected identifier "You"
[00:15:58] a kanban board with three columns of task cards, docType board => SKIP JSON Parse error: Unexpected identifier "You"
[00:16:00] a settings page with labelled toggles and a save button, docType settings => SKIP JSON Parse error: Unexpected identifier "You"
[00:16:03] an operations dashboard with three KPI stat tiles, a line chart and a data table, docType dashboard => SKIP JSON Parse error: Unexpected identifier "You"
[00:16:05] a product catalog with a searchable data table of products, docType catalog => SKIP JSON Parse error: Unexpected identifier "You"
[00:16:08] an invoice with a line-item data table and a totals row, docType invoice => SKIP JSON Parse error: Unexpected identifier "You"
[00:16:10] a user profile page with a heading, stats and an activity data table, docType profile => SKIP JSON Parse error: Unexpected identifier "You"
[00:16:12] a survey form with several questions and a submit button, docType form => SKIP JSON Parse error: Unexpected identifier "You"
[00:16:15] a contact form with name, email and message fields, docType form => SKIP JSON Parse error: Unexpected identifier "You"
[00:16:17] a kanban board with three columns of task cards, docType board => SKIP JSON Parse error: Unexpected identifier "You"
[00:16:19] a settings page with labelled toggles and a save button, docType settings => SKIP JSON Parse error: Unexpected identifier "You"
[00:16:21] an operations dashboard with three KPI stat tiles, a line chart and a data table, docType dashboard => SKIP JSON Parse error: Unexpected identifier "You"
[00:16:24] a product catalog with a searchable data table of products, docType catalog => SKIP JSON Parse error: Unexpected identifier "You"
[00:16:26] an invoice with a line-item data table and a totals row, docType invoice => SKIP JSON Parse error: Unexpected identifier "You"
[00:16:28] a user profile page with a heading, stats and an activity data table, docType profile => SKIP JSON Parse error: Unexpected identifier "You"
[00:16:31] a survey form with several questions and a submit button, docType form => SKIP JSON Parse error: Unexpected identifier "You"
[00:16:33] a contact form with name, email and message fields, docType form => SKIP JSON Parse error: Unexpected identifier "You"
[00:16:35] a kanban board with three columns of task cards, docType board => SKIP JSON Parse error: Unexpected identifier "You"
[00:16:37] a settings page with labelled toggles and a save button, docType settings => SKIP JSON Parse error: Unexpected identifier "You"
[00:16:40] an operations dashboard with three KPI stat tiles, a line chart and a data table, docType dashboard => SKIP JSON Parse error: Unexpected identifier "You"
[00:16:41] a product catalog with a searchable data table of products, docType catalog => SKIP JSON Parse error: Unexpected identifier "You"
[00:16:44] an invoice with a line-item data table and a totals row, docType invoice => SKIP JSON Parse error: Unexpected identifier "You"
[00:16:46] a user profile page with a heading, stats and an activity data table, docType profile => SKIP JSON Parse error: Unexpected identifier "You"
[00:16:49] a survey form with several questions and a submit button, docType form => SKIP JSON Parse error: Unexpected identifier "You"
[00:16:51] a contact form with name, email and message fields, docType form => SKIP JSON Parse error: Unexpected identifier "You"
[00:16:53] a kanban board with three columns of task cards, docType board => SKIP JSON Parse error: Unexpected identifier "You"
[00:16:56] a settings page with labelled toggles and a save button, docType settings => SKIP JSON Parse error: Unexpected identifier "You"
[00:16:58] an operations dashboard with three KPI stat tiles, a line chart and a data table, docType dashboard => SKIP JSON Parse error: Unexpected identifier "You"
[00:17:00] a product catalog with a searchable data table of products, docType catalog => SKIP JSON Parse error: Unexpected identifier "You"
[00:17:02] an invoice with a line-item data table and a totals row, docType invoice => SKIP JSON Parse error: Unexpected identifier "You"
[00:17:04] a user profile page with a heading, stats and an activity data table, docType profile => SKIP JSON Parse error: Unexpected identifier "You"
[00:17:06] a survey form with several questions and a submit button, docType form => SKIP JSON Parse error: Unexpected identifier "You"
[00:17:09] a contact form with name, email and message fields, docType form => SKIP JSON Parse error: Unexpected identifier "You"
[00:17:11] a kanban board with three columns of task cards, docType board => SKIP JSON Parse error: Unexpected identifier "You"
[00:17:13] a settings page with labelled toggles and a save button, docType settings => SKIP JSON Parse error: Unexpected identifier "You"
[00:17:15] an operations dashboard with three KPI stat tiles, a line chart and a data table, docType dashboard => SKIP JSON Parse error: Unexpected identifier "You"
[00:17:17] a product catalog with a searchable data table of products, docType catalog => SKIP JSON Parse error: Unexpected identifier "You"
[00:17:19] an invoice with a line-item data table and a totals row, docType invoice => SKIP JSON Parse error: Unexpected identifier "You"
[00:17:22] a user profile page with a heading, stats and an activity data table, docType profile => SKIP JSON Parse error: Unexpected identifier "You"
[00:17:24] a survey form with several questions and a submit button, docType form => SKIP JSON Parse error: Unexpected identifier "You"
[00:17:26] a contact form with name, email and message fields, docType form => SKIP JSON Parse error: Unexpected identifier "You"
[00:17:28] a kanban board with three columns of task cards, docType board => SKIP JSON Parse error: Unexpected identifier "You"
[00:17:30] a settings page with labelled toggles and a save button, docType settings => SKIP JSON Parse error: Unexpected identifier "You"
[00:17:32] an operations dashboard with three KPI stat tiles, a line chart and a data table, docType dashboard => SKIP JSON Parse error: Unexpected identifier "You"
[00:17:35] a product catalog with a searchable data table of products, docType catalog => SKIP JSON Parse error: Unexpected identifier "You"
[00:17:37] an invoice with a line-item data table and a totals row, docType invoice => SKIP JSON Parse error: Unexpected identifier "You"
[00:17:39] a user profile page with a heading, stats and an activity data table, docType profile => SKIP JSON Parse error: Unexpected identifier "You"
[00:17:42] a survey form with several questions and a submit button, docType form => SKIP JSON Parse error: Unexpected identifier "You"
[00:17:44] a contact form with name, email and message fields, docType form => SKIP JSON Parse error: Unexpected identifier "You"
[00:17:46] a kanban board with three columns of task cards, docType board => SKIP JSON Parse error: Unexpected identifier "You"
[00:17:48] a settings page with labelled toggles and a save button, docType settings => SKIP JSON Parse error: Unexpected identifier "You"
[00:17:50] an operations dashboard with three KPI stat tiles, a line chart and a data table, docType dashboard => SKIP JSON Parse error: Unexpected identifier "You"
[00:17:52] a product catalog with a searchable data table of products, docType catalog => SKIP JSON Parse error: Unexpected identifier "You"
[00:17:58] an invoice with a line-item data table and a totals row, docType invoice => SKIP JSON Parse error: Unexpected identifier "You"
[00:18:00] a user profile page with a heading, stats and an activity data table, docType profile => SKIP JSON Parse error: Unexpected identifier "You"
[00:18:02] a survey form with several questions and a submit button, docType form => SKIP JSON Parse error: Unexpected identifier "You"
[00:18:04] a contact form with name, email and message fields, docType form => SKIP JSON Parse error: Unexpected identifier "You"
[00:18:06] a kanban board with three columns of task cards, docType board => SKIP JSON Parse error: Unexpected identifier "You"
[00:18:09] a settings page with labelled toggles and a save button, docType settings => SKIP JSON Parse error: Unexpected identifier "You"
[00:18:11] an operations dashboard with three KPI stat tiles, a line chart and a data table, docType dashboard => SKIP JSON Parse error: Unexpected identifier "You"
[00:18:14] a product catalog with a searchable data table of products, docType catalog => SKIP JSON Parse error: Unexpected identifier "You"
[00:18:16] an invoice with a line-item data table and a totals row, docType invoice => SKIP JSON Parse error: Unexpected identifier "You"
[00:18:18] a user profile page with a heading, stats and an activity data table, docType profile => SKIP JSON Parse error: Unexpected identifier "You"
[00:18:20] a survey form with several questions and a submit button, docType form => SKIP JSON Parse error: Unexpected identifier "You"
[00:18:23] a contact form with name, email and message fields, docType form => SKIP JSON Parse error: Unexpected identifier "You"
[00:18:25] a kanban board with three columns of task cards, docType board => SKIP JSON Parse error: Unexpected identifier "You"
[00:18:27] a settings page with labelled toggles and a save button, docType settings => SKIP JSON Parse error: Unexpected identifier "You"
[00:18:30] an operations dashboard with three KPI stat tiles, a line chart and a data table, docType dashboard => SKIP JSON Parse error: Unexpected identifier "You"
[00:18:32] a product catalog with a searchable data table of products, docType catalog => SKIP JSON Parse error: Unexpected identifier "You"
[00:18:34] an invoice with a line-item data table and a totals row, docType invoice => SKIP JSON Parse error: Unexpected identifier "You"
[00:18:36] a user profile page with a heading, stats and an activity data table, docType profile => SKIP JSON Parse error: Unexpected identifier "You"
[00:18:38] a survey form with several questions and a submit button, docType form => SKIP JSON Parse error: Unexpected identifier "You"
[00:18:41] a contact form with name, email and message fields, docType form => SKIP JSON Parse error: Unexpected identifier "You"
[00:18:43] a kanban board with three columns of task cards, docType board => SKIP JSON Parse error: Unexpected identifier "You"
[00:18:45] a settings page with labelled toggles and a save button, docType settings => SKIP JSON Parse error: Unexpected identifier "You"
[00:18:47] an operations dashboard with three KPI stat tiles, a line chart and a data table, docType dashboard => SKIP JSON Parse error: Unexpected identifier "You"
[00:18:49] a product catalog with a searchable data table of products, docType catalog => SKIP JSON Parse error: Unexpected identifier "You"
[00:18:52] an invoice with a line-item data table and a totals row, docType invoice => SKIP JSON Parse error: Unexpected identifier "You"
[00:18:54] a user profile page with a heading, stats and an activity data table, docType profile => SKIP JSON Parse error: Unexpected identifier "You"
[00:18:57] a survey form with several questions and a submit button, docType form => SKIP JSON Parse error: Unexpected identifier "You"
[00:19:00] a contact form with name, email and message fields, docType form => SKIP JSON Parse error: Unexpected identifier "You"
[00:19:02] a kanban board with three columns of task cards, docType board => SKIP JSON Parse error: Unexpected identifier "You"
[00:19:04] a settings page with labelled toggles and a save button, docType settings => SKIP JSON Parse error: Unexpected identifier "You"
[00:19:07] an operations dashboard with three KPI stat tiles, a line chart and a data table, docType dashboard => SKIP JSON Parse error: Unexpected identifier "You"
[00:19:09] a product catalog with a searchable data table of products, docType catalog => SKIP JSON Parse error: Unexpected identifier "You"
[00:19:11] an invoice with a line-item data table and a totals row, docType invoice => SKIP JSON Parse error: Unexpected identifier "You"
[00:19:13] a user profile page with a heading, stats and an activity data table, docType profile => SKIP JSON Parse error: Unexpected identifier "You"
[00:19:15] a survey form with several questions and a submit button, docType form => SKIP JSON Parse error: Unexpected identifier "You"
[00:19:18] a contact form with name, email and message fields, docType form => SKIP JSON Parse error: Unexpected identifier "You"
[00:19:20] a kanban board with three columns of task cards, docType board => SKIP JSON Parse error: Unexpected identifier "You"
[00:19:22] a settings page with labelled toggles and a save button, docType settings => SKIP JSON Parse error: Unexpected identifier "You"
[00:19:24] an operations dashboard with three KPI stat tiles, a line chart and a data table, docType dashboard => SKIP JSON Parse error: Unexpected identifier "You"
[00:19:26] a product catalog with a searchable data table of products, docType catalog => SKIP JSON Parse error: Unexpected identifier "You"
[00:19:29] an invoice with a line-item data table and a totals row, docType invoice => SKIP JSON Parse error: Unexpected identifier "You"
[00:19:31] a user profile page with a heading, stats and an activity data table, docType profile => SKIP JSON Parse error: Unexpected identifier "You"
[00:19:34] a survey form with several questions and a submit button, docType form => SKIP JSON Parse error: Unexpected identifier "You"
[00:19:36] a contact form with name, email and message fields, docType form => SKIP JSON Parse error: Unexpected identifier "You"
[00:19:38] a kanban board with three columns of task cards, docType board => SKIP JSON Parse error: Unexpected identifier "You"
[00:19:40] a settings page with labelled toggles and a save button, docType settings => SKIP JSON Parse error: Unexpected identifier "You"
[00:19:42] an operations dashboard with three KPI stat tiles, a line chart and a data table, docType dashboard => SKIP JSON Parse error: Unexpected identifier "You"
[00:19:45] a product catalog with a searchable data table of products, docType catalog => SKIP JSON Parse error: Unexpected identifier "You"
[00:19:47] an invoice with a line-item data table and a totals row, docType invoice => SKIP JSON Parse error: Unexpected identifier "You"
[00:19:49] a user profile page with a heading, stats and an activity data table, docType profile => SKIP JSON Parse error: Unexpected identifier "You"
[00:19:51] a survey form with several questions and a submit button, docType form => SKIP JSON Parse error: Unexpected identifier "You"
[00:19:54] a contact form with name, email and message fields, docType form => SKIP JSON Parse error: Unexpected identifier "You"
[00:19:56] a kanban board with three columns of task cards, docType board => SKIP JSON Parse error: Unexpected identifier "You"
[00:19:58] a settings page with labelled toggles and a save button, docType settings => SKIP JSON Parse error: Unexpected identifier "You"
[00:20:01] an operations dashboard with three KPI stat tiles, a line chart and a data table, docType dashboard => SKIP JSON Parse error: Unexpected identifier "You"
[00:20:03] a product catalog with a searchable data table of products, docType catalog => SKIP JSON Parse error: Unexpected identifier "You"
[00:20:05] an invoice with a line-item data table and a totals row, docType invoice => SKIP JSON Parse error: Unexpected identifier "You"
[00:20:08] a user profile page with a heading, stats and an activity data table, docType profile => SKIP JSON Parse error: Unexpected identifier "You"
[00:20:10] a survey form with several questions and a submit button, docType form => SKIP JSON Parse error: Unexpected identifier "You"
[00:20:12] a contact form with name, email and message fields, docType form => SKIP JSON Parse error: Unexpected identifier "You"
[00:20:14] a kanban board with three columns of task cards, docType board => SKIP JSON Parse error: Unexpected identifier "You"
[00:20:17] a settings page with labelled toggles and a save button, docType settings => SKIP JSON Parse error: Unexpected identifier "You"
[00:20:19] an operations dashboard with three KPI stat tiles, a line chart and a data table, docType dashboard => SKIP JSON Parse error: Unexpected identifier "You"
[00:20:22] a product catalog with a searchable data table of products, docType catalog => SKIP JSON Parse error: Unexpected identifier "You"
[00:20:24] an invoice with a line-item data table and a totals row, docType invoice => SKIP JSON Parse error: Unexpected identifier "You"
[00:20:27] a user profile page with a heading, stats and an activity data table, docType profile => SKIP JSON Parse error: Unexpected identifier "You"
[00:20:29] a survey form with several questions and a submit button, docType form => SKIP JSON Parse error: Unexpected identifier "You"
[00:20:31] a contact form with name, email and message fields, docType form => SKIP JSON Parse error: Unexpected identifier "You"
[00:20:33] a kanban board with three columns of task cards, docType board => SKIP JSON Parse error: Unexpected identifier "You"
[00:20:36] a settings page with labelled toggles and a save button, docType settings => SKIP JSON Parse error: Unexpected identifier "You"
[00:20:38] an operations dashboard with three KPI stat tiles, a line chart and a data table, docType dashboard => SKIP JSON Parse error: Unexpected identifier "You"
[00:20:40] a product catalog with a searchable data table of products, docType catalog => SKIP JSON Parse error: Unexpected identifier "You"
[00:20:42] an invoice with a line-item data table and a totals row, docType invoice => SKIP JSON Parse error: Unexpected identifier "You"
[00:20:44] a user profile page with a heading, stats and an activity data table, docType profile => SKIP JSON Parse error: Unexpected identifier "You"
[00:20:46] a survey form with several questions and a submit button, docType form => SKIP JSON Parse error: Unexpected identifier "You"
[00:20:49] a contact form with name, email and message fields, docType form => SKIP JSON Parse error: Unexpected identifier "You"
[00:20:51] a kanban board with three columns of task cards, docType board => SKIP JSON Parse error: Unexpected identifier "You"
[00:20:53] a settings page with labelled toggles and a save button, docType settings => SKIP JSON Parse error: Unexpected identifier "You"
[00:20:56] an operations dashboard with three KPI stat tiles, a line chart and a data table, docType dashboard => SKIP JSON Parse error: Unexpected identifier "You"
[00:20:58] a product catalog with a searchable data table of products, docType catalog => SKIP JSON Parse error: Unexpected identifier "You"
[00:21:01] an invoice with a line-item data table and a totals row, docType invoice => SKIP JSON Parse error: Unexpected identifier "You"
[00:21:03] a user profile page with a heading, stats and an activity data table, docType profile => SKIP JSON Parse error: Unexpected identifier "You"
[00:21:05] a survey form with several questions and a submit button, docType form => SKIP JSON Parse error: Unexpected identifier "You"
[00:21:08] a contact form with name, email and message fields, docType form => SKIP JSON Parse error: Unexpected identifier "You"
[00:21:10] a kanban board with three columns of task cards, docType board => SKIP JSON Parse error: Unexpected identifier "You"
[00:21:12] a settings page with labelled toggles and a save button, docType settings => SKIP JSON Parse error: Unexpected identifier "You"
[00:21:14] an operations dashboard with three KPI stat tiles, a line chart and a data table, docType dashboard => SKIP JSON Parse error: Unexpected identifier "You"
[00:21:20] a product catalog with a searchable data table of products, docType catalog => SKIP JSON Parse error: Unexpected identifier "You"
[00:21:22] an invoice with a line-item data table and a totals row, docType invoice => SKIP JSON Parse error: Unexpected identifier "You"
[00:21:25] a user profile page with a heading, stats and an activity data table, docType profile => SKIP JSON Parse error: Unexpected identifier "You"
[00:21:27] a survey form with several questions and a submit button, docType form => SKIP JSON Parse error: Unexpected identifier "You"
[00:21:30] a contact form with name, email and message fields, docType form => SKIP JSON Parse error: Unexpected identifier "You"
[00:21:32] a kanban board with three columns of task cards, docType board => SKIP JSON Parse error: Unexpected identifier "You"
[00:21:37] a settings page with labelled toggles and a save button, docType settings => SKIP JSON Parse error: Unexpected identifier "You"
[00:21:40] an operations dashboard with three KPI stat tiles, a line chart and a data table, docType dashboard => SKIP JSON Parse error: Unexpected identifier "You"
[00:21:42] a product catalog with a searchable data table of products, docType catalog => SKIP JSON Parse error: Unexpected identifier "You"
[00:21:44] an invoice with a line-item data table and a totals row, docType invoice => SKIP JSON Parse error: Unexpected identifier "You"
[00:21:46] a user profile page with a heading, stats and an activity data table, docType profile => SKIP JSON Parse error: Unexpected identifier "You"
[00:21:49] a survey form with several questions and a submit button, docType form => SKIP JSON Parse error: Unexpected identifier "You"
[00:21:51] a contact form with name, email and message fields, docType form => SKIP JSON Parse error: Unexpected identifier "You"
[00:21:53] a kanban board with three columns of task cards, docType board => SKIP JSON Parse error: Unexpected identifier "You"
[00:21:55] a settings page with labelled toggles and a save button, docType settings => SKIP JSON Parse error: Unexpected identifier "You"
[00:21:58] an operations dashboard with three KPI stat tiles, a line chart and a data table, docType dashboard => SKIP JSON Parse error: Unexpected identifier "You"
[00:22:00] a product catalog with a searchable data table of products, docType catalog => SKIP JSON Parse error: Unexpected identifier "You"
[00:22:02] an invoice with a line-item data table and a totals row, docType invoice => SKIP JSON Parse error: Unexpected identifier "You"
[00:22:04] a user profile page with a heading, stats and an activity data table, docType profile => SKIP JSON Parse error: Unexpected identifier "You"
[00:22:06] a survey form with several questions and a submit button, docType form => SKIP JSON Parse error: Unexpected identifier "You"
[00:22:08] a contact form with name, email and message fields, docType form => SKIP JSON Parse error: Unexpected identifier "You"
[00:22:10] a kanban board with three columns of task cards, docType board => SKIP JSON Parse error: Unexpected identifier "You"
[00:22:13] a settings page with labelled toggles and a save button, docType settings => SKIP JSON Parse error: Unexpected identifier "You"
[00:22:15] an operations dashboard with three KPI stat tiles, a line chart and a data table, docType dashboard => SKIP JSON Parse error: Unexpected identifier "You"
[00:22:17] a product catalog with a searchable data table of products, docType catalog => SKIP JSON Parse error: Unexpected identifier "You"
[00:22:20] an invoice with a line-item data table and a totals row, docType invoice => SKIP JSON Parse error: Unexpected identifier "You"
[00:22:22] a user profile page with a heading, stats and an activity data table, docType profile => SKIP JSON Parse error: Unexpected identifier "You"
[00:22:25] a survey form with several questions and a submit button, docType form => SKIP JSON Parse error: Unexpected identifier "You"
[00:22:27] a contact form with name, email and message fields, docType form => SKIP JSON Parse error: Unexpected identifier "You"
[00:22:30] a kanban board with three columns of task cards, docType board => SKIP JSON Parse error: Unexpected identifier "You"
[00:22:32] a settings page with labelled toggles and a save button, docType settings => SKIP JSON Parse error: Unexpected identifier "You"
[00:23:01] an operations dashboard with three KPI stat tiles, a line chart and a data table, docType dashboard => SKIP JSON Parse error: Unexpected identifier "You"
[00:23:04] a product catalog with a searchable data table of products, docType catalog => SKIP JSON Parse error: Unexpected identifier "You"
[00:23:06] an invoice with a line-item data table and a totals row, docType invoice => SKIP JSON Parse error: Unexpected identifier "You"
[00:23:08] a user profile page with a heading, stats and an activity data table, docType profile => SKIP JSON Parse error: Unexpected identifier "You"
[00:23:10] a survey form with several questions and a submit button, docType form => SKIP JSON Parse error: Unexpected identifier "You"
[00:23:12] a contact form with name, email and message fields, docType form => SKIP JSON Parse error: Unexpected identifier "You"
[00:23:15] a kanban board with three columns of task cards, docType board => SKIP JSON Parse error: Unexpected identifier "You"
[00:23:17] a settings page with labelled toggles and a save button, docType settings => SKIP JSON Parse error: Unexpected identifier "You"
[00:23:20] an operations dashboard with three KPI stat tiles, a line chart and a data table, docType dashboard => SKIP JSON Parse error: Unexpected identifier "You"
[00:23:22] a product catalog with a searchable data table of products, docType catalog => SKIP JSON Parse error: Unexpected identifier "You"
[00:23:24] an invoice with a line-item data table and a totals row, docType invoice => SKIP JSON Parse error: Unexpected identifier "You"
[00:23:26] a user profile page with a heading, stats and an activity data table, docType profile => SKIP JSON Parse error: Unexpected identifier "You"
[00:23:29] a survey form with several questions and a submit button, docType form => SKIP JSON Parse error: Unexpected identifier "You"
[00:23:31] a contact form with name, email and message fields, docType form => SKIP JSON Parse error: Unexpected identifier "You"
[00:23:33] a kanban board with three columns of task cards, docType board => SKIP JSON Parse error: Unexpected identifier "You"
[00:23:36] a settings page with labelled toggles and a save button, docType settings => SKIP JSON Parse error: Unexpected identifier "You"
[00:23:38] an operations dashboard with three KPI stat tiles, a line chart and a data table, docType dashboard => SKIP JSON Parse error: Unexpected identifier "You"
[00:23:41] a product catalog with a searchable data table of products, docType catalog => SKIP JSON Parse error: Unexpected identifier "You"
[00:23:43] an invoice with a line-item data table and a totals row, docType invoice => SKIP JSON Parse error: Unexpected identifier "You"
[00:23:45] a user profile page with a heading, stats and an activity data table, docType profile => SKIP JSON Parse error: Unexpected identifier "You"
[00:23:47] a survey form with several questions and a submit button, docType form => SKIP JSON Parse error: Unexpected identifier "You"
[00:23:49] a contact form with name, email and message fields, docType form => SKIP JSON Parse error: Unexpected identifier "You"
[00:23:51] a kanban board with three columns of task cards, docType board => SKIP JSON Parse error: Unexpected identifier "You"
[00:23:54] a settings page with labelled toggles and a save button, docType settings => SKIP JSON Parse error: Unexpected identifier "You"
[00:23:56] an operations dashboard with three KPI stat tiles, a line chart and a data table, docType dashboard => SKIP JSON Parse error: Unexpected identifier "You"
[00:23:58] a product catalog with a searchable data table of products, docType catalog => SKIP JSON Parse error: Unexpected identifier "You"
[00:24:01] an invoice with a line-item data table and a totals row, docType invoice => SKIP JSON Parse error: Unexpected identifier "You"
[00:24:03] a user profile page with a heading, stats and an activity data table, docType profile => SKIP JSON Parse error: Unexpected identifier "You"
[00:24:06] a survey form with several questions and a submit button, docType form => SKIP JSON Parse error: Unexpected identifier "You"
[00:24:08] a contact form with name, email and message fields, docType form => SKIP JSON Parse error: Unexpected identifier "You"
[00:24:10] a kanban board with three columns of task cards, docType board => SKIP JSON Parse error: Unexpected identifier "You"
[00:24:13] a settings page with labelled toggles and a save button, docType settings => SKIP JSON Parse error: Unexpected identifier "You"
[00:24:15] an operations dashboard with three KPI stat tiles, a line chart and a data table, docType dashboard => SKIP JSON Parse error: Unexpected identifier "You"
[00:24:17] a product catalog with a searchable data table of products, docType catalog => SKIP JSON Parse error: Unexpected identifier "You"
[00:24:19] an invoice with a line-item data table and a totals row, docType invoice => SKIP JSON Parse error: Unexpected identifier "You"
[00:24:21] a user profile page with a heading, stats and an activity data table, docType profile => SKIP JSON Parse error: Unexpected identifier "You"
[00:24:23] a survey form with several questions and a submit button, docType form => SKIP JSON Parse error: Unexpected identifier "You"
[00:24:26] a contact form with name, email and message fields, docType form => SKIP JSON Parse error: Unexpected identifier "You"
[00:24:28] a kanban board with three columns of task cards, docType board => SKIP JSON Parse error: Unexpected identifier "You"
[00:24:31] a settings page with labelled toggles and a save button, docType settings => SKIP JSON Parse error: Unexpected identifier "You"
[00:24:33] an operations dashboard with three KPI stat tiles, a line chart and a data table, docType dashboard => SKIP JSON Parse error: Unexpected identifier "You"
[00:24:35] a product catalog with a searchable data table of products, docType catalog => SKIP JSON Parse error: Unexpected identifier "You"
[00:24:37] an invoice with a line-item data table and a totals row, docType invoice => SKIP JSON Parse error: Unexpected identifier "You"
[00:24:40] a user profile page with a heading, stats and an activity data table, docType profile => SKIP JSON Parse error: Unexpected identifier "You"
[00:24:42] a survey form with several questions and a submit button, docType form => SKIP JSON Parse error: Unexpected identifier "You"
[00:24:44] a contact form with name, email and message fields, docType form => SKIP JSON Parse error: Unexpected identifier "You"
[00:24:46] a kanban board with three columns of task cards, docType board => SKIP JSON Parse error: Unexpected identifier "You"
[00:24:48] a settings page with labelled toggles and a save button, docType settings => SKIP JSON Parse error: Unexpected identifier "You"
[00:24:51] an operations dashboard with three KPI stat tiles, a line chart and a data table, docType dashboard => SKIP JSON Parse error: Unexpected identifier "You"
[00:24:53] a product catalog with a searchable data table of products, docType catalog => SKIP JSON Parse error: Unexpected identifier "You"
[00:24:56] an invoice with a line-item data table and a totals row, docType invoice => SKIP JSON Parse error: Unexpected identifier "You"
[00:24:58] a user profile page with a heading, stats and an activity data table, docType profile => SKIP JSON Parse error: Unexpected identifier "You"
[00:25:00] a survey form with several questions and a submit button, docType form => SKIP JSON Parse error: Unexpected identifier "You"
[00:25:03] a contact form with name, email and message fields, docType form => SKIP JSON Parse error: Unexpected identifier "You"
[00:25:05] a kanban board with three columns of task cards, docType board => SKIP JSON Parse error: Unexpected identifier "You"
[00:25:07] a settings page with labelled toggles and a save button, docType settings => SKIP JSON Parse error: Unexpected identifier "You"
[00:25:09] an operations dashboard with three KPI stat tiles, a line chart and a data table, docType dashboard => SKIP JSON Parse error: Unexpected identifier "You"
[00:25:12] a product catalog with a searchable data table of products, docType catalog => SKIP JSON Parse error: Unexpected identifier "You"
[00:25:14] an invoice with a line-item data table and a totals row, docType invoice => SKIP JSON Parse error: Unexpected identifier "You"
[00:25:16] a user profile page with a heading, stats and an activity data table, docType profile => SKIP JSON Parse error: Unexpected identifier "You"
[00:25:19] a survey form with several questions and a submit button, docType form => SKIP JSON Parse error: Unexpected identifier "You"
[00:25:22] a contact form with name, email and message fields, docType form => SKIP JSON Parse error: Unexpected identifier "You"
[00:25:24] a kanban board with three columns of task cards, docType board => SKIP JSON Parse error: Unexpected identifier "You"
[00:25:26] a settings page with labelled toggles and a save button, docType settings => SKIP JSON Parse error: Unexpected identifier "You"
[00:25:29] an operations dashboard with three KPI stat tiles, a line chart and a data table, docType dashboard => SKIP JSON Parse error: Unexpected identifier "You"
[00:25:32] a product catalog with a searchable data table of products, docType catalog => SKIP JSON Parse error: Unexpected identifier "You"
[00:25:34] an invoice with a line-item data table and a totals row, docType invoice => SKIP JSON Parse error: Unexpected identifier "You"
[00:25:36] a user profile page with a heading, stats and an activity data table, docType profile => SKIP JSON Parse error: Unexpected identifier "You"
[00:25:38] a survey form with several questions and a submit button, docType form => SKIP JSON Parse error: Unexpected identifier "You"
[00:25:40] a contact form with name, email and message fields, docType form => SKIP JSON Parse error: Unexpected identifier "You"
[00:25:43] a kanban board with three columns of task cards, docType board => SKIP JSON Parse error: Unexpected identifier "You"
[00:25:45] a settings page with labelled toggles and a save button, docType settings => SKIP JSON Parse error: Unexpected identifier "You"
[00:25:48] an operations dashboard with three KPI stat tiles, a line chart and a data table, docType dashboard => SKIP JSON Parse error: Unexpected identifier "You"
[00:25:50] a product catalog with a searchable data table of products, docType catalog => SKIP JSON Parse error: Unexpected identifier "You"
[00:25:54] an invoice with a line-item data table and a totals row, docType invoice => SKIP JSON Parse error: Unexpected identifier "You"
[00:25:56] a user profile page with a heading, stats and an activity data table, docType profile => SKIP JSON Parse error: Unexpected identifier "You"
[00:25:59] a survey form with several questions and a submit button, docType form => SKIP JSON Parse error: Unexpected identifier "You"
[00:26:01] a contact form with name, email and message fields, docType form => SKIP JSON Parse error: Unexpected identifier "You"
[00:26:03] a kanban board with three columns of task cards, docType board => SKIP JSON Parse error: Unexpected identifier "You"
[00:26:05] a settings page with labelled toggles and a save button, docType settings => SKIP JSON Parse error: Unexpected identifier "You"
[00:26:08] an operations dashboard with three KPI stat tiles, a line chart and a data table, docType dashboard => SKIP JSON Parse error: Unexpected identifier "You"
[00:26:10] a product catalog with a searchable data table of products, docType catalog => SKIP JSON Parse error: Unexpected identifier "You"
[00:26:13] an invoice with a line-item data table and a totals row, docType invoice => SKIP JSON Parse error: Unexpected identifier "You"
[00:26:15] a user profile page with a heading, stats and an activity data table, docType profile => SKIP JSON Parse error: Unexpected identifier "You"
[00:26:17] a survey form with several questions and a submit button, docType form => SKIP JSON Parse error: Unexpected identifier "You"
[00:26:20] a contact form with name, email and message fields, docType form => SKIP JSON Parse error: Unexpected identifier "You"
[00:26:22] a kanban board with three columns of task cards, docType board => SKIP JSON Parse error: Unexpected identifier "You"
[00:26:25] a settings page with labelled toggles and a save button, docType settings => SKIP JSON Parse error: Unexpected identifier "You"
[00:26:27] an operations dashboard with three KPI stat tiles, a line chart and a data table, docType dashboard => SKIP JSON Parse error: Unexpected identifier "You"
[00:26:30] a product catalog with a searchable data table of products, docType catalog => SKIP JSON Parse error: Unexpected identifier "You"
[00:26:32] an invoice with a line-item data table and a totals row, docType invoice => SKIP JSON Parse error: Unexpected identifier "You"
[00:26:34] a user profile page with a heading, stats and an activity data table, docType profile => SKIP JSON Parse error: Unexpected identifier "You"
[00:26:36] a survey form with several questions and a submit button, docType form => SKIP JSON Parse error: Unexpected identifier "You"
[00:26:38] a contact form with name, email and message fields, docType form => SKIP JSON Parse error: Unexpected identifier "You"
[00:26:40] a kanban board with three columns of task cards, docType board => SKIP JSON Parse error: Unexpected identifier "You"
[00:26:42] a settings page with labelled toggles and a save button, docType settings => SKIP JSON Parse error: Unexpected identifier "You"
[00:26:45] an operations dashboard with three KPI stat tiles, a line chart and a data table, docType dashboard => SKIP JSON Parse error: Unexpected identifier "You"
[00:26:47] a product catalog with a searchable data table of products, docType catalog => SKIP JSON Parse error: Unexpected identifier "You"
[00:26:49] an invoice with a line-item data table and a totals row, docType invoice => SKIP JSON Parse error: Unexpected identifier "You"
[00:26:51] a user profile page with a heading, stats and an activity data table, docType profile => SKIP JSON Parse error: Unexpected identifier "You"
[00:26:53] a survey form with several questions and a submit button, docType form => SKIP JSON Parse error: Unexpected identifier "You"
[00:26:56] a contact form with name, email and message fields, docType form => SKIP JSON Parse error: Unexpected identifier "You"
[00:26:58] a kanban board with three columns of task cards, docType board => SKIP JSON Parse error: Unexpected identifier "You"
[00:27:00] a settings page with labelled toggles and a save button, docType settings => SKIP JSON Parse error: Unexpected identifier "You"
[00:27:02] an operations dashboard with three KPI stat tiles, a line chart and a data table, docType dashboard => SKIP JSON Parse error: Unexpected identifier "You"
[00:27:05] a product catalog with a searchable data table of products, docType catalog => SKIP JSON Parse error: Unexpected identifier "You"
[00:27:07] an invoice with a line-item data table and a totals row, docType invoice => SKIP JSON Parse error: Unexpected identifier "You"
[00:27:09] a user profile page with a heading, stats and an activity data table, docType profile => SKIP JSON Parse error: Unexpected identifier "You"
[00:27:11] a survey form with several questions and a submit button, docType form => SKIP JSON Parse error: Unexpected identifier "You"
[00:27:13] a contact form with name, email and message fields, docType form => SKIP JSON Parse error: Unexpected identifier "You"
[00:27:16] a kanban board with three columns of task cards, docType board => SKIP JSON Parse error: Unexpected identifier "You"
[00:27:19] a settings page with labelled toggles and a save button, docType settings => SKIP JSON Parse error: Unexpected identifier "You"
[00:27:21] an operations dashboard with three KPI stat tiles, a line chart and a data table, docType dashboard => SKIP JSON Parse error: Unexpected identifier "You"
[00:27:23] a product catalog with a searchable data table of products, docType catalog => SKIP JSON Parse error: Unexpected identifier "You"
[00:27:26] an invoice with a line-item data table and a totals row, docType invoice => SKIP JSON Parse error: Unexpected identifier "You"
[00:27:28] a user profile page with a heading, stats and an activity data table, docType profile => SKIP JSON Parse error: Unexpected identifier "You"
[00:27:31] a survey form with several questions and a submit button, docType form => SKIP JSON Parse error: Unexpected identifier "You"
[00:27:33] a contact form with name, email and message fields, docType form => SKIP JSON Parse error: Unexpected identifier "You"
[00:27:35] a kanban board with three columns of task cards, docType board => SKIP JSON Parse error: Unexpected identifier "You"
[00:27:37] a settings page with labelled toggles and a save button, docType settings => SKIP JSON Parse error: Unexpected identifier "You"
[00:27:40] an operations dashboard with three KPI stat tiles, a line chart and a data table, docType dashboard => SKIP JSON Parse error: Unexpected identifier "You"
[00:27:42] a product catalog with a searchable data table of products, docType catalog => SKIP JSON Parse error: Unexpected identifier "You"
[00:27:44] an invoice with a line-item data table and a totals row, docType invoice => SKIP JSON Parse error: Unexpected identifier "You"
[00:27:46] a user profile page with a heading, stats and an activity data table, docType profile => SKIP JSON Parse error: Unexpected identifier "You"
[00:27:48] a survey form with several questions and a submit button, docType form => SKIP JSON Parse error: Unexpected identifier "You"
[00:27:50] a contact form with name, email and message fields, docType form => SKIP JSON Parse error: Unexpected identifier "You"
[00:27:53] a kanban board with three columns of task cards, docType board => SKIP JSON Parse error: Unexpected identifier "You"
[00:27:55] a settings page with labelled toggles and a save button, docType settings => SKIP JSON Parse error: Unexpected identifier "You"
[00:27:57] an operations dashboard with three KPI stat tiles, a line chart and a data table, docType dashboard => SKIP JSON Parse error: Unexpected identifier "You"
[00:27:59] a product catalog with a searchable data table of products, docType catalog => SKIP JSON Parse error: Unexpected identifier "You"
[00:28:01] an invoice with a line-item data table and a totals row, docType invoice => SKIP JSON Parse error: Unexpected identifier "You"
[00:28:03] a user profile page with a heading, stats and an activity data table, docType profile => SKIP JSON Parse error: Unexpected identifier "You"
[00:28:05] a survey form with several questions and a submit button, docType form => SKIP JSON Parse error: Unexpected identifier "You"
[00:28:07] a contact form with name, email and message fields, docType form => SKIP JSON Parse error: Unexpected identifier "You"
[00:28:09] a kanban board with three columns of task cards, docType board => SKIP JSON Parse error: Unexpected identifier "You"
[00:28:12] a settings page with labelled toggles and a save button, docType settings => SKIP JSON Parse error: Unexpected identifier "You"
[00:28:14] an operations dashboard with three KPI stat tiles, a line chart and a data table, docType dashboard => SKIP JSON Parse error: Unexpected identifier "You"
[00:28:16] a product catalog with a searchable data table of products, docType catalog => SKIP JSON Parse error: Unexpected identifier "You"
[00:28:18] an invoice with a line-item data table and a totals row, docType invoice => SKIP JSON Parse error: Unexpected identifier "You"
[00:28:20] a user profile page with a heading, stats and an activity data table, docType profile => SKIP JSON Parse error: Unexpected identifier "You"
[00:28:22] a survey form with several questions and a submit button, docType form => SKIP JSON Parse error: Unexpected identifier "You"
[00:28:25] a contact form with name, email and message fields, docType form => SKIP JSON Parse error: Unexpected identifier "You"
[00:28:28] a kanban board with three columns of task cards, docType board => SKIP JSON Parse error: Unexpected identifier "You"
[00:28:30] a settings page with labelled toggles and a save button, docType settings => SKIP JSON Parse error: Unexpected identifier "You"
[00:28:32] an operations dashboard with three KPI stat tiles, a line chart and a data table, docType dashboard => SKIP JSON Parse error: Unexpected identifier "You"
[00:28:34] a product catalog with a searchable data table of products, docType catalog => SKIP JSON Parse error: Unexpected identifier "You"
[00:28:36] an invoice with a line-item data table and a totals row, docType invoice => SKIP JSON Parse error: Unexpected identifier "You"
[00:28:38] a user profile page with a heading, stats and an activity data table, docType profile => SKIP JSON Parse error: Unexpected identifier "You"
[00:28:40] a survey form with several questions and a submit button, docType form => SKIP JSON Parse error: Unexpected identifier "You"
[00:28:43] a contact form with name, email and message fields, docType form => SKIP JSON Parse error: Unexpected identifier "You"
[00:28:45] a kanban board with three columns of task cards, docType board => SKIP JSON Parse error: Unexpected identifier "You"
[00:28:47] a settings page with labelled toggles and a save button, docType settings => SKIP JSON Parse error: Unexpected identifier "You"
[00:28:50] an operations dashboard with three KPI stat tiles, a line chart and a data table, docType dashboard => SKIP JSON Parse error: Unexpected identifier "You"
[00:28:52] a product catalog with a searchable data table of products, docType catalog => SKIP JSON Parse error: Unexpected identifier "You"
[00:28:55] an invoice with a line-item data table and a totals row, docType invoice => SKIP JSON Parse error: Unexpected identifier "You"
[00:28:57] a user profile page with a heading, stats and an activity data table, docType profile => SKIP JSON Parse error: Unexpected identifier "You"
[00:28:59] a survey form with several questions and a submit button, docType form => SKIP JSON Parse error: Unexpected identifier "You"
[00:29:01] a contact form with name, email and message fields, docType form => SKIP JSON Parse error: Unexpected identifier "You"
[00:29:04] a kanban board with three columns of task cards, docType board => SKIP JSON Parse error: Unexpected identifier "You"
[00:29:06] a settings page with labelled toggles and a save button, docType settings => SKIP JSON Parse error: Unexpected identifier "You"
[00:29:08] an operations dashboard with three KPI stat tiles, a line chart and a data table, docType dashboard => SKIP JSON Parse error: Unexpected identifier "You"
[00:29:11] a product catalog with a searchable data table of products, docType catalog => SKIP JSON Parse error: Unexpected identifier "You"
[00:29:13] an invoice with a line-item data table and a totals row, docType invoice => SKIP JSON Parse error: Unexpected identifier "You"
[00:29:17] a user profile page with a heading, stats and an activity data table, docType profile => SKIP JSON Parse error: Unexpected identifier "You"
[00:29:22] a survey form with several questions and a submit button, docType form => SKIP JSON Parse error: Unexpected identifier "You"
[00:29:24] a contact form with name, email and message fields, docType form => SKIP JSON Parse error: Unexpected identifier "You"
[00:29:27] a kanban board with three columns of task cards, docType board => SKIP JSON Parse error: Unexpected identifier "You"
[00:29:29] a settings page with labelled toggles and a save button, docType settings => SKIP JSON Parse error: Unexpected identifier "You"
[00:29:31] an operations dashboard with three KPI stat tiles, a line chart and a data table, docType dashboard => SKIP JSON Parse error: Unexpected identifier "You"
[00:29:33] a product catalog with a searchable data table of products, docType catalog => SKIP JSON Parse error: Unexpected identifier "You"
[00:29:35] an invoice with a line-item data table and a totals row, docType invoice => SKIP JSON Parse error: Unexpected identifier "You"
[00:29:38] a user profile page with a heading, stats and an activity data table, docType profile => SKIP JSON Parse error: Unexpected identifier "You"
[00:29:40] a survey form with several questions and a submit button, docType form => SKIP JSON Parse error: Unexpected identifier "You"
[00:29:42] a contact form with name, email and message fields, docType form => SKIP JSON Parse error: Unexpected identifier "You"
[00:29:45] a kanban board with three columns of task cards, docType board => SKIP JSON Parse error: Unexpected identifier "You"
[00:29:47] a settings page with labelled toggles and a save button, docType settings => SKIP JSON Parse error: Unexpected identifier "You"
[00:29:49] an operations dashboard with three KPI stat tiles, a line chart and a data table, docType dashboard => SKIP JSON Parse error: Unexpected identifier "You"
[00:29:51] a product catalog with a searchable data table of products, docType catalog => SKIP JSON Parse error: Unexpected identifier "You"
[00:29:54] an invoice with a line-item data table and a totals row, docType invoice => SKIP JSON Parse error: Unexpected identifier "You"
[00:29:56] a user profile page with a heading, stats and an activity data table, docType profile => SKIP JSON Parse error: Unexpected identifier "You"
[00:29:58] a survey form with several questions and a submit button, docType form => SKIP JSON Parse error: Unexpected identifier "You"
[00:30:01] a contact form with name, email and message fields, docType form => SKIP JSON Parse error: Unexpected identifier "You"
[00:30:03] a kanban board with three columns of task cards, docType board => SKIP JSON Parse error: Unexpected identifier "You"
[00:30:05] a settings page with labelled toggles and a save button, docType settings => SKIP JSON Parse error: Unexpected identifier "You"
[00:30:07] an operations dashboard with three KPI stat tiles, a line chart and a data table, docType dashboard => SKIP JSON Parse error: Unexpected identifier "You"
[00:30:10] a product catalog with a searchable data table of products, docType catalog => SKIP JSON Parse error: Unexpected identifier "You"
[00:30:12] an invoice with a line-item data table and a totals row, docType invoice => SKIP JSON Parse error: Unexpected identifier "You"
[00:30:14] a user profile page with a heading, stats and an activity data table, docType profile => SKIP JSON Parse error: Unexpected identifier "You"
[00:30:17] a survey form with several questions and a submit button, docType form => SKIP JSON Parse error: Unexpected identifier "You"
[00:30:20] a contact form with name, email and message fields, docType form => SKIP JSON Parse error: Unexpected identifier "You"
[00:30:22] a kanban board with three columns of task cards, docType board => SKIP JSON Parse error: Unexpected identifier "You"
[00:30:24] a settings page with labelled toggles and a save button, docType settings => SKIP JSON Parse error: Unexpected identifier "You"
[00:30:27] an operations dashboard with three KPI stat tiles, a line chart and a data table, docType dashboard => SKIP JSON Parse error: Unexpected identifier "You"
[00:30:29] a product catalog with a searchable data table of products, docType catalog => SKIP JSON Parse error: Unexpected identifier "You"
[00:30:31] an invoice with a line-item data table and a totals row, docType invoice => SKIP JSON Parse error: Unexpected identifier "You"
[00:30:33] a user profile page with a heading, stats and an activity data table, docType profile => SKIP JSON Parse error: Unexpected identifier "You"
[00:30:36] a survey form with several questions and a submit button, docType form => SKIP JSON Parse error: Unexpected identifier "You"
[00:30:38] a contact form with name, email and message fields, docType form => SKIP JSON Parse error: Unexpected identifier "You"
[00:30:40] a kanban board with three columns of task cards, docType board => SKIP JSON Parse error: Unexpected identifier "You"
[00:30:43] a settings page with labelled toggles and a save button, docType settings => SKIP JSON Parse error: Unexpected identifier "You"
[00:30:45] an operations dashboard with three KPI stat tiles, a line chart and a data table, docType dashboard => SKIP JSON Parse error: Unexpected identifier "You"
[00:30:47] a product catalog with a searchable data table of products, docType catalog => SKIP JSON Parse error: Unexpected identifier "You"
[00:30:49] an invoice with a line-item data table and a totals row, docType invoice => SKIP JSON Parse error: Unexpected identifier "You"
[00:30:52] a user profile page with a heading, stats and an activity data table, docType profile => SKIP JSON Parse error: Unexpected identifier "You"
[00:30:54] a survey form with several questions and a submit button, docType form => SKIP JSON Parse error: Unexpected identifier "You"
[00:30:56] a contact form with name, email and message fields, docType form => SKIP JSON Parse error: Unexpected identifier "You"
[00:30:59] a kanban board with three columns of task cards, docType board => SKIP JSON Parse error: Unexpected identifier "You"
[00:31:01] a settings page with labelled toggles and a save button, docType settings => SKIP JSON Parse error: Unexpected identifier "You"
[00:31:04] an operations dashboard with three KPI stat tiles, a line chart and a data table, docType dashboard => SKIP JSON Parse error: Unexpected identifier "You"
[00:31:06] a product catalog with a searchable data table of products, docType catalog => SKIP JSON Parse error: Unexpected identifier "You"
[00:31:08] an invoice with a line-item data table and a totals row, docType invoice => SKIP JSON Parse error: Unexpected identifier "You"
[00:31:12] a user profile page with a heading, stats and an activity data table, docType profile => SKIP JSON Parse error: Unexpected identifier "You"
[00:31:14] a survey form with several questions and a submit button, docType form => SKIP JSON Parse error: Unexpected identifier "You"
[00:31:17] a contact form with name, email and message fields, docType form => SKIP JSON Parse error: Unexpected identifier "You"
[00:31:19] a kanban board with three columns of task cards, docType board => SKIP JSON Parse error: Unexpected identifier "You"
[00:31:27] a settings page with labelled toggles and a save button, docType settings => SKIP JSON Parse error: Unexpected identifier "You"
[00:31:29] an operations dashboard with three KPI stat tiles, a line chart and a data table, docType dashboard => SKIP JSON Parse error: Unexpected identifier "You"
[00:31:31] a product catalog with a searchable data table of products, docType catalog => SKIP JSON Parse error: Unexpected identifier "You"
[00:31:33] an invoice with a line-item data table and a totals row, docType invoice => SKIP JSON Parse error: Unexpected identifier "You"
[00:31:37] a user profile page with a heading, stats and an activity data table, docType profile => SKIP JSON Parse error: Unexpected identifier "You"
[00:31:39] a survey form with several questions and a submit button, docType form => SKIP JSON Parse error: Unexpected identifier "You"
[00:31:41] a contact form with name, email and message fields, docType form => SKIP JSON Parse error: Unexpected identifier "You"
[00:31:43] a kanban board with three columns of task cards, docType board => SKIP JSON Parse error: Unexpected identifier "You"
[00:31:45] a settings page with labelled toggles and a save button, docType settings => SKIP JSON Parse error: Unexpected identifier "You"
[00:31:47] an operations dashboard with three KPI stat tiles, a line chart and a data table, docType dashboard => SKIP JSON Parse error: Unexpected identifier "You"
[00:31:50] a product catalog with a searchable data table of products, docType catalog => SKIP JSON Parse error: Unexpected identifier "You"
[00:31:52] an invoice with a line-item data table and a totals row, docType invoice => SKIP JSON Parse error: Unexpected identifier "You"
[00:31:54] a user profile page with a heading, stats and an activity data table, docType profile => SKIP JSON Parse error: Unexpected identifier "You"
[00:31:56] a survey form with several questions and a submit button, docType form => SKIP JSON Parse error: Unexpected identifier "You"
[00:31:59] a contact form with name, email and message fields, docType form => SKIP JSON Parse error: Unexpected identifier "You"
[00:32:01] a kanban board with three columns of task cards, docType board => SKIP JSON Parse error: Unexpected identifier "You"
[00:32:03] a settings page with labelled toggles and a save button, docType settings => SKIP JSON Parse error: Unexpected identifier "You"
[00:32:06] an operations dashboard with three KPI stat tiles, a line chart and a data table, docType dashboard => SKIP JSON Parse error: Unexpected identifier "You"
[00:32:08] a product catalog with a searchable data table of products, docType catalog => SKIP JSON Parse error: Unexpected identifier "You"
[00:32:10] an invoice with a line-item data table and a totals row, docType invoice => SKIP JSON Parse error: Unexpected identifier "You"
[00:32:13] a user profile page with a heading, stats and an activity data table, docType profile => SKIP JSON Parse error: Unexpected identifier "You"
[00:32:15] a survey form with several questions and a submit button, docType form => SKIP JSON Parse error: Unexpected identifier "You"
[00:32:18] a contact form with name, email and message fields, docType form => SKIP JSON Parse error: Unexpected identifier "You"
[00:32:20] a kanban board with three columns of task cards, docType board => SKIP JSON Parse error: Unexpected identifier "You"
[00:32:22] a settings page with labelled toggles and a save button, docType settings => SKIP JSON Parse error: Unexpected identifier "You"
[00:32:25] an operations dashboard with three KPI stat tiles, a line chart and a data table, docType dashboard => SKIP JSON Parse error: Unexpected identifier "You"
[00:32:27] a product catalog with a searchable data table of products, docType catalog => SKIP JSON Parse error: Unexpected identifier "You"
[00:32:29] an invoice with a line-item data table and a totals row, docType invoice => SKIP JSON Parse error: Unexpected identifier "You"
[00:32:31] a user profile page with a heading, stats and an activity data table, docType profile => SKIP JSON Parse error: Unexpected identifier "You"
[00:32:33] a survey form with several questions and a submit button, docType form => SKIP JSON Parse error: Unexpected identifier "You"
[00:32:36] a contact form with name, email and message fields, docType form => SKIP JSON Parse error: Unexpected identifier "You"
[00:32:38] a kanban board with three columns of task cards, docType board => SKIP JSON Parse error: Unexpected identifier "You"
[00:32:40] a settings page with labelled toggles and a save button, docType settings => SKIP JSON Parse error: Unexpected identifier "You"
[00:32:43] an operations dashboard with three KPI stat tiles, a line chart and a data table, docType dashboard => SKIP JSON Parse error: Unexpected identifier "You"
[00:32:45] a product catalog with a searchable data table of products, docType catalog => SKIP JSON Parse error: Unexpected identifier "You"
[00:32:47] an invoice with a line-item data table and a totals row, docType invoice => SKIP JSON Parse error: Unexpected identifier "You"
[00:32:49] a user profile page with a heading, stats and an activity data table, docType profile => SKIP JSON Parse error: Unexpected identifier "You"
[00:32:52] a survey form with several questions and a submit button, docType form => SKIP JSON Parse error: Unexpected identifier "You"
[00:32:54] a contact form with name, email and message fields, docType form => SKIP JSON Parse error: Unexpected identifier "You"
[00:32:56] a kanban board with three columns of task cards, docType board => SKIP JSON Parse error: Unexpected identifier "You"
[00:32:58] a settings page with labelled toggles and a save button, docType settings => SKIP JSON Parse error: Unexpected identifier "You"
[00:33:01] an operations dashboard with three KPI stat tiles, a line chart and a data table, docType dashboard => SKIP JSON Parse error: Unexpected identifier "You"
[00:33:03] a product catalog with a searchable data table of products, docType catalog => SKIP JSON Parse error: Unexpected identifier "You"
[00:33:06] an invoice with a line-item data table and a totals row, docType invoice => SKIP JSON Parse error: Unexpected identifier "You"
[00:33:08] a user profile page with a heading, stats and an activity data table, docType profile => SKIP JSON Parse error: Unexpected identifier "You"
[00:33:10] a survey form with several questions and a submit button, docType form => SKIP JSON Parse error: Unexpected identifier "You"
[00:33:13] a contact form with name, email and message fields, docType form => SKIP JSON Parse error: Unexpected identifier "You"
[00:33:15] a kanban board with three columns of task cards, docType board => SKIP JSON Parse error: Unexpected identifier "You"
[00:33:17] a settings page with labelled toggles and a save button, docType settings => SKIP JSON Parse error: Unexpected identifier "You"
[00:33:20] an operations dashboard with three KPI stat tiles, a line chart and a data table, docType dashboard => SKIP JSON Parse error: Unexpected identifier "You"
[00:33:22] a product catalog with a searchable data table of products, docType catalog => SKIP JSON Parse error: Unexpected identifier "You"
[00:33:24] an invoice with a line-item data table and a totals row, docType invoice => SKIP JSON Parse error: Unexpected identifier "You"
[00:33:26] a user profile page with a heading, stats and an activity data table, docType profile => SKIP JSON Parse error: Unexpected identifier "You"
[00:33:28] a survey form with several questions and a submit button, docType form => SKIP JSON Parse error: Unexpected identifier "You"
[00:33:31] a contact form with name, email and message fields, docType form => SKIP JSON Parse error: Unexpected identifier "You"
[00:33:33] a kanban board with three columns of task cards, docType board => SKIP JSON Parse error: Unexpected identifier "You"
[00:33:35] a settings page with labelled toggles and a save button, docType settings => SKIP JSON Parse error: Unexpected identifier "You"
[00:33:37] an operations dashboard with three KPI stat tiles, a line chart and a data table, docType dashboard => SKIP JSON Parse error: Unexpected identifier "You"
[00:33:40] a product catalog with a searchable data table of products, docType catalog => SKIP JSON Parse error: Unexpected identifier "You"
[00:33:42] an invoice with a line-item data table and a totals row, docType invoice => SKIP JSON Parse error: Unexpected identifier "You"
[00:33:44] a user profile page with a heading, stats and an activity data table, docType profile => SKIP JSON Parse error: Unexpected identifier "You"
[00:33:47] a survey form with several questions and a submit button, docType form => SKIP JSON Parse error: Unexpected identifier "You"
[00:33:49] a contact form with name, email and message fields, docType form => SKIP JSON Parse error: Unexpected identifier "You"
[00:33:52] a kanban board with three columns of task cards, docType board => SKIP JSON Parse error: Unexpected identifier "You"
[00:33:54] a settings page with labelled toggles and a save button, docType settings => SKIP JSON Parse error: Unexpected identifier "You"
[00:33:56] an operations dashboard with three KPI stat tiles, a line chart and a data table, docType dashboard => SKIP JSON Parse error: Unexpected identifier "You"
[00:33:58] a product catalog with a searchable data table of products, docType catalog => SKIP JSON Parse error: Unexpected identifier "You"
[00:34:00] an invoice with a line-item data table and a totals row, docType invoice => SKIP JSON Parse error: Unexpected identifier "You"
[00:34:02] a user profile page with a heading, stats and an activity data table, docType profile => SKIP JSON Parse error: Unexpected identifier "You"
[00:34:04] a survey form with several questions and a submit button, docType form => SKIP JSON Parse error: Unexpected identifier "You"
[00:34:07] a contact form with name, email and message fields, docType form => SKIP JSON Parse error: Unexpected identifier "You"
[00:34:10] a kanban board with three columns of task cards, docType board => SKIP JSON Parse error: Unexpected identifier "You"
[00:34:13] a settings page with labelled toggles and a save button, docType settings => SKIP JSON Parse error: Unexpected identifier "You"
[00:34:15] an operations dashboard with three KPI stat tiles, a line chart and a data table, docType dashboard => SKIP JSON Parse error: Unexpected identifier "You"
[00:34:17] a product catalog with a searchable data table of products, docType catalog => SKIP JSON Parse error: Unexpected identifier "You"
[00:34:19] an invoice with a line-item data table and a totals row, docType invoice => SKIP JSON Parse error: Unexpected identifier "You"
[00:34:21] a user profile page with a heading, stats and an activity data table, docType profile => SKIP JSON Parse error: Unexpected identifier "You"
[00:34:24] a survey form with several questions and a submit button, docType form => SKIP JSON Parse error: Unexpected identifier "You"
[00:34:26] a contact form with name, email and message fields, docType form => SKIP JSON Parse error: Unexpected identifier "You"
[00:34:28] a kanban board with three columns of task cards, docType board => SKIP JSON Parse error: Unexpected identifier "You"
[00:34:30] a settings page with labelled toggles and a save button, docType settings => SKIP JSON Parse error: Unexpected identifier "You"
[00:34:32] an operations dashboard with three KPI stat tiles, a line chart and a data table, docType dashboard => SKIP JSON Parse error: Unexpected identifier "You"
[00:34:34] a product catalog with a searchable data table of products, docType catalog => SKIP JSON Parse error: Unexpected identifier "You"
[00:34:36] an invoice with a line-item data table and a totals row, docType invoice => SKIP JSON Parse error: Unexpected identifier "You"
[00:34:38] a user profile page with a heading, stats and an activity data table, docType profile => SKIP JSON Parse error: Unexpected identifier "You"
[00:34:41] a survey form with several questions and a submit button, docType form => SKIP JSON Parse error: Unexpected identifier "You"
[00:34:43] a contact form with name, email and message fields, docType form => SKIP JSON Parse error: Unexpected identifier "You"
[00:34:46] a kanban board with three columns of task cards, docType board => SKIP JSON Parse error: Unexpected identifier "You"
[00:34:49] a settings page with labelled toggles and a save button, docType settings => SKIP JSON Parse error: Unexpected identifier "You"
[00:34:51] an operations dashboard with three KPI stat tiles, a line chart and a data table, docType dashboard => SKIP JSON Parse error: Unexpected identifier "You"
[00:34:53] a product catalog with a searchable data table of products, docType catalog => SKIP JSON Parse error: Unexpected identifier "You"
[00:34:56] an invoice with a line-item data table and a totals row, docType invoice => SKIP JSON Parse error: Unexpected identifier "You"
[00:34:59] a user profile page with a heading, stats and an activity data table, docType profile => SKIP JSON Parse error: Unexpected identifier "You"
[00:35:01] a survey form with several questions and a submit button, docType form => SKIP JSON Parse error: Unexpected identifier "You"
[00:35:03] a contact form with name, email and message fields, docType form => SKIP JSON Parse error: Unexpected identifier "You"
[00:35:05] a kanban board with three columns of task cards, docType board => SKIP JSON Parse error: Unexpected identifier "You"
[00:35:08] a settings page with labelled toggles and a save button, docType settings => SKIP JSON Parse error: Unexpected identifier "You"
[00:35:10] an operations dashboard with three KPI stat tiles, a line chart and a data table, docType dashboard => SKIP JSON Parse error: Unexpected identifier "You"
[00:35:12] a product catalog with a searchable data table of products, docType catalog => SKIP JSON Parse error: Unexpected identifier "You"
[00:35:14] an invoice with a line-item data table and a totals row, docType invoice => SKIP JSON Parse error: Unexpected identifier "You"
[00:35:17] a user profile page with a heading, stats and an activity data table, docType profile => SKIP JSON Parse error: Unexpected identifier "You"
[00:35:19] a survey form with several questions and a submit button, docType form => SKIP JSON Parse error: Unexpected identifier "You"
[00:35:21] a contact form with name, email and message fields, docType form => SKIP JSON Parse error: Unexpected identifier "You"
[00:35:23] a kanban board with three columns of task cards, docType board => SKIP JSON Parse error: Unexpected identifier "You"
[00:35:25] a settings page with labelled toggles and a save button, docType settings => SKIP JSON Parse error: Unexpected identifier "You"
[00:35:38] an operations dashboard with three KPI stat tiles, a line chart and a data table, docType dashboard => SKIP JSON Parse error: Unexpected identifier "You"
[00:35:40] a product catalog with a searchable data table of products, docType catalog => SKIP JSON Parse error: Unexpected identifier "You"
[00:35:42] an invoice with a line-item data table and a totals row, docType invoice => SKIP JSON Parse error: Unexpected identifier "You"
[00:35:45] a user profile page with a heading, stats and an activity data table, docType profile => SKIP JSON Parse error: Unexpected identifier "You"
[00:35:47] a survey form with several questions and a submit button, docType form => SKIP JSON Parse error: Unexpected identifier "You"
[00:35:49] a contact form with name, email and message fields, docType form => SKIP JSON Parse error: Unexpected identifier "You"
[00:35:51] a kanban board with three columns of task cards, docType board => SKIP JSON Parse error: Unexpected identifier "You"
[00:35:53] a settings page with labelled toggles and a save button, docType settings => SKIP JSON Parse error: Unexpected identifier "You"
[00:35:55] an operations dashboard with three KPI stat tiles, a line chart and a data table, docType dashboard => SKIP JSON Parse error: Unexpected identifier "You"
[00:35:58] a product catalog with a searchable data table of products, docType catalog => SKIP JSON Parse error: Unexpected identifier "You"
[00:36:00] an invoice with a line-item data table and a totals row, docType invoice => SKIP JSON Parse error: Unexpected identifier "You"
[00:36:02] a user profile page with a heading, stats and an activity data table, docType profile => SKIP JSON Parse error: Unexpected identifier "You"
[00:36:05] a survey form with several questions and a submit button, docType form => SKIP JSON Parse error: Unexpected identifier "You"
[00:36:07] a contact form with name, email and message fields, docType form => SKIP JSON Parse error: Unexpected identifier "You"
[00:36:09] a kanban board with three columns of task cards, docType board => SKIP JSON Parse error: Unexpected identifier "You"
[00:36:11] a settings page with labelled toggles and a save button, docType settings => SKIP JSON Parse error: Unexpected identifier "You"
[00:36:14] an operations dashboard with three KPI stat tiles, a line chart and a data table, docType dashboard => SKIP JSON Parse error: Unexpected identifier "You"
[00:36:16] a product catalog with a searchable data table of products, docType catalog => SKIP JSON Parse error: Unexpected identifier "You"
[00:36:18] an invoice with a line-item data table and a totals row, docType invoice => SKIP JSON Parse error: Unexpected identifier "You"
[00:36:21] a user profile page with a heading, stats and an activity data table, docType profile => SKIP JSON Parse error: Unexpected identifier "You"
[00:36:23] a survey form with several questions and a submit button, docType form => SKIP JSON Parse error: Unexpected identifier "You"
[00:36:25] a contact form with name, email and message fields, docType form => SKIP JSON Parse error: Unexpected identifier "You"
[00:36:27] a kanban board with three columns of task cards, docType board => SKIP JSON Parse error: Unexpected identifier "You"
[00:36:29] a settings page with labelled toggles and a save button, docType settings => SKIP JSON Parse error: Unexpected identifier "You"
[00:36:32] an operations dashboard with three KPI stat tiles, a line chart and a data table, docType dashboard => SKIP JSON Parse error: Unexpected identifier "You"
[00:36:34] a product catalog with a searchable data table of products, docType catalog => SKIP JSON Parse error: Unexpected identifier "You"
[00:36:37] an invoice with a line-item data table and a totals row, docType invoice => SKIP JSON Parse error: Unexpected identifier "You"
[00:36:39] a user profile page with a heading, stats and an activity data table, docType profile => SKIP JSON Parse error: Unexpected identifier "You"
[00:36:41] a survey form with several questions and a submit button, docType form => SKIP JSON Parse error: Unexpected identifier "You"
[00:36:46] a contact form with name, email and message fields, docType form => SKIP JSON Parse error: Unexpected identifier "You"
[00:36:48] a kanban board with three columns of task cards, docType board => SKIP JSON Parse error: Unexpected identifier "You"
[00:36:50] a settings page with labelled toggles and a save button, docType settings => SKIP JSON Parse error: Unexpected identifier "You"
[00:36:52] an operations dashboard with three KPI stat tiles, a line chart and a data table, docType dashboard => SKIP JSON Parse error: Unexpected identifier "You"
[00:36:55] a product catalog with a searchable data table of products, docType catalog => SKIP JSON Parse error: Unexpected identifier "You"
[00:36:57] an invoice with a line-item data table and a totals row, docType invoice => SKIP JSON Parse error: Unexpected identifier "You"
[00:36:59] a user profile page with a heading, stats and an activity data table, docType profile => SKIP JSON Parse error: Unexpected identifier "You"
[00:37:03] a survey form with several questions and a submit button, docType form => SKIP JSON Parse error: Unexpected identifier "You"
[00:37:05] a contact form with name, email and message fields, docType form => SKIP JSON Parse error: Unexpected identifier "You"
[00:37:07] a kanban board with three columns of task cards, docType board => SKIP JSON Parse error: Unexpected identifier "You"
[00:37:09] a settings page with labelled toggles and a save button, docType settings => SKIP JSON Parse error: Unexpected identifier "You"
[00:37:12] an operations dashboard with three KPI stat tiles, a line chart and a data table, docType dashboard => SKIP JSON Parse error: Unexpected identifier "You"
[00:37:14] a product catalog with a searchable data table of products, docType catalog => SKIP JSON Parse error: Unexpected identifier "You"
[00:37:16] an invoice with a line-item data table and a totals row, docType invoice => SKIP JSON Parse error: Unexpected identifier "You"
[00:37:18] a user profile page with a heading, stats and an activity data table, docType profile => SKIP JSON Parse error: Unexpected identifier "You"
[00:37:20] a survey form with several questions and a submit button, docType form => SKIP JSON Parse error: Unexpected identifier "You"
[00:37:22] a contact form with name, email and message fields, docType form => SKIP JSON Parse error: Unexpected identifier "You"
[00:37:25] a kanban board with three columns of task cards, docType board => SKIP JSON Parse error: Unexpected identifier "You"
[00:37:27] a settings page with labelled toggles and a save button, docType settings => SKIP JSON Parse error: Unexpected identifier "You"
[00:37:29] an operations dashboard with three KPI stat tiles, a line chart and a data table, docType dashboard => SKIP JSON Parse error: Unexpected identifier "You"
[00:37:32] a product catalog with a searchable data table of products, docType catalog => SKIP JSON Parse error: Unexpected identifier "You"
[00:37:34] an invoice with a line-item data table and a totals row, docType invoice => SKIP JSON Parse error: Unexpected identifier "You"
[00:37:36] a user profile page with a heading, stats and an activity data table, docType profile => SKIP JSON Parse error: Unexpected identifier "You"
[00:37:38] a survey form with several questions and a submit button, docType form => SKIP JSON Parse error: Unexpected identifier "You"
[00:37:40] a contact form with name, email and message fields, docType form => SKIP JSON Parse error: Unexpected identifier "You"
[00:37:43] a kanban board with three columns of task cards, docType board => SKIP JSON Parse error: Unexpected identifier "You"
[00:37:45] a settings page with labelled toggles and a save button, docType settings => SKIP JSON Parse error: Unexpected identifier "You"
[00:37:47] an operations dashboard with three KPI stat tiles, a line chart and a data table, docType dashboard => SKIP JSON Parse error: Unexpected identifier "You"
[00:37:49] a product catalog with a searchable data table of products, docType catalog => SKIP JSON Parse error: Unexpected identifier "You"
[00:37:51] an invoice with a line-item data table and a totals row, docType invoice => SKIP JSON Parse error: Unexpected identifier "You"
[00:37:54] a user profile page with a heading, stats and an activity data table, docType profile => SKIP JSON Parse error: Unexpected identifier "You"
[00:37:56] a survey form with several questions and a submit button, docType form => SKIP JSON Parse error: Unexpected identifier "You"
[00:37:58] a contact form with name, email and message fields, docType form => SKIP JSON Parse error: Unexpected identifier "You"
[00:38:01] a kanban board with three columns of task cards, docType board => SKIP JSON Parse error: Unexpected identifier "You"
[00:38:03] a settings page with labelled toggles and a save button, docType settings => SKIP JSON Parse error: Unexpected identifier "You"
[00:38:09] an operations dashboard with three KPI stat tiles, a line chart and a data table, docType dashboard => SKIP JSON Parse error: Unexpected identifier "You"
[00:38:11] a product catalog with a searchable data table of products, docType catalog => SKIP JSON Parse error: Unexpected identifier "You"
[00:38:16] an invoice with a line-item data table and a totals row, docType invoice => SKIP JSON Parse error: Unexpected identifier "You"
[00:38:18] a user profile page with a heading, stats and an activity data table, docType profile => SKIP JSON Parse error: Unexpected identifier "You"
[00:38:20] a survey form with several questions and a submit button, docType form => SKIP JSON Parse error: Unexpected identifier "You"
[00:38:23] a contact form with name, email and message fields, docType form => SKIP JSON Parse error: Unexpected identifier "You"
[00:38:25] a kanban board with three columns of task cards, docType board => SKIP JSON Parse error: Unexpected identifier "You"
[00:38:27] a settings page with labelled toggles and a save button, docType settings => SKIP JSON Parse error: Unexpected identifier "You"
[00:38:30] an operations dashboard with three KPI stat tiles, a line chart and a data table, docType dashboard => SKIP JSON Parse error: Unexpected identifier "You"
[00:38:32] a product catalog with a searchable data table of products, docType catalog => SKIP JSON Parse error: Unexpected identifier "You"
[00:38:34] an invoice with a line-item data table and a totals row, docType invoice => SKIP JSON Parse error: Unexpected identifier "You"
[00:38:36] a user profile page with a heading, stats and an activity data table, docType profile => SKIP JSON Parse error: Unexpected identifier "You"
[00:38:39] a survey form with several questions and a submit button, docType form => SKIP JSON Parse error: Unexpected identifier "You"
[00:38:41] a contact form with name, email and message fields, docType form => SKIP JSON Parse error: Unexpected identifier "You"
[00:38:43] a kanban board with three columns of task cards, docType board => SKIP JSON Parse error: Unexpected identifier "You"
[00:38:46] a settings page with labelled toggles and a save button, docType settings => SKIP JSON Parse error: Unexpected identifier "You"
[00:38:48] an operations dashboard with three KPI stat tiles, a line chart and a data table, docType dashboard => SKIP JSON Parse error: Unexpected identifier "You"
[00:38:51] a product catalog with a searchable data table of products, docType catalog => SKIP JSON Parse error: Unexpected identifier "You"
[00:38:53] an invoice with a line-item data table and a totals row, docType invoice => SKIP JSON Parse error: Unexpected identifier "You"
[00:38:55] a user profile page with a heading, stats and an activity data table, docType profile => SKIP JSON Parse error: Unexpected identifier "You"
[00:38:57] a survey form with several questions and a submit button, docType form => SKIP JSON Parse error: Unexpected identifier "You"
[00:38:59] a contact form with name, email and message fields, docType form => SKIP JSON Parse error: Unexpected identifier "You"
[00:39:02] a kanban board with three columns of task cards, docType board => SKIP JSON Parse error: Unexpected identifier "You"
[00:39:04] a settings page with labelled toggles and a save button, docType settings => SKIP JSON Parse error: Unexpected identifier "You"
[00:39:06] an operations dashboard with three KPI stat tiles, a line chart and a data table, docType dashboard => SKIP JSON Parse error: Unexpected identifier "You"
[00:39:09] a product catalog with a searchable data table of products, docType catalog => SKIP JSON Parse error: Unexpected identifier "You"
[00:39:11] an invoice with a line-item data table and a totals row, docType invoice => SKIP JSON Parse error: Unexpected identifier "You"
[00:39:13] a user profile page with a heading, stats and an activity data table, docType profile => SKIP JSON Parse error: Unexpected identifier "You"
[00:39:16] a survey form with several questions and a submit button, docType form => SKIP JSON Parse error: Unexpected identifier "You"
[00:39:19] a contact form with name, email and message fields, docType form => SKIP JSON Parse error: Unexpected identifier "You"
[00:39:21] a kanban board with three columns of task cards, docType board => SKIP JSON Parse error: Unexpected identifier "You"
[00:39:25] a settings page with labelled toggles and a save button, docType settings => SKIP JSON Parse error: Unexpected identifier "You"
[00:39:27] an operations dashboard with three KPI stat tiles, a line chart and a data table, docType dashboard => SKIP JSON Parse error: Unexpected identifier "You"
[00:39:29] a product catalog with a searchable data table of products, docType catalog => SKIP JSON Parse error: Unexpected identifier "You"
[00:39:32] an invoice with a line-item data table and a totals row, docType invoice => SKIP JSON Parse error: Unexpected identifier "You"
[00:39:34] a user profile page with a heading, stats and an activity data table, docType profile => SKIP JSON Parse error: Unexpected identifier "You"
[00:39:36] a survey form with several questions and a submit button, docType form => SKIP JSON Parse error: Unexpected identifier "You"
[00:39:38] a contact form with name, email and message fields, docType form => SKIP JSON Parse error: Unexpected identifier "You"
[00:39:41] a kanban board with three columns of task cards, docType board => SKIP JSON Parse error: Unexpected identifier "You"
[00:39:43] a settings page with labelled toggles and a save button, docType settings => SKIP JSON Parse error: Unexpected identifier "You"
[00:39:46] an operations dashboard with three KPI stat tiles, a line chart and a data table, docType dashboard => SKIP JSON Parse error: Unexpected identifier "You"
[00:39:48] a product catalog with a searchable data table of products, docType catalog => SKIP JSON Parse error: Unexpected identifier "You"
[00:39:50] an invoice with a line-item data table and a totals row, docType invoice => SKIP JSON Parse error: Unexpected identifier "You"
[00:39:53] a user profile page with a heading, stats and an activity data table, docType profile => SKIP JSON Parse error: Unexpected identifier "You"
[00:39:55] a survey form with several questions and a submit button, docType form => SKIP JSON Parse error: Unexpected identifier "You"
[00:39:57] a contact form with name, email and message fields, docType form => SKIP JSON Parse error: Unexpected identifier "You"
[00:39:59] a kanban board with three columns of task cards, docType board => SKIP JSON Parse error: Unexpected identifier "You"
[00:40:02] a settings page with labelled toggles and a save button, docType settings => SKIP JSON Parse error: Unexpected identifier "You"
[00:40:04] an operations dashboard with three KPI stat tiles, a line chart and a data table, docType dashboard => SKIP JSON Parse error: Unexpected identifier "You"
[00:40:07] a product catalog with a searchable data table of products, docType catalog => SKIP JSON Parse error: Unexpected identifier "You"
[00:40:09] an invoice with a line-item data table and a totals row, docType invoice => SKIP JSON Parse error: Unexpected identifier "You"
[00:40:11] a user profile page with a heading, stats and an activity data table, docType profile => SKIP JSON Parse error: Unexpected identifier "You"
[00:40:13] a survey form with several questions and a submit button, docType form => SKIP JSON Parse error: Unexpected identifier "You"
[00:40:16] a contact form with name, email and message fields, docType form => SKIP JSON Parse error: Unexpected identifier "You"
[00:40:18] a kanban board with three columns of task cards, docType board => SKIP JSON Parse error: Unexpected identifier "You"
[00:40:21] a settings page with labelled toggles and a save button, docType settings => SKIP JSON Parse error: Unexpected identifier "You"
[00:40:23] an operations dashboard with three KPI stat tiles, a line chart and a data table, docType dashboard => SKIP JSON Parse error: Unexpected identifier "You"
[00:40:25] a product catalog with a searchable data table of products, docType catalog => SKIP JSON Parse error: Unexpected identifier "You"
[00:40:28] an invoice with a line-item data table and a totals row, docType invoice => SKIP JSON Parse error: Unexpected identifier "You"
[00:40:30] a user profile page with a heading, stats and an activity data table, docType profile => SKIP JSON Parse error: Unexpected identifier "You"
[00:40:32] a survey form with several questions and a submit button, docType form => SKIP JSON Parse error: Unexpected identifier "You"
[00:40:34] a contact form with name, email and message fields, docType form => SKIP JSON Parse error: Unexpected identifier "You"
[00:40:37] a kanban board with three columns of task cards, docType board => SKIP JSON Parse error: Unexpected identifier "You"
[00:40:39] a settings page with labelled toggles and a save button, docType settings => SKIP JSON Parse error: Unexpected identifier "You"
[00:40:41] an operations dashboard with three KPI stat tiles, a line chart and a data table, docType dashboard => SKIP JSON Parse error: Unexpected identifier "You"
[00:40:43] a product catalog with a searchable data table of products, docType catalog => SKIP JSON Parse error: Unexpected identifier "You"
[00:40:45] an invoice with a line-item data table and a totals row, docType invoice => SKIP JSON Parse error: Unexpected identifier "You"
[00:40:47] a user profile page with a heading, stats and an activity data table, docType profile => SKIP JSON Parse error: Unexpected identifier "You"
[00:40:49] a survey form with several questions and a submit button, docType form => SKIP JSON Parse error: Unexpected identifier "You"
[00:40:52] a contact form with name, email and message fields, docType form => SKIP JSON Parse error: Unexpected identifier "You"
[00:40:55] a kanban board with three columns of task cards, docType board => SKIP JSON Parse error: Unexpected identifier "You"
[00:40:57] a settings page with labelled toggles and a save button, docType settings => SKIP JSON Parse error: Unexpected identifier "You"
[00:40:59] an operations dashboard with three KPI stat tiles, a line chart and a data table, docType dashboard => SKIP JSON Parse error: Unexpected identifier "You"
[00:41:02] a product catalog with a searchable data table of products, docType catalog => SKIP JSON Parse error: Unexpected identifier "You"
[00:41:04] an invoice with a line-item data table and a totals row, docType invoice => SKIP JSON Parse error: Unexpected identifier "You"
[00:41:06] a user profile page with a heading, stats and an activity data table, docType profile => SKIP JSON Parse error: Unexpected identifier "You"
[00:41:08] a survey form with several questions and a submit button, docType form => SKIP JSON Parse error: Unexpected identifier "You"
[00:41:10] a contact form with name, email and message fields, docType form => SKIP JSON Parse error: Unexpected identifier "You"
[00:41:12] a kanban board with three columns of task cards, docType board => SKIP JSON Parse error: Unexpected identifier "You"
[00:41:16] a settings page with labelled toggles and a save button, docType settings => SKIP JSON Parse error: Unexpected identifier "You"
[00:41:19] an operations dashboard with three KPI stat tiles, a line chart and a data table, docType dashboard => SKIP JSON Parse error: Unexpected identifier "You"
[00:41:21] a product catalog with a searchable data table of products, docType catalog => SKIP JSON Parse error: Unexpected identifier "You"
[00:41:23] an invoice with a line-item data table and a totals row, docType invoice => SKIP JSON Parse error: Unexpected identifier "You"
[00:41:26] a user profile page with a heading, stats and an activity data table, docType profile => SKIP JSON Parse error: Unexpected identifier "You"
[00:41:28] a survey form with several questions and a submit button, docType form => SKIP JSON Parse error: Unexpected identifier "You"
[00:41:30] a contact form with name, email and message fields, docType form => SKIP JSON Parse error: Unexpected identifier "You"
[00:41:32] a kanban board with three columns of task cards, docType board => SKIP JSON Parse error: Unexpected identifier "You"
[00:41:35] a settings page with labelled toggles and a save button, docType settings => SKIP JSON Parse error: Unexpected identifier "You"
[00:41:37] an operations dashboard with three KPI stat tiles, a line chart and a data table, docType dashboard => SKIP JSON Parse error: Unexpected identifier "You"
[00:41:39] a product catalog with a searchable data table of products, docType catalog => SKIP JSON Parse error: Unexpected identifier "You"
[00:41:41] an invoice with a line-item data table and a totals row, docType invoice => SKIP JSON Parse error: Unexpected identifier "You"
[00:41:43] a user profile page with a heading, stats and an activity data table, docType profile => SKIP JSON Parse error: Unexpected identifier "You"
[00:41:46] a survey form with several questions and a submit button, docType form => SKIP JSON Parse error: Unexpected identifier "You"
[00:41:48] a contact form with name, email and message fields, docType form => SKIP JSON Parse error: Unexpected identifier "You"
[00:41:51] a kanban board with three columns of task cards, docType board => SKIP JSON Parse error: Unexpected identifier "You"
[00:41:53] a settings page with labelled toggles and a save button, docType settings => SKIP JSON Parse error: Unexpected identifier "You"
[00:41:55] an operations dashboard with three KPI stat tiles, a line chart and a data table, docType dashboard => SKIP JSON Parse error: Unexpected identifier "You"
[00:41:57] a product catalog with a searchable data table of products, docType catalog => SKIP JSON Parse error: Unexpected identifier "You"
[00:42:00] an invoice with a line-item data table and a totals row, docType invoice => SKIP JSON Parse error: Unexpected identifier "You"
[00:42:02] a user profile page with a heading, stats and an activity data table, docType profile => SKIP JSON Parse error: Unexpected identifier "You"
[00:42:04] a survey form with several questions and a submit button, docType form => SKIP JSON Parse error: Unexpected identifier "You"
[00:42:06] a contact form with name, email and message fields, docType form => SKIP JSON Parse error: Unexpected identifier "You"
[00:42:08] a kanban board with three columns of task cards, docType board => SKIP JSON Parse error: Unexpected identifier "You"
[00:42:11] a settings page with labelled toggles and a save button, docType settings => SKIP JSON Parse error: Unexpected identifier "You"
[00:42:13] an operations dashboard with three KPI stat tiles, a line chart and a data table, docType dashboard => SKIP JSON Parse error: Unexpected identifier "You"
[00:42:15] a product catalog with a searchable data table of products, docType catalog => SKIP JSON Parse error: Unexpected identifier "You"
[00:42:17] an invoice with a line-item data table and a totals row, docType invoice => SKIP JSON Parse error: Unexpected identifier "You"
[00:42:19] a user profile page with a heading, stats and an activity data table, docType profile => SKIP JSON Parse error: Unexpected identifier "You"
[00:42:22] a survey form with several questions and a submit button, docType form => SKIP JSON Parse error: Unexpected identifier "You"
[00:42:24] a contact form with name, email and message fields, docType form => SKIP JSON Parse error: Unexpected identifier "You"
[00:42:26] a kanban board with three columns of task cards, docType board => SKIP JSON Parse error: Unexpected identifier "You"
[00:42:28] a settings page with labelled toggles and a save button, docType settings => SKIP JSON Parse error: Unexpected identifier "You"
[00:42:31] an operations dashboard with three KPI stat tiles, a line chart and a data table, docType dashboard => SKIP JSON Parse error: Unexpected identifier "You"
[00:42:33] a product catalog with a searchable data table of products, docType catalog => SKIP JSON Parse error: Unexpected identifier "You"
[00:42:35] an invoice with a line-item data table and a totals row, docType invoice => SKIP JSON Parse error: Unexpected identifier "You"
[00:42:37] a user profile page with a heading, stats and an activity data table, docType profile => SKIP JSON Parse error: Unexpected identifier "You"
[00:42:39] a survey form with several questions and a submit button, docType form => SKIP JSON Parse error: Unexpected identifier "You"
[00:42:41] a contact form with name, email and message fields, docType form => SKIP JSON Parse error: Unexpected identifier "You"
[00:42:43] a kanban board with three columns of task cards, docType board => SKIP JSON Parse error: Unexpected identifier "You"
[00:42:46] a settings page with labelled toggles and a save button, docType settings => SKIP JSON Parse error: Unexpected identifier "You"
[00:42:48] an operations dashboard with three KPI stat tiles, a line chart and a data table, docType dashboard => SKIP JSON Parse error: Unexpected identifier "You"
[00:42:50] a product catalog with a searchable data table of products, docType catalog => SKIP JSON Parse error: Unexpected identifier "You"
[00:42:52] an invoice with a line-item data table and a totals row, docType invoice => SKIP JSON Parse error: Unexpected identifier "You"
[00:42:54] a user profile page with a heading, stats and an activity data table, docType profile => SKIP JSON Parse error: Unexpected identifier "You"
[00:42:57] a survey form with several questions and a submit button, docType form => SKIP JSON Parse error: Unexpected identifier "You"
[00:42:59] a contact form with name, email and message fields, docType form => SKIP JSON Parse error: Unexpected identifier "You"
[00:43:02] a kanban board with three columns of task cards, docType board => SKIP JSON Parse error: Unexpected identifier "You"
[00:43:05] a settings page with labelled toggles and a save button, docType settings => SKIP JSON Parse error: Unexpected identifier "You"
[00:43:07] an operations dashboard with three KPI stat tiles, a line chart and a data table, docType dashboard => SKIP JSON Parse error: Unexpected identifier "You"
[00:43:09] a product catalog with a searchable data table of products, docType catalog => SKIP JSON Parse error: Unexpected identifier "You"
[00:43:11] an invoice with a line-item data table and a totals row, docType invoice => SKIP JSON Parse error: Unexpected identifier "You"
[00:43:14] a user profile page with a heading, stats and an activity data table, docType profile => SKIP JSON Parse error: Unexpected identifier "You"
[00:43:16] a survey form with several questions and a submit button, docType form => SKIP JSON Parse error: Unexpected identifier "You"
[00:43:18] a contact form with name, email and message fields, docType form => SKIP JSON Parse error: Unexpected identifier "You"
[00:43:20] a kanban board with three columns of task cards, docType board => SKIP JSON Parse error: Unexpected identifier "You"
[00:43:23] a settings page with labelled toggles and a save button, docType settings => SKIP JSON Parse error: Unexpected identifier "You"
[00:43:25] an operations dashboard with three KPI stat tiles, a line chart and a data table, docType dashboard => SKIP JSON Parse error: Unexpected identifier "You"
[00:43:28] a product catalog with a searchable data table of products, docType catalog => SKIP JSON Parse error: Unexpected identifier "You"
[00:43:30] an invoice with a line-item data table and a totals row, docType invoice => SKIP JSON Parse error: Unexpected identifier "You"
[00:43:32] a user profile page with a heading, stats and an activity data table, docType profile => SKIP JSON Parse error: Unexpected identifier "You"
[00:43:35] a survey form with several questions and a submit button, docType form => SKIP JSON Parse error: Unexpected identifier "You"
[00:43:37] a contact form with name, email and message fields, docType form => SKIP JSON Parse error: Unexpected identifier "You"
[00:43:39] a kanban board with three columns of task cards, docType board => SKIP JSON Parse error: Unexpected identifier "You"
[00:43:41] a settings page with labelled toggles and a save button, docType settings => SKIP JSON Parse error: Unexpected identifier "You"
[00:43:44] an operations dashboard with three KPI stat tiles, a line chart and a data table, docType dashboard => SKIP JSON Parse error: Unexpected identifier "You"
[00:43:47] a product catalog with a searchable data table of products, docType catalog => SKIP JSON Parse error: Unexpected identifier "You"
[00:43:49] an invoice with a line-item data table and a totals row, docType invoice => SKIP JSON Parse error: Unexpected identifier "You"
[00:43:52] a user profile page with a heading, stats and an activity data table, docType profile => SKIP JSON Parse error: Unexpected identifier "You"
[00:43:54] a survey form with several questions and a submit button, docType form => SKIP JSON Parse error: Unexpected identifier "You"
[00:43:56] a contact form with name, email and message fields, docType form => SKIP JSON Parse error: Unexpected identifier "You"
[00:43:58] a kanban board with three columns of task cards, docType board => SKIP JSON Parse error: Unexpected identifier "You"
[00:44:01] a settings page with labelled toggles and a save button, docType settings => SKIP JSON Parse error: Unexpected identifier "You"
[00:44:03] an operations dashboard with three KPI stat tiles, a line chart and a data table, docType dashboard => SKIP JSON Parse error: Unexpected identifier "You"
[00:44:05] a product catalog with a searchable data table of products, docType catalog => SKIP JSON Parse error: Unexpected identifier "You"
[00:44:07] an invoice with a line-item data table and a totals row, docType invoice => SKIP JSON Parse error: Unexpected identifier "You"
[00:44:09] a user profile page with a heading, stats and an activity data table, docType profile => SKIP JSON Parse error: Unexpected identifier "You"
[00:44:11] a survey form with several questions and a submit button, docType form => SKIP JSON Parse error: Unexpected identifier "You"
[00:44:14] a contact form with name, email and message fields, docType form => SKIP JSON Parse error: Unexpected identifier "You"
[00:44:16] a kanban board with three columns of task cards, docType board => SKIP JSON Parse error: Unexpected identifier "You"
[00:44:19] a settings page with labelled toggles and a save button, docType settings => SKIP JSON Parse error: Unexpected identifier "You"
[00:44:21] an operations dashboard with three KPI stat tiles, a line chart and a data table, docType dashboard => SKIP JSON Parse error: Unexpected identifier "You"
[00:44:23] a product catalog with a searchable data table of products, docType catalog => SKIP JSON Parse error: Unexpected identifier "You"
[00:44:25] an invoice with a line-item data table and a totals row, docType invoice => SKIP JSON Parse error: Unexpected identifier "You"
[00:44:28] a user profile page with a heading, stats and an activity data table, docType profile => SKIP JSON Parse error: Unexpected identifier "You"
[00:44:30] a survey form with several questions and a submit button, docType form => SKIP JSON Parse error: Unexpected identifier "You"
[00:44:33] a contact form with name, email and message fields, docType form => SKIP JSON Parse error: Unexpected identifier "You"
[00:44:35] a kanban board with three columns of task cards, docType board => SKIP JSON Parse error: Unexpected identifier "You"
[00:44:37] a settings page with labelled toggles and a save button, docType settings => SKIP JSON Parse error: Unexpected identifier "You"
[00:44:39] an operations dashboard with three KPI stat tiles, a line chart and a data table, docType dashboard => SKIP JSON Parse error: Unexpected identifier "You"
[00:44:42] a product catalog with a searchable data table of products, docType catalog => SKIP JSON Parse error: Unexpected identifier "You"
[00:44:44] an invoice with a line-item data table and a totals row, docType invoice => SKIP JSON Parse error: Unexpected identifier "You"
[00:44:47] a user profile page with a heading, stats and an activity data table, docType profile => SKIP JSON Parse error: Unexpected identifier "You"
[00:44:49] a survey form with several questions and a submit button, docType form => SKIP JSON Parse error: Unexpected identifier "You"
[00:44:51] a contact form with name, email and message fields, docType form => SKIP JSON Parse error: Unexpected identifier "You"
[00:44:54] a kanban board with three columns of task cards, docType board => SKIP JSON Parse error: Unexpected identifier "You"
[00:44:56] a settings page with labelled toggles and a save button, docType settings => SKIP JSON Parse error: Unexpected identifier "You"
[00:44:58] an operations dashboard with three KPI stat tiles, a line chart and a data table, docType dashboard => SKIP JSON Parse error: Unexpected identifier "You"
[00:45:01] a product catalog with a searchable data table of products, docType catalog => SKIP JSON Parse error: Unexpected identifier "You"
[00:45:03] an invoice with a line-item data table and a totals row, docType invoice => SKIP JSON Parse error: Unexpected identifier "You"
[00:45:05] a user profile page with a heading, stats and an activity data table, docType profile => SKIP JSON Parse error: Unexpected identifier "You"
[00:45:08] a survey form with several questions and a submit button, docType form => SKIP JSON Parse error: Unexpected identifier "You"
[00:45:10] a contact form with name, email and message fields, docType form => SKIP JSON Parse error: Unexpected identifier "You"
[00:45:12] a kanban board with three columns of task cards, docType board => SKIP JSON Parse error: Unexpected identifier "You"
[00:45:14] a settings page with labelled toggles and a save button, docType settings => SKIP JSON Parse error: Unexpected identifier "You"
[00:45:16] an operations dashboard with three KPI stat tiles, a line chart and a data table, docType dashboard => SKIP JSON Parse error: Unexpected identifier "You"
[00:45:18] a product catalog with a searchable data table of products, docType catalog => SKIP JSON Parse error: Unexpected identifier "You"
[00:45:21] an invoice with a line-item data table and a totals row, docType invoice => SKIP JSON Parse error: Unexpected identifier "You"
[00:45:23] a user profile page with a heading, stats and an activity data table, docType profile => SKIP JSON Parse error: Unexpected identifier "You"
[00:45:25] a survey form with several questions and a submit button, docType form => SKIP JSON Parse error: Unexpected identifier "You"
[00:45:27] a contact form with name, email and message fields, docType form => SKIP JSON Parse error: Unexpected identifier "You"
[00:45:33] a kanban board with three columns of task cards, docType board => SKIP JSON Parse error: Unexpected identifier "You"
[00:45:35] a settings page with labelled toggles and a save button, docType settings => SKIP JSON Parse error: Unexpected identifier "You"
[00:45:37] an operations dashboard with three KPI stat tiles, a line chart and a data table, docType dashboard => SKIP JSON Parse error: Unexpected identifier "You"
[00:45:40] a product catalog with a searchable data table of products, docType catalog => SKIP JSON Parse error: Unexpected identifier "You"
[00:45:42] an invoice with a line-item data table and a totals row, docType invoice => SKIP JSON Parse error: Unexpected identifier "You"
[00:45:44] a user profile page with a heading, stats and an activity data table, docType profile => SKIP JSON Parse error: Unexpected identifier "You"
[00:45:47] a survey form with several questions and a submit button, docType form => SKIP JSON Parse error: Unexpected identifier "You"
[00:45:49] a contact form with name, email and message fields, docType form => SKIP JSON Parse error: Unexpected identifier "You"
[00:45:51] a kanban board with three columns of task cards, docType board => SKIP JSON Parse error: Unexpected identifier "You"
[00:45:53] a settings page with labelled toggles and a save button, docType settings => SKIP JSON Parse error: Unexpected identifier "You"
[00:45:55] an operations dashboard with three KPI stat tiles, a line chart and a data table, docType dashboard => SKIP JSON Parse error: Unexpected identifier "You"
[00:45:57] a product catalog with a searchable data table of products, docType catalog => SKIP JSON Parse error: Unexpected identifier "You"
[00:46:00] an invoice with a line-item data table and a totals row, docType invoice => SKIP JSON Parse error: Unexpected identifier "You"
[00:46:02] a user profile page with a heading, stats and an activity data table, docType profile => SKIP JSON Parse error: Unexpected identifier "You"
[00:46:04] a survey form with several questions and a submit button, docType form => SKIP JSON Parse error: Unexpected identifier "You"
[00:46:06] a contact form with name, email and message fields, docType form => SKIP JSON Parse error: Unexpected identifier "You"
[00:46:09] a kanban board with three columns of task cards, docType board => SKIP JSON Parse error: Unexpected identifier "You"
[00:46:11] a settings page with labelled toggles and a save button, docType settings => SKIP JSON Parse error: Unexpected identifier "You"
[00:46:13] an operations dashboard with three KPI stat tiles, a line chart and a data table, docType dashboard => SKIP JSON Parse error: Unexpected identifier "You"
[00:46:16] a product catalog with a searchable data table of products, docType catalog => SKIP JSON Parse error: Unexpected identifier "You"
[00:46:18] an invoice with a line-item data table and a totals row, docType invoice => SKIP JSON Parse error: Unexpected identifier "You"
[00:46:20] a user profile page with a heading, stats and an activity data table, docType profile => SKIP JSON Parse error: Unexpected identifier "You"
[00:46:23] a survey form with several questions and a submit button, docType form => SKIP JSON Parse error: Unexpected identifier "You"
[00:46:26] a contact form with name, email and message fields, docType form => SKIP JSON Parse error: Unexpected identifier "You"
[00:46:29] a kanban board with three columns of task cards, docType board => SKIP JSON Parse error: Unexpected identifier "You"
[00:46:33] a settings page with labelled toggles and a save button, docType settings => SKIP JSON Parse error: Unexpected identifier "You"
[00:46:35] an operations dashboard with three KPI stat tiles, a line chart and a data table, docType dashboard => SKIP JSON Parse error: Unexpected identifier "You"
[00:46:39] a product catalog with a searchable data table of products, docType catalog => SKIP JSON Parse error: Unexpected identifier "You"
[00:59:42] an invoice with a line-item data table and a totals row, docType invoice => SKIP JSON Parse error: Unexpected identifier "You"
[00:59:44] a user profile page with a heading, stats and an activity data table, docType profile => SKIP JSON Parse error: Unexpected identifier "You"
[00:59:46] a survey form with several questions and a submit button, docType form => SKIP JSON Parse error: Unexpected identifier "You"
[00:59:48] a contact form with name, email and message fields, docType form => SKIP JSON Parse error: Unexpected identifier "You"
[00:59:51] a kanban board with three columns of task cards, docType board => SKIP JSON Parse error: Unexpected identifier "You"
[00:59:53] a settings page with labelled toggles and a save button, docType settings => SKIP JSON Parse error: Unexpected identifier "You"
[00:59:55] an operations dashboard with three KPI stat tiles, a line chart and a data table, docType dashboard => SKIP JSON Parse error: Unexpected identifier "You"
[00:59:57] a product catalog with a searchable data table of products, docType catalog => SKIP JSON Parse error: Unexpected identifier "You"
[01:00:00] an invoice with a line-item data table and a totals row, docType invoice => SKIP JSON Parse error: Unexpected identifier "You"
[01:00:02] a user profile page with a heading, stats and an activity data table, docType profile => SKIP JSON Parse error: Unexpected identifier "You"
[01:00:05] a survey form with several questions and a submit button, docType form => SKIP JSON Parse error: Unexpected identifier "You"
[01:00:07] a contact form with name, email and message fields, docType form => SKIP JSON Parse error: Unexpected identifier "You"
[01:00:10] a kanban board with three columns of task cards, docType board => SKIP JSON Parse error: Unexpected identifier "You"
[01:00:12] a settings page with labelled toggles and a save button, docType settings => SKIP JSON Parse error: Unexpected identifier "You"
[01:00:14] an operations dashboard with three KPI stat tiles, a line chart and a data table, docType dashboard => SKIP JSON Parse error: Unexpected identifier "You"
[01:00:16] a product catalog with a searchable data table of products, docType catalog => SKIP JSON Parse error: Unexpected identifier "You"
[01:00:19] an invoice with a line-item data table and a totals row, docType invoice => SKIP JSON Parse error: Unexpected identifier "You"
[01:00:21] a user profile page with a heading, stats and an activity data table, docType profile => SKIP JSON Parse error: Unexpected identifier "You"
[01:00:24] a survey form with several questions and a submit button, docType form => SKIP JSON Parse error: Unexpected identifier "You"
[01:16:08] a contact form with name, email and message fields, docType form => SKIP JSON Parse error: Unexpected identifier "You"
[01:16:14] a kanban board with three columns of task cards, docType board => SKIP JSON Parse error: Unexpected identifier "You"
[01:16:16] a settings page with labelled toggles and a save button, docType settings => SKIP JSON Parse error: Unexpected identifier "You"
[01:16:19] an operations dashboard with three KPI stat tiles, a line chart and a data table, docType dashboard => SKIP JSON Parse error: Unexpected identifier "You"
[01:16:22] a product catalog with a searchable data table of products, docType catalog => SKIP JSON Parse error: Unexpected identifier "You"
[01:16:24] an invoice with a line-item data table and a totals row, docType invoice => SKIP JSON Parse error: Unexpected identifier "You"
[01:16:26] a user profile page with a heading, stats and an activity data table, docType profile => SKIP JSON Parse error: Unexpected identifier "You"
[01:16:29] a survey form with several questions and a submit button, docType form => SKIP JSON Parse error: Unexpected identifier "You"
[01:16:33] a contact form with name, email and message fields, docType form => SKIP JSON Parse error: Unexpected identifier "You"
[01:16:36] a kanban board with three columns of task cards, docType board => SKIP JSON Parse error: Unexpected identifier "You"
[01:16:39] a settings page with labelled toggles and a save button, docType settings => SKIP JSON Parse error: Unexpected identifier "You"
[01:16:42] an operations dashboard with three KPI stat tiles, a line chart and a data table, docType dashboard => SKIP JSON Parse error: Unexpected identifier "You"
[01:16:45] a product catalog with a searchable data table of products, docType catalog => SKIP JSON Parse error: Unexpected identifier "You"
[01:16:47] an invoice with a line-item data table and a totals row, docType invoice => SKIP JSON Parse error: Unexpected identifier "You"
[01:16:50] a user profile page with a heading, stats and an activity data table, docType profile => SKIP JSON Parse error: Unexpected identifier "You"
[01:16:53] a survey form with several questions and a submit button, docType form => SKIP JSON Parse error: Unexpected identifier "You"
[01:16:55] a contact form with name, email and message fields, docType form => SKIP JSON Parse error: Unexpected identifier "You"
[01:16:58] a kanban board with three columns of task cards, docType board => SKIP JSON Parse error: Unexpected identifier "You"
[01:17:00] a settings page with labelled toggles and a save button, docType settings => SKIP JSON Parse error: Unexpected identifier "You"
[01:17:03] an operations dashboard with three KPI stat tiles, a line chart and a data table, docType dashboard => SKIP JSON Parse error: Unexpected identifier "You"
[01:17:06] a product catalog with a searchable data table of products, docType catalog => SKIP JSON Parse error: Unexpected identifier "You"
[01:17:09] an invoice with a line-item data table and a totals row, docType invoice => SKIP JSON Parse error: Unexpected identifier "You"
[01:17:11] a user profile page with a heading, stats and an activity data table, docType profile => SKIP JSON Parse error: Unexpected identifier "You"
[01:17:14] a survey form with several questions and a submit button, docType form => SKIP JSON Parse error: Unexpected identifier "You"
[01:17:16] a contact form with name, email and message fields, docType form => SKIP JSON Parse error: Unexpected identifier "You"
[01:17:19] a kanban board with three columns of task cards, docType board => SKIP JSON Parse error: Unexpected identifier "You"
[01:17:21] a settings page with labelled toggles and a save button, docType settings => SKIP JSON Parse error: Unexpected identifier "You"
[01:17:24] an operations dashboard with three KPI stat tiles, a line chart and a data table, docType dashboard => SKIP JSON Parse error: Unexpected identifier "You"
[01:17:26] a product catalog with a searchable data table of products, docType catalog => SKIP JSON Parse error: Unexpected identifier "You"
[01:17:29] an invoice with a line-item data table and a totals row, docType invoice => SKIP JSON Parse error: Unexpected identifier "You"
[01:17:32] a user profile page with a heading, stats and an activity data table, docType profile => SKIP JSON Parse error: Unexpected identifier "You"
[01:17:34] a survey form with several questions and a submit button, docType form => SKIP JSON Parse error: Unexpected identifier "You"
[01:17:37] a contact form with name, email and message fields, docType form => SKIP JSON Parse error: Unexpected identifier "You"
[01:17:42] a kanban board with three columns of task cards, docType board => SKIP JSON Parse error: Unexpected identifier "You"
[01:17:45] a settings page with labelled toggles and a save button, docType settings => SKIP JSON Parse error: Unexpected identifier "You"
[01:17:48] an operations dashboard with three KPI stat tiles, a line chart and a data table, docType dashboard => SKIP JSON Parse error: Unexpected identifier "You"
[01:17:50] a product catalog with a searchable data table of products, docType catalog => SKIP JSON Parse error: Unexpected identifier "You"
[01:17:52] an invoice with a line-item data table and a totals row, docType invoice => SKIP JSON Parse error: Unexpected identifier "You"
[01:17:55] a user profile page with a heading, stats and an activity data table, docType profile => SKIP JSON Parse error: Unexpected identifier "You"
[01:17:58] a survey form with several questions and a submit button, docType form => SKIP JSON Parse error: Unexpected identifier "You"
[01:18:00] a contact form with name, email and message fields, docType form => SKIP JSON Parse error: Unexpected identifier "You"
[01:18:02] a kanban board with three columns of task cards, docType board => SKIP JSON Parse error: Unexpected identifier "You"
[01:18:05] a settings page with labelled toggles and a save button, docType settings => SKIP JSON Parse error: Unexpected identifier "You"
[01:18:07] an operations dashboard with three KPI stat tiles, a line chart and a data table, docType dashboard => SKIP JSON Parse error: Unexpected identifier "You"
[01:18:10] a product catalog with a searchable data table of products, docType catalog => SKIP JSON Parse error: Unexpected identifier "You"
[01:18:12] an invoice with a line-item data table and a totals row, docType invoice => SKIP JSON Parse error: Unexpected identifier "You"
[01:18:14] a user profile page with a heading, stats and an activity data table, docType profile => SKIP JSON Parse error: Unexpected identifier "You"
[01:18:17] a survey form with several questions and a submit button, docType form => SKIP JSON Parse error: Unexpected identifier "You"
[01:18:20] a contact form with name, email and message fields, docType form => SKIP JSON Parse error: Unexpected identifier "You"
[01:18:23] a kanban board with three columns of task cards, docType board => SKIP JSON Parse error: Unexpected identifier "You"
[01:33:43] a settings page with labelled toggles and a save button, docType settings => SKIP JSON Parse error: Unexpected identifier "You"
[01:33:46] an operations dashboard with three KPI stat tiles, a line chart and a data table, docType dashboard => SKIP JSON Parse error: Unexpected identifier "You"
[01:33:48] a product catalog with a searchable data table of products, docType catalog => SKIP JSON Parse error: Unexpected identifier "You"
[01:33:51] an invoice with a line-item data table and a totals row, docType invoice => SKIP JSON Parse error: Unexpected identifier "You"
[01:33:53] a user profile page with a heading, stats and an activity data table, docType profile => SKIP JSON Parse error: Unexpected identifier "You"
[01:33:55] a survey form with several questions and a submit button, docType form => SKIP JSON Parse error: Unexpected identifier "You"
[01:33:58] a contact form with name, email and message fields, docType form => SKIP JSON Parse error: Unexpected identifier "You"
[01:34:00] a kanban board with three columns of task cards, docType board => SKIP JSON Parse error: Unexpected identifier "You"
[01:34:02] a settings page with labelled toggles and a save button, docType settings => SKIP JSON Parse error: Unexpected identifier "You"
[01:34:05] an operations dashboard with three KPI stat tiles, a line chart and a data table, docType dashboard => SKIP JSON Parse error: Unexpected identifier "You"
[01:34:07] a product catalog with a searchable data table of products, docType catalog => SKIP JSON Parse error: Unexpected identifier "You"
[01:34:09] an invoice with a line-item data table and a totals row, docType invoice => SKIP JSON Parse error: Unexpected identifier "You"
[01:34:12] a user profile page with a heading, stats and an activity data table, docType profile => SKIP JSON Parse error: Unexpected identifier "You"
[01:34:14] a survey form with several questions and a submit button, docType form => SKIP JSON Parse error: Unexpected identifier "You"
[01:34:17] a contact form with name, email and message fields, docType form => SKIP JSON Parse error: Unexpected identifier "You"
[01:34:19] a kanban board with three columns of task cards, docType board => SKIP JSON Parse error: Unexpected identifier "You"
[01:34:21] a settings page with labelled toggles and a save button, docType settings => SKIP JSON Parse error: Unexpected identifier "You"
[01:34:23] an operations dashboard with three KPI stat tiles, a line chart and a data table, docType dashboard => SKIP JSON Parse error: Unexpected identifier "You"
[01:34:25] a product catalog with a searchable data table of products, docType catalog => SKIP JSON Parse error: Unexpected identifier "You"
[01:34:27] an invoice with a line-item data table and a totals row, docType invoice => SKIP JSON Parse error: Unexpected identifier "You"
[01:51:45] a user profile page with a heading, stats and an activity data table, docType profile => SKIP JSON Parse error: Unexpected identifier "You"
[01:51:48] a survey form with several questions and a submit button, docType form => SKIP JSON Parse error: Unexpected identifier "You"
[01:51:50] a contact form with name, email and message fields, docType form => SKIP JSON Parse error: Unexpected identifier "You"
[01:51:53] a kanban board with three columns of task cards, docType board => SKIP JSON Parse error: Unexpected identifier "You"
[01:51:56] a settings page with labelled toggles and a save button, docType settings => SKIP JSON Parse error: Unexpected identifier "You"
[01:51:58] an operations dashboard with three KPI stat tiles, a line chart and a data table, docType dashboard => SKIP JSON Parse error: Unexpected identifier "You"
[01:52:00] a product catalog with a searchable data table of products, docType catalog => SKIP JSON Parse error: Unexpected identifier "You"
[01:52:03] an invoice with a line-item data table and a totals row, docType invoice => SKIP JSON Parse error: Unexpected identifier "You"
[01:52:06] a user profile page with a heading, stats and an activity data table, docType profile => SKIP JSON Parse error: Unexpected identifier "You"
[01:52:08] a survey form with several questions and a submit button, docType form => SKIP JSON Parse error: Unexpected identifier "You"
[01:52:11] a contact form with name, email and message fields, docType form => SKIP JSON Parse error: Unexpected identifier "You"
[01:52:14] a kanban board with three columns of task cards, docType board => SKIP JSON Parse error: Unexpected identifier "You"
[01:52:16] a settings page with labelled toggles and a save button, docType settings => SKIP JSON Parse error: Unexpected identifier "You"
[01:52:19] an operations dashboard with three KPI stat tiles, a line chart and a data table, docType dashboard => SKIP JSON Parse error: Unexpected identifier "You"
[01:52:21] a product catalog with a searchable data table of products, docType catalog => SKIP JSON Parse error: Unexpected identifier "You"
[01:52:24] an invoice with a line-item data table and a totals row, docType invoice => SKIP JSON Parse error: Unexpected identifier "You"
[01:52:26] a user profile page with a heading, stats and an activity data table, docType profile => SKIP JSON Parse error: Unexpected identifier "You"
[01:52:28] a survey form with several questions and a submit button, docType form => SKIP JSON Parse error: Unexpected identifier "You"
[01:52:31] a contact form with name, email and message fields, docType form => SKIP JSON Parse error: Unexpected identifier "You"
[01:52:33] a kanban board with three columns of task cards, docType board => SKIP JSON Parse error: Unexpected identifier "You"
[01:52:36] a settings page with labelled toggles and a save button, docType settings => SKIP JSON Parse error: Unexpected identifier "You"
[01:52:39] an operations dashboard with three KPI stat tiles, a line chart and a data table, docType dashboard => SKIP JSON Parse error: Unexpected identifier "You"
[01:52:41] a product catalog with a searchable data table of products, docType catalog => SKIP JSON Parse error: Unexpected identifier "You"
[01:52:44] an invoice with a line-item data table and a totals row, docType invoice => SKIP JSON Parse error: Unexpected identifier "You"
[02:00:42] a user profile page with a heading, stats and an activity data table, docType profile => SKIP JSON Parse error: Unexpected identifier "You"
[02:00:45] a survey form with several questions and a submit button, docType form => SKIP JSON Parse error: Unexpected identifier "You"
[02:00:47] a contact form with name, email and message fields, docType form => SKIP JSON Parse error: Unexpected identifier "You"
[02:00:51] a kanban board with three columns of task cards, docType board => SKIP JSON Parse error: Unexpected identifier "You"
[02:01:02] a settings page with labelled toggles and a save button, docType settings => SKIP JSON Parse error: Unexpected identifier "You"
[02:01:05] an operations dashboard with three KPI stat tiles, a line chart and a data table, docType dashboard => SKIP JSON Parse error: Unexpected identifier "You"
[02:01:08] a product catalog with a searchable data table of products, docType catalog => SKIP JSON Parse error: Unexpected identifier "You"
[02:01:10] an invoice with a line-item data table and a totals row, docType invoice => SKIP JSON Parse error: Unexpected identifier "You"
[02:01:13] a user profile page with a heading, stats and an activity data table, docType profile => SKIP JSON Parse error: Unexpected identifier "You"
[02:01:15] a survey form with several questions and a submit button, docType form => SKIP JSON Parse error: Unexpected identifier "You"
[02:01:18] a contact form with name, email and message fields, docType form => SKIP JSON Parse error: Unexpected identifier "You"
[02:01:20] a kanban board with three columns of task cards, docType board => SKIP JSON Parse error: Unexpected identifier "You"
[02:01:22] a settings page with labelled toggles and a save button, docType settings => SKIP JSON Parse error: Unexpected identifier "You"
[02:01:24] an operations dashboard with three KPI stat tiles, a line chart and a data table, docType dashboard => SKIP JSON Parse error: Unexpected identifier "You"
[02:16:44] a product catalog with a searchable data table of products, docType catalog => SKIP JSON Parse error: Unexpected identifier "You"
[02:16:53] an invoice with a line-item data table and a totals row, docType invoice => OK 3p invoice -> scripts/overnight/runs/corpus-candidates/invoice-1785703613.app.json
[02:17:00] a user profile page with a heading, stats and an activity data table, docType profile => OK 5p profile -> scripts/overnight/runs/corpus-candidates/user-profile-1785703620.app.json
[02:17:07] a survey form with several questions and a submit button, docType form => OK 3p form -> scripts/overnight/runs/corpus-candidates/survey-form-1785703627.app.json
[02:17:14] a contact form with name, email and message fields, docType form => OK 3p form -> scripts/overnight/runs/corpus-candidates/contact-form-1785703634.app.json
[02:17:22] a kanban board with three columns of task cards, docType board => OK 2p board -> scripts/overnight/runs/corpus-candidates/kanban-board-1785703642.app.json
[02:32:49] a settings page with labelled toggles and a save button, docType settings => OK 3p settings -> scripts/overnight/runs/corpus-candidates/settings-1785704569.app.json
[02:32:59] an operations dashboard with three KPI stat tiles, a line chart and a data table, docType dashboard => OK 5p dashboard -> scripts/overnight/runs/corpus-candidates/ops-dashboard-1785704579.app.json
[02:33:11] a product catalog with a searchable data table of products, docType catalog => OK 4p catalog -> scripts/overnight/runs/corpus-candidates/product-catalog-1785704591.app.json
[02:33:19] an invoice with a line-item data table and a totals row, docType invoice => OK 4p invoice -> scripts/overnight/runs/corpus-candidates/invoice-1785704599.app.json
[02:44:39] a user profile page with a heading, stats and an activity data table, docType profile => OK 5p profile -> scripts/overnight/runs/corpus-candidates/user-profile-1785705279.app.json
[02:44:45] a survey form with several questions and a submit button, docType form => OK 3p form -> scripts/overnight/runs/corpus-candidates/survey-form-1785705285.app.json
[02:44:51] a contact form with name, email and message fields, docType form => OK 3p form -> scripts/overnight/runs/corpus-candidates/contact-form-1785705291.app.json
[02:45:01] a kanban board with three columns of task cards, docType board => OK 2p board -> scripts/overnight/runs/corpus-candidates/kanban-board-1785705301.app.json
[02:45:08] a settings page with labelled toggles and a save button, docType settings => OK 3p settings -> scripts/overnight/runs/corpus-candidates/settings-1785705308.app.json
[02:45:20] an operations dashboard with three KPI stat tiles, a line chart and a data table, docType dashboard => OK 5p dashboard -> scripts/overnight/runs/corpus-candidates/ops-dashboard-1785705320.app.json
[03:01:19] a product catalog with a searchable data table of products, docType catalog => OK 4p catalog -> scripts/overnight/runs/corpus-candidates/product-catalog-1785706279.app.json
[03:01:27] an invoice with a line-item data table and a totals row, docType invoice => OK 3p invoice -> scripts/overnight/runs/corpus-candidates/invoice-1785706287.app.json
[03:01:35] a user profile page with a heading, stats and an activity data table, docType profile => OK 5p profile -> scripts/overnight/runs/corpus-candidates/user-profile-1785706295.app.json
[03:01:43] a survey form with several questions and a submit button, docType form => OK 3p form -> scripts/overnight/runs/corpus-candidates/survey-form-1785706303.app.json
[03:01:48] a contact form with name, email and message fields, docType form => OK 3p form -> scripts/overnight/runs/corpus-candidates/contact-form-1785706308.app.json
[03:17:09] a kanban board with three columns of task cards, docType board => OK 2p board -> scripts/overnight/runs/corpus-candidates/kanban-board-1785707229.app.json
[03:17:17] a settings page with labelled toggles and a save button, docType settings => OK 3p settings -> scripts/overnight/runs/corpus-candidates/settings-1785707237.app.json
[03:17:31] an operations dashboard with three KPI stat tiles, a line chart and a data table, docType dashboard => OK 5p dashboard -> scripts/overnight/runs/corpus-candidates/ops-dashboard-1785707251.app.json
[03:17:45] a product catalog with a searchable data table of products, docType catalog => OK 4p catalog -> scripts/overnight/runs/corpus-candidates/product-catalog-1785707264.app.json
[03:17:52] an invoice with a line-item data table and a totals row, docType invoice => OK 4p invoice -> scripts/overnight/runs/corpus-candidates/invoice-1785707272.app.json
[03:18:00] a user profile page with a heading, stats and an activity data table, docType profile => OK 5p profile -> scripts/overnight/runs/corpus-candidates/user-profile-1785707280.app.json
[03:18:08] a survey form with several questions and a submit button, docType form => OK 3p form -> scripts/overnight/runs/corpus-candidates/customer-survey-1785707288.app.json
[03:18:14] a contact form with name, email and message fields, docType form => OK 3p form -> scripts/overnight/runs/corpus-candidates/contact-form-1785707294.app.json
[03:18:23] a kanban board with three columns of task cards, docType board => OK 3p board -> scripts/overnight/runs/corpus-candidates/kanban-board-1785707303.app.json
[03:18:28] a settings page with labelled toggles and a save button, docType settings => OK 3p settings -> scripts/overnight/runs/corpus-candidates/settings-1785707308.app.json
[03:18:39] an operations dashboard with three KPI stat tiles, a line chart and a data table, docType dashboard => OK 5p dashboard -> scripts/overnight/runs/corpus-candidates/ops-dashboard-1785707319.app.json
[03:18:49] a product catalog with a searchable data table of products, docType catalog => OK 4p catalog -> scripts/overnight/runs/corpus-candidates/product-catalog-1785707329.app.json
[03:18:58] an invoice with a line-item data table and a totals row, docType invoice => OK 4p invoice -> scripts/overnight/runs/corpus-candidates/invoice-1785707338.app.json
[03:19:11] a user profile page with a heading, stats and an activity data table, docType profile => OK 5p profile -> scripts/overnight/runs/corpus-candidates/user-profile-1785707351.app.json
[03:19:19] a survey form with several questions and a submit button, docType form => OK 3p form -> scripts/overnight/runs/corpus-candidates/customer-survey-1785707359.app.json
[03:19:23] a contact form with name, email and message fields, docType form => OK 3p form -> scripts/overnight/runs/corpus-candidates/contact-form-1785707363.app.json
[03:19:31] a kanban board with three columns of task cards, docType board => OK 2p board -> scripts/overnight/runs/corpus-candidates/kanban-board-1785707371.app.json
[03:19:36] a settings page with labelled toggles and a save button, docType settings => OK 3p settings -> scripts/overnight/runs/corpus-candidates/settings-1785707376.app.json
[03:19:50] an operations dashboard with three KPI stat tiles, a line chart and a data table, docType dashboard => OK 4p dashboard -> scripts/overnight/runs/corpus-candidates/ops-dashboard-1785707390.app.json
[03:20:03] a product catalog with a searchable data table of products, docType catalog => OK 4p catalog -> scripts/overnight/runs/corpus-candidates/product-catalog-1785707403.app.json
[03:20:13] an invoice with a line-item data table and a totals row, docType invoice => OK 4p invoice -> scripts/overnight/runs/corpus-candidates/invoice-1785707413.app.json
[03:20:22] a user profile page with a heading, stats and an activity data table, docType profile => OK 5p profile -> scripts/overnight/runs/corpus-candidates/user-profile-1785707422.app.json
[03:20:29] a survey form with several questions and a submit button, docType form => OK 3p form -> scripts/overnight/runs/corpus-candidates/customer-survey-1785707428.app.json
[03:20:33] a contact form with name, email and message fields, docType form => OK 3p form -> scripts/overnight/runs/corpus-candidates/contact-form-1785707433.app.json
[03:20:42] a kanban board with three columns of task cards, docType board => OK 3p board -> scripts/overnight/runs/corpus-candidates/kanban-board-1785707442.app.json
[03:20:47] a settings page with labelled toggles and a save button, docType settings => OK 3p settings -> scripts/overnight/runs/corpus-candidates/settings-1785707447.app.json
[03:20:58] an operations dashboard with three KPI stat tiles, a line chart and a data table, docType dashboard => OK 5p dashboard -> scripts/overnight/runs/corpus-candidates/ops-dashboard-1785707458.app.json
[03:21:07] a product catalog with a searchable data table of products, docType catalog => OK 3p catalog -> scripts/overnight/runs/corpus-candidates/product-catalog-1785707467.app.json
[03:21:16] an invoice with a line-item data table and a totals row, docType invoice => OK 4p invoice -> scripts/overnight/runs/corpus-candidates/invoice-1785707476.app.json
[03:21:24] a user profile page with a heading, stats and an activity data table, docType profile => OK 5p profile -> scripts/overnight/runs/corpus-candidates/user-profile-1785707484.app.json
[03:21:30] a survey form with several questions and a submit button, docType form => OK 3p form -> scripts/overnight/runs/corpus-candidates/customer-survey-1785707490.app.json
[03:21:35] a contact form with name, email and message fields, docType form => OK 3p form -> scripts/overnight/runs/corpus-candidates/contact-form-1785707495.app.json
[03:21:43] a kanban board with three columns of task cards, docType board => OK 2p board -> scripts/overnight/runs/corpus-candidates/kanban-board-1785707503.app.json
[03:21:51] a settings page with labelled toggles and a save button, docType settings => OK 3p settings -> scripts/overnight/runs/corpus-candidates/settings-1785707511.app.json
[03:22:04] an operations dashboard with three KPI stat tiles, a line chart and a data table, docType dashboard => OK 5p dashboard -> scripts/overnight/runs/corpus-candidates/ops-dashboard-1785707524.app.json
[03:22:13] a product catalog with a searchable data table of products, docType catalog => OK 4p catalog -> scripts/overnight/runs/corpus-candidates/product-catalog-1785707533.app.json
[03:22:22] an invoice with a line-item data table and a totals row, docType invoice => OK 4p invoice -> scripts/overnight/runs/corpus-candidates/invoice-1785707542.app.json
[03:22:29] a user profile page with a heading, stats and an activity data table, docType profile => OK 5p profile -> scripts/overnight/runs/corpus-candidates/user-profile-1785707549.app.json
[03:22:36] a survey form with several questions and a submit button, docType form => OK 3p form -> scripts/overnight/runs/corpus-candidates/customer-survey-1785707556.app.json
[03:22:40] a contact form with name, email and message fields, docType form => OK 3p form -> scripts/overnight/runs/corpus-candidates/contact-form-1785707560.app.json
[03:22:50] a kanban board with three columns of task cards, docType board => OK 4p board -> scripts/overnight/runs/corpus-candidates/kanban-board-1785707570.app.json
[03:22:57] a settings page with labelled toggles and a save button, docType settings => OK 3p settings -> scripts/overnight/runs/corpus-candidates/settings-1785707577.app.json
[03:23:18] an operations dashboard with three KPI stat tiles, a line chart and a data table, docType dashboard => OK 4p dashboard -> scripts/overnight/runs/corpus-candidates/ops-dashboard-1785707598.app.json
[03:23:28] a product catalog with a searchable data table of products, docType catalog => OK 3p catalog -> scripts/overnight/runs/corpus-candidates/product-catalog-1785707608.app.json
[03:23:37] an invoice with a line-item data table and a totals row, docType invoice => OK 4p invoice -> scripts/overnight/runs/corpus-candidates/invoice-1785707617.app.json
[03:23:45] a user profile page with a heading, stats and an activity data table, docType profile => OK 5p profile -> scripts/overnight/runs/corpus-candidates/user-profile-1785707625.app.json
[03:23:51] a survey form with several questions and a submit button, docType form => OK 3p form -> scripts/overnight/runs/corpus-candidates/customer-survey-1785707631.app.json
[03:23:56] a contact form with name, email and message fields, docType form => OK 3p form -> scripts/overnight/runs/corpus-candidates/contact-form-1785707636.app.json
[03:24:03] a kanban board with three columns of task cards, docType board => OK 2p board -> scripts/overnight/runs/corpus-candidates/kanban-board-1785707643.app.json
[03:24:09] a settings page with labelled toggles and a save button, docType settings => OK 3p settings -> scripts/overnight/runs/corpus-candidates/settings-1785707649.app.json
[03:24:21] an operations dashboard with three KPI stat tiles, a line chart and a data table, docType dashboard => OK 5p dashboard -> scripts/overnight/runs/corpus-candidates/ops-dashboard-1785707661.app.json
[03:24:33] a product catalog with a searchable data table of products, docType catalog => OK 4p catalog -> scripts/overnight/runs/corpus-candidates/product-catalog-1785707673.app.json
[03:24:43] an invoice with a line-item data table and a totals row, docType invoice => OK 4p invoice -> scripts/overnight/runs/corpus-candidates/invoice-1785707683.app.json
[03:24:50] a user profile page with a heading, stats and an activity data table, docType profile => OK 4p profile -> scripts/overnight/runs/corpus-candidates/user-profile-1785707690.app.json
[03:24:56] a survey form with several questions and a submit button, docType form => OK 3p form -> scripts/overnight/runs/corpus-candidates/survey-form-1785707696.app.json
[03:24:58] a contact form with name, email and message fields, docType form => SKIP JSON Parse error: Unexpected identifier "You"
[03:25:01] a kanban board with three columns of task cards, docType board => SKIP JSON Parse error: Unexpected identifier "You"
[03:25:03] a settings page with labelled toggles and a save button, docType settings => SKIP JSON Parse error: Unexpected identifier "You"
[03:25:05] an operations dashboard with three KPI stat tiles, a line chart and a data table, docType dashboard => SKIP JSON Parse error: Unexpected identifier "You"
[03:25:08] a product catalog with a searchable data table of products, docType catalog => SKIP JSON Parse error: Unexpected identifier "You"
[03:25:10] an invoice with a line-item data table and a totals row, docType invoice => SKIP JSON Parse error: Unexpected identifier "You"
[03:25:12] a user profile page with a heading, stats and an activity data table, docType profile => SKIP JSON Parse error: Unexpected identifier "You"
[03:25:15] a survey form with several questions and a submit button, docType form => SKIP JSON Parse error: Unexpected identifier "You"
[03:25:17] a contact form with name, email and message fields, docType form => SKIP JSON Parse error: Unexpected identifier "You"
[03:25:19] a kanban board with three columns of task cards, docType board => SKIP JSON Parse error: Unexpected identifier "You"
[03:25:21] a settings page with labelled toggles and a save button, docType settings => SKIP JSON Parse error: Unexpected identifier "You"
[03:25:23] an operations dashboard with three KPI stat tiles, a line chart and a data table, docType dashboard => SKIP JSON Parse error: Unexpected identifier "You"
[03:25:26] a product catalog with a searchable data table of products, docType catalog => SKIP JSON Parse error: Unexpected identifier "You"
[03:25:28] an invoice with a line-item data table and a totals row, docType invoice => SKIP JSON Parse error: Unexpected identifier "You"
[03:25:30] a user profile page with a heading, stats and an activity data table, docType profile => SKIP JSON Parse error: Unexpected identifier "You"
[03:25:33] a survey form with several questions and a submit button, docType form => SKIP JSON Parse error: Unexpected identifier "You"
[03:25:36] a contact form with name, email and message fields, docType form => SKIP JSON Parse error: Unexpected identifier "You"
[03:25:38] a kanban board with three columns of task cards, docType board => SKIP JSON Parse error: Unexpected identifier "You"
[03:25:40] a settings page with labelled toggles and a save button, docType settings => SKIP JSON Parse error: Unexpected identifier "You"
[03:25:42] an operations dashboard with three KPI stat tiles, a line chart and a data table, docType dashboard => SKIP JSON Parse error: Unexpected identifier "You"
[03:25:45] a product catalog with a searchable data table of products, docType catalog => SKIP JSON Parse error: Unexpected identifier "You"
[03:25:47] an invoice with a line-item data table and a totals row, docType invoice => SKIP JSON Parse error: Unexpected identifier "You"
[03:25:49] a user profile page with a heading, stats and an activity data table, docType profile => SKIP JSON Parse error: Unexpected identifier "You"
[03:25:52] a survey form with several questions and a submit button, docType form => SKIP JSON Parse error: Unexpected identifier "You"
[03:25:54] a contact form with name, email and message fields, docType form => SKIP JSON Parse error: Unexpected identifier "You"
[03:25:56] a kanban board with three columns of task cards, docType board => SKIP JSON Parse error: Unexpected identifier "You"
[03:25:59] a settings page with labelled toggles and a save button, docType settings => SKIP JSON Parse error: Unexpected identifier "You"
[03:26:01] an operations dashboard with three KPI stat tiles, a line chart and a data table, docType dashboard => SKIP JSON Parse error: Unexpected identifier "You"
[03:26:03] a product catalog with a searchable data table of products, docType catalog => SKIP JSON Parse error: Unexpected identifier "You"
[03:26:05] an invoice with a line-item data table and a totals row, docType invoice => SKIP JSON Parse error: Unexpected identifier "You"
[03:26:07] a user profile page with a heading, stats and an activity data table, docType profile => SKIP JSON Parse error: Unexpected identifier "You"
[03:26:09] a survey form with several questions and a submit button, docType form => SKIP JSON Parse error: Unexpected identifier "You"
[03:26:11] a contact form with name, email and message fields, docType form => SKIP JSON Parse error: Unexpected identifier "You"
[03:26:13] a kanban board with three columns of task cards, docType board => SKIP JSON Parse error: Unexpected identifier "You"
[03:26:16] a settings page with labelled toggles and a save button, docType settings => SKIP JSON Parse error: Unexpected identifier "You"
[03:26:18] an operations dashboard with three KPI stat tiles, a line chart and a data table, docType dashboard => SKIP JSON Parse error: Unexpected identifier "You"
[03:26:21] a product catalog with a searchable data table of products, docType catalog => SKIP JSON Parse error: Unexpected identifier "You"
[03:26:23] an invoice with a line-item data table and a totals row, docType invoice => SKIP JSON Parse error: Unexpected identifier "You"
[03:26:25] a user profile page with a heading, stats and an activity data table, docType profile => SKIP JSON Parse error: Unexpected identifier "You"
[03:26:27] a survey form with several questions and a submit button, docType form => SKIP JSON Parse error: Unexpected identifier "You"
[03:26:29] a contact form with name, email and message fields, docType form => SKIP JSON Parse error: Unexpected identifier "You"
[03:26:32] a kanban board with three columns of task cards, docType board => SKIP JSON Parse error: Unexpected identifier "You"
[03:26:34] a settings page with labelled toggles and a save button, docType settings => SKIP JSON Parse error: Unexpected identifier "You"
[03:26:36] an operations dashboard with three KPI stat tiles, a line chart and a data table, docType dashboard => SKIP JSON Parse error: Unexpected identifier "You"
[03:26:38] a product catalog with a searchable data table of products, docType catalog => SKIP JSON Parse error: Unexpected identifier "You"
[03:26:40] an invoice with a line-item data table and a totals row, docType invoice => SKIP JSON Parse error: Unexpected identifier "You"
[03:26:42] a user profile page with a heading, stats and an activity data table, docType profile => SKIP JSON Parse error: Unexpected identifier "You"
[03:26:45] a survey form with several questions and a submit button, docType form => SKIP JSON Parse error: Unexpected identifier "You"
[03:26:47] a contact form with name, email and message fields, docType form => SKIP JSON Parse error: Unexpected identifier "You"
[03:26:49] a kanban board with three columns of task cards, docType board => SKIP JSON Parse error: Unexpected identifier "You"
[03:26:51] a settings page with labelled toggles and a save button, docType settings => SKIP JSON Parse error: Unexpected identifier "You"
[03:26:54] an operations dashboard with three KPI stat tiles, a line chart and a data table, docType dashboard => SKIP JSON Parse error: Unexpected identifier "You"
[03:26:56] a product catalog with a searchable data table of products, docType catalog => SKIP JSON Parse error: Unexpected identifier "You"
[03:26:58] an invoice with a line-item data table and a totals row, docType invoice => SKIP JSON Parse error: Unexpected identifier "You"
[03:27:00] a user profile page with a heading, stats and an activity data table, docType profile => SKIP JSON Parse error: Unexpected identifier "You"
[03:27:03] a survey form with several questions and a submit button, docType form => SKIP JSON Parse error: Unexpected identifier "You"
[03:27:05] a contact form with name, email and message fields, docType form => SKIP JSON Parse error: Unexpected identifier "You"
[03:27:07] a kanban board with three columns of task cards, docType board => SKIP JSON Parse error: Unexpected identifier "You"
[03:27:09] a settings page with labelled toggles and a save button, docType settings => SKIP JSON Parse error: Unexpected identifier "You"
[03:27:11] an operations dashboard with three KPI stat tiles, a line chart and a data table, docType dashboard => SKIP JSON Parse error: Unexpected identifier "You"
[03:27:14] a product catalog with a searchable data table of products, docType catalog => SKIP JSON Parse error: Unexpected identifier "You"
[03:27:16] an invoice with a line-item data table and a totals row, docType invoice => SKIP JSON Parse error: Unexpected identifier "You"
[03:27:19] a user profile page with a heading, stats and an activity data table, docType profile => SKIP JSON Parse error: Unexpected identifier "You"
[03:27:21] a survey form with several questions and a submit button, docType form => SKIP JSON Parse error: Unexpected identifier "You"
[03:27:23] a contact form with name, email and message fields, docType form => SKIP JSON Parse error: Unexpected identifier "You"
[03:27:25] a kanban board with three columns of task cards, docType board => SKIP JSON Parse error: Unexpected identifier "You"
[03:27:28] a settings page with labelled toggles and a save button, docType settings => SKIP JSON Parse error: Unexpected identifier "You"
[03:27:30] an operations dashboard with three KPI stat tiles, a line chart and a data table, docType dashboard => SKIP JSON Parse error: Unexpected identifier "You"
[03:27:33] a product catalog with a searchable data table of products, docType catalog => SKIP JSON Parse error: Unexpected identifier "You"
[03:27:35] an invoice with a line-item data table and a totals row, docType invoice => SKIP JSON Parse error: Unexpected identifier "You"
[03:27:38] a user profile page with a heading, stats and an activity data table, docType profile => SKIP JSON Parse error: Unexpected identifier "You"
[03:27:40] a survey form with several questions and a submit button, docType form => SKIP JSON Parse error: Unexpected identifier "You"
[03:27:43] a contact form with name, email and message fields, docType form => SKIP JSON Parse error: Unexpected identifier "You"
[03:27:45] a kanban board with three columns of task cards, docType board => SKIP JSON Parse error: Unexpected identifier "You"
[03:27:47] a settings page with labelled toggles and a save button, docType settings => SKIP JSON Parse error: Unexpected identifier "You"
[03:27:49] an operations dashboard with three KPI stat tiles, a line chart and a data table, docType dashboard => SKIP JSON Parse error: Unexpected identifier "You"
[03:27:51] a product catalog with a searchable data table of products, docType catalog => SKIP JSON Parse error: Unexpected identifier "You"
[03:27:54] an invoice with a line-item data table and a totals row, docType invoice => SKIP JSON Parse error: Unexpected identifier "You"
[03:27:56] a user profile page with a heading, stats and an activity data table, docType profile => SKIP JSON Parse error: Unexpected identifier "You"
[03:27:58] a survey form with several questions and a submit button, docType form => SKIP JSON Parse error: Unexpected identifier "You"
[03:28:01] a contact form with name, email and message fields, docType form => SKIP JSON Parse error: Unexpected identifier "You"
[03:28:03] a kanban board with three columns of task cards, docType board => SKIP JSON Parse error: Unexpected identifier "You"
[03:28:06] a settings page with labelled toggles and a save button, docType settings => SKIP JSON Parse error: Unexpected identifier "You"
[03:28:08] an operations dashboard with three KPI stat tiles, a line chart and a data table, docType dashboard => SKIP JSON Parse error: Unexpected identifier "You"
[03:28:10] a product catalog with a searchable data table of products, docType catalog => SKIP JSON Parse error: Unexpected identifier "You"
[03:28:12] an invoice with a line-item data table and a totals row, docType invoice => SKIP JSON Parse error: Unexpected identifier "You"
[03:28:14] a user profile page with a heading, stats and an activity data table, docType profile => SKIP JSON Parse error: Unexpected identifier "You"
[03:28:16] a survey form with several questions and a submit button, docType form => SKIP JSON Parse error: Unexpected identifier "You"
[03:28:19] a contact form with name, email and message fields, docType form => SKIP JSON Parse error: Unexpected identifier "You"
[03:28:21] a kanban board with three columns of task cards, docType board => SKIP JSON Parse error: Unexpected identifier "You"
[03:28:24] a settings page with labelled toggles and a save button, docType settings => SKIP JSON Parse error: Unexpected identifier "You"
[03:28:26] an operations dashboard with three KPI stat tiles, a line chart and a data table, docType dashboard => SKIP JSON Parse error: Unexpected identifier "You"
[03:28:28] a product catalog with a searchable data table of products, docType catalog => SKIP JSON Parse error: Unexpected identifier "You"
[03:28:31] an invoice with a line-item data table and a totals row, docType invoice => SKIP JSON Parse error: Unexpected identifier "You"
[03:28:33] a user profile page with a heading, stats and an activity data table, docType profile => SKIP JSON Parse error: Unexpected identifier "You"
[03:28:35] a survey form with several questions and a submit button, docType form => SKIP JSON Parse error: Unexpected identifier "You"
[03:28:38] a contact form with name, email and message fields, docType form => SKIP JSON Parse error: Unexpected identifier "You"
[03:28:40] a kanban board with three columns of task cards, docType board => SKIP JSON Parse error: Unexpected identifier "You"
[03:28:42] a settings page with labelled toggles and a save button, docType settings => SKIP JSON Parse error: Unexpected identifier "You"
[03:28:44] an operations dashboard with three KPI stat tiles, a line chart and a data table, docType dashboard => SKIP JSON Parse error: Unexpected identifier "You"
[03:28:47] a product catalog with a searchable data table of products, docType catalog => SKIP JSON Parse error: Unexpected identifier "You"
[03:28:50] an invoice with a line-item data table and a totals row, docType invoice => SKIP JSON Parse error: Unexpected identifier "You"
[03:28:52] a user profile page with a heading, stats and an activity data table, docType profile => SKIP JSON Parse error: Unexpected identifier "You"
[03:28:54] a survey form with several questions and a submit button, docType form => SKIP JSON Parse error: Unexpected identifier "You"
[03:28:56] a contact form with name, email and message fields, docType form => SKIP JSON Parse error: Unexpected identifier "You"
[03:28:58] a kanban board with three columns of task cards, docType board => SKIP JSON Parse error: Unexpected identifier "You"
[03:29:01] a settings page with labelled toggles and a save button, docType settings => SKIP JSON Parse error: Unexpected identifier "You"
[03:29:05] an operations dashboard with three KPI stat tiles, a line chart and a data table, docType dashboard => SKIP JSON Parse error: Unexpected identifier "You"
[03:29:08] a product catalog with a searchable data table of products, docType catalog => SKIP JSON Parse error: Unexpected identifier "You"
[03:29:10] an invoice with a line-item data table and a totals row, docType invoice => SKIP JSON Parse error: Unexpected identifier "You"
[03:29:12] a user profile page with a heading, stats and an activity data table, docType profile => SKIP JSON Parse error: Unexpected identifier "You"
[03:29:14] a survey form with several questions and a submit button, docType form => SKIP JSON Parse error: Unexpected identifier "You"
[03:29:17] a contact form with name, email and message fields, docType form => SKIP JSON Parse error: Unexpected identifier "You"
[03:29:19] a kanban board with three columns of task cards, docType board => SKIP JSON Parse error: Unexpected identifier "You"
[03:29:21] a settings page with labelled toggles and a save button, docType settings => SKIP JSON Parse error: Unexpected identifier "You"
[03:29:24] an operations dashboard with three KPI stat tiles, a line chart and a data table, docType dashboard => SKIP JSON Parse error: Unexpected identifier "You"
[03:29:26] a product catalog with a searchable data table of products, docType catalog => SKIP JSON Parse error: Unexpected identifier "You"
[03:29:28] an invoice with a line-item data table and a totals row, docType invoice => SKIP JSON Parse error: Unexpected identifier "You"
[03:29:30] a user profile page with a heading, stats and an activity data table, docType profile => SKIP JSON Parse error: Unexpected identifier "You"
[03:29:33] a survey form with several questions and a submit button, docType form => SKIP JSON Parse error: Unexpected identifier "You"
[03:29:35] a contact form with name, email and message fields, docType form => SKIP JSON Parse error: Unexpected identifier "You"
[03:29:37] a kanban board with three columns of task cards, docType board => SKIP JSON Parse error: Unexpected identifier "You"
[03:29:39] a settings page with labelled toggles and a save button, docType settings => SKIP JSON Parse error: Unexpected identifier "You"
[03:29:41] an operations dashboard with three KPI stat tiles, a line chart and a data table, docType dashboard => SKIP JSON Parse error: Unexpected identifier "You"
[03:29:43] a product catalog with a searchable data table of products, docType catalog => SKIP JSON Parse error: Unexpected identifier "You"
[03:29:46] an invoice with a line-item data table and a totals row, docType invoice => SKIP JSON Parse error: Unexpected identifier "You"
[03:29:48] a user profile page with a heading, stats and an activity data table, docType profile => SKIP JSON Parse error: Unexpected identifier "You"
[03:29:51] a survey form with several questions and a submit button, docType form => SKIP JSON Parse error: Unexpected identifier "You"
[03:29:53] a contact form with name, email and message fields, docType form => SKIP JSON Parse error: Unexpected identifier "You"
[03:29:55] a kanban board with three columns of task cards, docType board => SKIP JSON Parse error: Unexpected identifier "You"
[03:29:58] a settings page with labelled toggles and a save button, docType settings => SKIP JSON Parse error: Unexpected identifier "You"
[03:30:00] an operations dashboard with three KPI stat tiles, a line chart and a data table, docType dashboard => SKIP JSON Parse error: Unexpected identifier "You"
[03:30:02] a product catalog with a searchable data table of products, docType catalog => SKIP JSON Parse error: Unexpected identifier "You"
[03:30:04] an invoice with a line-item data table and a totals row, docType invoice => SKIP JSON Parse error: Unexpected identifier "You"
[03:30:06] a user profile page with a heading, stats and an activity data table, docType profile => SKIP JSON Parse error: Unexpected identifier "You"
[03:30:09] a survey form with several questions and a submit button, docType form => SKIP JSON Parse error: Unexpected identifier "You"
[03:30:11] a contact form with name, email and message fields, docType form => SKIP JSON Parse error: Unexpected identifier "You"
[03:30:13] a kanban board with three columns of task cards, docType board => SKIP JSON Parse error: Unexpected identifier "You"
[03:30:15] a settings page with labelled toggles and a save button, docType settings => SKIP JSON Parse error: Unexpected identifier "You"
[03:30:17] an operations dashboard with three KPI stat tiles, a line chart and a data table, docType dashboard => SKIP JSON Parse error: Unexpected identifier "You"
[03:30:20] a product catalog with a searchable data table of products, docType catalog => SKIP JSON Parse error: Unexpected identifier "You"
[03:30:22] an invoice with a line-item data table and a totals row, docType invoice => SKIP JSON Parse error: Unexpected identifier "You"
[03:30:24] a user profile page with a heading, stats and an activity data table, docType profile => SKIP JSON Parse error: Unexpected identifier "You"
[03:30:26] a survey form with several questions and a submit button, docType form => SKIP JSON Parse error: Unexpected identifier "You"
[03:30:29] a contact form with name, email and message fields, docType form => SKIP JSON Parse error: Unexpected identifier "You"
[03:30:31] a kanban board with three columns of task cards, docType board => SKIP JSON Parse error: Unexpected identifier "You"
[03:30:33] a settings page with labelled toggles and a save button, docType settings => SKIP JSON Parse error: Unexpected identifier "You"
[03:30:36] an operations dashboard with three KPI stat tiles, a line chart and a data table, docType dashboard => SKIP JSON Parse error: Unexpected identifier "You"
[03:30:38] a product catalog with a searchable data table of products, docType catalog => SKIP JSON Parse error: Unexpected identifier "You"
[03:30:40] an invoice with a line-item data table and a totals row, docType invoice => SKIP JSON Parse error: Unexpected identifier "You"
[03:30:42] a user profile page with a heading, stats and an activity data table, docType profile => SKIP JSON Parse error: Unexpected identifier "You"
[03:30:44] a survey form with several questions and a submit button, docType form => SKIP JSON Parse error: Unexpected identifier "You"
[03:30:47] a contact form with name, email and message fields, docType form => SKIP JSON Parse error: Unexpected identifier "You"
[03:30:49] a kanban board with three columns of task cards, docType board => SKIP JSON Parse error: Unexpected identifier "You"
[03:30:52] a settings page with labelled toggles and a save button, docType settings => SKIP JSON Parse error: Unexpected identifier "You"
[03:30:54] an operations dashboard with three KPI stat tiles, a line chart and a data table, docType dashboard => SKIP JSON Parse error: Unexpected identifier "You"
[03:30:57] a product catalog with a searchable data table of products, docType catalog => SKIP JSON Parse error: Unexpected identifier "You"
[03:30:59] an invoice with a line-item data table and a totals row, docType invoice => SKIP JSON Parse error: Unexpected identifier "You"
[03:31:01] a user profile page with a heading, stats and an activity data table, docType profile => SKIP JSON Parse error: Unexpected identifier "You"
[03:31:03] a survey form with several questions and a submit button, docType form => SKIP JSON Parse error: Unexpected identifier "You"
[03:31:09] a contact form with name, email and message fields, docType form => SKIP JSON Parse error: Unexpected identifier "You"
[03:31:11] a kanban board with three columns of task cards, docType board => SKIP JSON Parse error: Unexpected identifier "You"
[03:31:14] a settings page with labelled toggles and a save button, docType settings => SKIP JSON Parse error: Unexpected identifier "You"
[03:31:17] an operations dashboard with three KPI stat tiles, a line chart and a data table, docType dashboard => SKIP JSON Parse error: Unexpected identifier "You"
[03:31:20] a product catalog with a searchable data table of products, docType catalog => SKIP JSON Parse error: Unexpected identifier "You"
[03:31:22] an invoice with a line-item data table and a totals row, docType invoice => SKIP JSON Parse error: Unexpected identifier "You"
[03:31:24] a user profile page with a heading, stats and an activity data table, docType profile => SKIP JSON Parse error: Unexpected identifier "You"
[03:31:26] a survey form with several questions and a submit button, docType form => SKIP JSON Parse error: Unexpected identifier "You"
[03:31:28] a contact form with name, email and message fields, docType form => SKIP JSON Parse error: Unexpected identifier "You"
[03:31:31] a kanban board with three columns of task cards, docType board => SKIP JSON Parse error: Unexpected identifier "You"
[03:31:33] a settings page with labelled toggles and a save button, docType settings => SKIP JSON Parse error: Unexpected identifier "You"
[03:31:36] an operations dashboard with three KPI stat tiles, a line chart and a data table, docType dashboard => SKIP JSON Parse error: Unexpected identifier "You"
[03:31:38] a product catalog with a searchable data table of products, docType catalog => SKIP JSON Parse error: Unexpected identifier "You"
[03:31:40] an invoice with a line-item data table and a totals row, docType invoice => SKIP JSON Parse error: Unexpected identifier "You"
[03:31:42] a user profile page with a heading, stats and an activity data table, docType profile => SKIP JSON Parse error: Unexpected identifier "You"
[03:31:45] a survey form with several questions and a submit button, docType form => SKIP JSON Parse error: Unexpected identifier "You"
[03:31:52] a contact form with name, email and message fields, docType form => SKIP JSON Parse error: Unexpected identifier "You"
[03:31:54] a kanban board with three columns of task cards, docType board => SKIP JSON Parse error: Unexpected identifier "You"
[03:31:56] a settings page with labelled toggles and a save button, docType settings => SKIP JSON Parse error: Unexpected identifier "You"
[03:31:58] an operations dashboard with three KPI stat tiles, a line chart and a data table, docType dashboard => SKIP JSON Parse error: Unexpected identifier "You"
[03:32:01] a product catalog with a searchable data table of products, docType catalog => SKIP JSON Parse error: Unexpected identifier "You"
[03:32:03] an invoice with a line-item data table and a totals row, docType invoice => SKIP JSON Parse error: Unexpected identifier "You"
[03:32:06] a user profile page with a heading, stats and an activity data table, docType profile => SKIP JSON Parse error: Unexpected identifier "You"
[03:32:09] a survey form with several questions and a submit button, docType form => SKIP JSON Parse error: Unexpected identifier "You"
[03:32:11] a contact form with name, email and message fields, docType form => SKIP JSON Parse error: Unexpected identifier "You"
[03:32:13] a kanban board with three columns of task cards, docType board => SKIP JSON Parse error: Unexpected identifier "You"
[03:32:16] a settings page with labelled toggles and a save button, docType settings => SKIP JSON Parse error: Unexpected identifier "You"
[03:32:18] an operations dashboard with three KPI stat tiles, a line chart and a data table, docType dashboard => SKIP JSON Parse error: Unexpected identifier "You"
[03:32:20] a product catalog with a searchable data table of products, docType catalog => SKIP JSON Parse error: Unexpected identifier "You"
[03:32:22] an invoice with a line-item data table and a totals row, docType invoice => SKIP JSON Parse error: Unexpected identifier "You"
[03:32:24] a user profile page with a heading, stats and an activity data table, docType profile => SKIP JSON Parse error: Unexpected identifier "You"
[03:32:27] a survey form with several questions and a submit button, docType form => SKIP JSON Parse error: Unexpected identifier "You"
[03:32:29] a contact form with name, email and message fields, docType form => SKIP JSON Parse error: Unexpected identifier "You"
[03:32:31] a kanban board with three columns of task cards, docType board => SKIP JSON Parse error: Unexpected identifier "You"
[03:32:33] a settings page with labelled toggles and a save button, docType settings => SKIP JSON Parse error: Unexpected identifier "You"
[03:32:36] an operations dashboard with three KPI stat tiles, a line chart and a data table, docType dashboard => SKIP JSON Parse error: Unexpected identifier "You"
[03:32:38] a product catalog with a searchable data table of products, docType catalog => SKIP JSON Parse error: Unexpected identifier "You"
[03:32:41] an invoice with a line-item data table and a totals row, docType invoice => SKIP JSON Parse error: Unexpected identifier "You"
[03:32:43] a user profile page with a heading, stats and an activity data table, docType profile => SKIP JSON Parse error: Unexpected identifier "You"
[03:32:45] a survey form with several questions and a submit button, docType form => SKIP JSON Parse error: Unexpected identifier "You"
[03:32:47] a contact form with name, email and message fields, docType form => SKIP JSON Parse error: Unexpected identifier "You"
[03:32:49] a kanban board with three columns of task cards, docType board => SKIP JSON Parse error: Unexpected identifier "You"
[03:32:51] a settings page with labelled toggles and a save button, docType settings => SKIP JSON Parse error: Unexpected identifier "You"
[03:32:53] an operations dashboard with three KPI stat tiles, a line chart and a data table, docType dashboard => SKIP JSON Parse error: Unexpected identifier "You"
[03:32:56] a product catalog with a searchable data table of products, docType catalog => SKIP JSON Parse error: Unexpected identifier "You"
[03:32:58] an invoice with a line-item data table and a totals row, docType invoice => SKIP JSON Parse error: Unexpected identifier "You"
[03:33:01] a user profile page with a heading, stats and an activity data table, docType profile => SKIP JSON Parse error: Unexpected identifier "You"
[03:33:03] a survey form with several questions and a submit button, docType form => SKIP JSON Parse error: Unexpected identifier "You"
[03:33:05] a contact form with name, email and message fields, docType form => SKIP JSON Parse error: Unexpected identifier "You"
[03:33:08] a kanban board with three columns of task cards, docType board => SKIP JSON Parse error: Unexpected identifier "You"
[03:33:10] a settings page with labelled toggles and a save button, docType settings => SKIP JSON Parse error: Unexpected identifier "You"
[03:33:12] an operations dashboard with three KPI stat tiles, a line chart and a data table, docType dashboard => SKIP JSON Parse error: Unexpected identifier "You"
[03:33:15] a product catalog with a searchable data table of products, docType catalog => SKIP JSON Parse error: Unexpected identifier "You"
[03:33:17] an invoice with a line-item data table and a totals row, docType invoice => SKIP JSON Parse error: Unexpected identifier "You"
[03:33:19] a user profile page with a heading, stats and an activity data table, docType profile => SKIP JSON Parse error: Unexpected identifier "You"
[03:33:22] a survey form with several questions and a submit button, docType form => SKIP JSON Parse error: Unexpected identifier "You"
[03:33:25] a contact form with name, email and message fields, docType form => SKIP JSON Parse error: Unexpected identifier "You"
[03:33:27] a kanban board with three columns of task cards, docType board => SKIP JSON Parse error: Unexpected identifier "You"
[03:33:29] a settings page with labelled toggles and a save button, docType settings => SKIP JSON Parse error: Unexpected identifier "You"
[03:33:31] an operations dashboard with three KPI stat tiles, a line chart and a data table, docType dashboard => SKIP JSON Parse error: Unexpected identifier "You"
[03:33:33] a product catalog with a searchable data table of products, docType catalog => SKIP JSON Parse error: Unexpected identifier "You"
[03:33:36] an invoice with a line-item data table and a totals row, docType invoice => SKIP JSON Parse error: Unexpected identifier "You"
[03:33:39] a user profile page with a heading, stats and an activity data table, docType profile => SKIP JSON Parse error: Unexpected identifier "You"
[03:33:41] a survey form with several questions and a submit button, docType form => SKIP JSON Parse error: Unexpected identifier "You"
[03:33:44] a contact form with name, email and message fields, docType form => SKIP JSON Parse error: Unexpected identifier "You"
[03:33:46] a kanban board with three columns of task cards, docType board => SKIP JSON Parse error: Unexpected identifier "You"
[03:33:48] a settings page with labelled toggles and a save button, docType settings => SKIP JSON Parse error: Unexpected identifier "You"
[03:33:51] an operations dashboard with three KPI stat tiles, a line chart and a data table, docType dashboard => SKIP JSON Parse error: Unexpected identifier "You"
[03:33:53] a product catalog with a searchable data table of products, docType catalog => SKIP JSON Parse error: Unexpected identifier "You"
[03:33:55] an invoice with a line-item data table and a totals row, docType invoice => SKIP JSON Parse error: Unexpected identifier "You"
[03:33:57] a user profile page with a heading, stats and an activity data table, docType profile => SKIP JSON Parse error: Unexpected identifier "You"
[03:34:00] a survey form with several questions and a submit button, docType form => SKIP JSON Parse error: Unexpected identifier "You"
[03:34:02] a contact form with name, email and message fields, docType form => SKIP JSON Parse error: Unexpected identifier "You"
[03:34:05] a kanban board with three columns of task cards, docType board => SKIP JSON Parse error: Unexpected identifier "You"
[03:34:07] a settings page with labelled toggles and a save button, docType settings => SKIP JSON Parse error: Unexpected identifier "You"
[03:34:09] an operations dashboard with three KPI stat tiles, a line chart and a data table, docType dashboard => SKIP JSON Parse error: Unexpected identifier "You"
[03:34:12] a product catalog with a searchable data table of products, docType catalog => SKIP JSON Parse error: Unexpected identifier "You"
[03:34:14] an invoice with a line-item data table and a totals row, docType invoice => SKIP JSON Parse error: Unexpected identifier "You"
[03:34:17] a user profile page with a heading, stats and an activity data table, docType profile => SKIP JSON Parse error: Unexpected identifier "You"
[03:34:19] a survey form with several questions and a submit button, docType form => SKIP JSON Parse error: Unexpected identifier "You"
[03:34:22] a contact form with name, email and message fields, docType form => SKIP JSON Parse error: Unexpected identifier "You"
[03:34:24] a kanban board with three columns of task cards, docType board => SKIP JSON Parse error: Unexpected identifier "You"
[03:34:26] a settings page with labelled toggles and a save button, docType settings => SKIP JSON Parse error: Unexpected identifier "You"
[03:34:28] an operations dashboard with three KPI stat tiles, a line chart and a data table, docType dashboard => SKIP JSON Parse error: Unexpected identifier "You"
[03:34:31] a product catalog with a searchable data table of products, docType catalog => SKIP JSON Parse error: Unexpected identifier "You"
[03:34:33] an invoice with a line-item data table and a totals row, docType invoice => SKIP JSON Parse error: Unexpected identifier "You"
[03:34:35] a user profile page with a heading, stats and an activity data table, docType profile => SKIP JSON Parse error: Unexpected identifier "You"
[03:34:37] a survey form with several questions and a submit button, docType form => SKIP JSON Parse error: Unexpected identifier "You"
[03:34:40] a contact form with name, email and message fields, docType form => SKIP JSON Parse error: Unexpected identifier "You"
[03:34:42] a kanban board with three columns of task cards, docType board => SKIP JSON Parse error: Unexpected identifier "You"
[03:34:49] a settings page with labelled toggles and a save button, docType settings => SKIP JSON Parse error: Unexpected identifier "You"
[03:34:51] an operations dashboard with three KPI stat tiles, a line chart and a data table, docType dashboard => SKIP JSON Parse error: Unexpected identifier "You"
[03:34:53] a product catalog with a searchable data table of products, docType catalog => SKIP JSON Parse error: Unexpected identifier "You"
[03:34:55] an invoice with a line-item data table and a totals row, docType invoice => SKIP JSON Parse error: Unexpected identifier "You"
[03:34:57] a user profile page with a heading, stats and an activity data table, docType profile => SKIP JSON Parse error: Unexpected identifier "You"
[03:35:00] a survey form with several questions and a submit button, docType form => SKIP JSON Parse error: Unexpected identifier "You"
[03:35:02] a contact form with name, email and message fields, docType form => SKIP JSON Parse error: Unexpected identifier "You"
[03:35:05] a kanban board with three columns of task cards, docType board => SKIP JSON Parse error: Unexpected identifier "You"
[03:35:07] a settings page with labelled toggles and a save button, docType settings => SKIP JSON Parse error: Unexpected identifier "You"
[03:35:09] an operations dashboard with three KPI stat tiles, a line chart and a data table, docType dashboard => SKIP JSON Parse error: Unexpected identifier "You"
[03:35:11] a product catalog with a searchable data table of products, docType catalog => SKIP JSON Parse error: Unexpected identifier "You"
[03:35:13] an invoice with a line-item data table and a totals row, docType invoice => SKIP JSON Parse error: Unexpected identifier "You"
[03:35:16] a user profile page with a heading, stats and an activity data table, docType profile => SKIP JSON Parse error: Unexpected identifier "You"
[03:35:18] a survey form with several questions and a submit button, docType form => SKIP JSON Parse error: Unexpected identifier "You"
[03:35:20] a contact form with name, email and message fields, docType form => SKIP JSON Parse error: Unexpected identifier "You"
[03:35:22] a kanban board with three columns of task cards, docType board => SKIP JSON Parse error: Unexpected identifier "You"
[03:35:25] a settings page with labelled toggles and a save button, docType settings => SKIP JSON Parse error: Unexpected identifier "You"
[03:35:27] an operations dashboard with three KPI stat tiles, a line chart and a data table, docType dashboard => SKIP JSON Parse error: Unexpected identifier "You"
[03:35:29] a product catalog with a searchable data table of products, docType catalog => SKIP JSON Parse error: Unexpected identifier "You"
[03:35:31] an invoice with a line-item data table and a totals row, docType invoice => SKIP JSON Parse error: Unexpected identifier "You"
[03:35:33] a user profile page with a heading, stats and an activity data table, docType profile => SKIP JSON Parse error: Unexpected identifier "You"
[03:35:35] a survey form with several questions and a submit button, docType form => SKIP JSON Parse error: Unexpected identifier "You"
[03:35:37] a contact form with name, email and message fields, docType form => SKIP JSON Parse error: Unexpected identifier "You"
[03:35:40] a kanban board with three columns of task cards, docType board => SKIP JSON Parse error: Unexpected identifier "You"
[03:35:42] a settings page with labelled toggles and a save button, docType settings => SKIP JSON Parse error: Unexpected identifier "You"
[03:35:44] an operations dashboard with three KPI stat tiles, a line chart and a data table, docType dashboard => SKIP JSON Parse error: Unexpected identifier "You"
[03:35:46] a product catalog with a searchable data table of products, docType catalog => SKIP JSON Parse error: Unexpected identifier "You"
[03:35:48] an invoice with a line-item data table and a totals row, docType invoice => SKIP JSON Parse error: Unexpected identifier "You"
[03:35:51] a user profile page with a heading, stats and an activity data table, docType profile => SKIP JSON Parse error: Unexpected identifier "You"
[03:35:53] a survey form with several questions and a submit button, docType form => SKIP JSON Parse error: Unexpected identifier "You"
[03:35:55] a contact form with name, email and message fields, docType form => SKIP JSON Parse error: Unexpected identifier "You"
[03:35:58] a kanban board with three columns of task cards, docType board => SKIP JSON Parse error: Unexpected identifier "You"
[03:36:00] a settings page with labelled toggles and a save button, docType settings => SKIP JSON Parse error: Unexpected identifier "You"
[03:36:02] an operations dashboard with three KPI stat tiles, a line chart and a data table, docType dashboard => SKIP JSON Parse error: Unexpected identifier "You"
[03:36:04] a product catalog with a searchable data table of products, docType catalog => SKIP JSON Parse error: Unexpected identifier "You"
[03:36:06] an invoice with a line-item data table and a totals row, docType invoice => SKIP JSON Parse error: Unexpected identifier "You"
[03:36:08] a user profile page with a heading, stats and an activity data table, docType profile => SKIP JSON Parse error: Unexpected identifier "You"
[03:36:10] a survey form with several questions and a submit button, docType form => SKIP JSON Parse error: Unexpected identifier "You"
[03:36:15] a contact form with name, email and message fields, docType form => SKIP JSON Parse error: Unexpected identifier "You"
[03:36:17] a kanban board with three columns of task cards, docType board => SKIP JSON Parse error: Unexpected identifier "You"
[03:36:19] a settings page with labelled toggles and a save button, docType settings => SKIP JSON Parse error: Unexpected identifier "You"
[03:36:21] an operations dashboard with three KPI stat tiles, a line chart and a data table, docType dashboard => SKIP JSON Parse error: Unexpected identifier "You"
[03:36:24] a product catalog with a searchable data table of products, docType catalog => SKIP JSON Parse error: Unexpected identifier "You"
[03:36:26] an invoice with a line-item data table and a totals row, docType invoice => SKIP JSON Parse error: Unexpected identifier "You"
[03:36:28] a user profile page with a heading, stats and an activity data table, docType profile => SKIP JSON Parse error: Unexpected identifier "You"
[03:36:30] a survey form with several questions and a submit button, docType form => SKIP JSON Parse error: Unexpected identifier "You"
[03:36:32] a contact form with name, email and message fields, docType form => SKIP JSON Parse error: Unexpected identifier "You"
[03:36:35] a kanban board with three columns of task cards, docType board => SKIP JSON Parse error: Unexpected identifier "You"
[03:36:37] a settings page with labelled toggles and a save button, docType settings => SKIP JSON Parse error: Unexpected identifier "You"
[03:36:39] an operations dashboard with three KPI stat tiles, a line chart and a data table, docType dashboard => SKIP JSON Parse error: Unexpected identifier "You"
[03:36:41] a product catalog with a searchable data table of products, docType catalog => SKIP JSON Parse error: Unexpected identifier "You"
[03:36:43] an invoice with a line-item data table and a totals row, docType invoice => SKIP JSON Parse error: Unexpected identifier "You"
[03:36:45] a user profile page with a heading, stats and an activity data table, docType profile => SKIP JSON Parse error: Unexpected identifier "You"
[03:36:48] a survey form with several questions and a submit button, docType form => SKIP JSON Parse error: Unexpected identifier "You"
[03:36:50] a contact form with name, email and message fields, docType form => SKIP JSON Parse error: Unexpected identifier "You"
[03:36:53] a kanban board with three columns of task cards, docType board => SKIP JSON Parse error: Unexpected identifier "You"
[03:36:55] a settings page with labelled toggles and a save button, docType settings => SKIP JSON Parse error: Unexpected identifier "You"
[03:36:57] an operations dashboard with three KPI stat tiles, a line chart and a data table, docType dashboard => SKIP JSON Parse error: Unexpected identifier "You"
[03:37:01] a product catalog with a searchable data table of products, docType catalog => SKIP JSON Parse error: Unexpected identifier "You"
[03:37:03] an invoice with a line-item data table and a totals row, docType invoice => SKIP JSON Parse error: Unexpected identifier "You"
[03:37:06] a user profile page with a heading, stats and an activity data table, docType profile => SKIP JSON Parse error: Unexpected identifier "You"
[03:37:09] a survey form with several questions and a submit button, docType form => SKIP JSON Parse error: Unexpected identifier "You"
[03:37:11] a contact form with name, email and message fields, docType form => SKIP JSON Parse error: Unexpected identifier "You"
[03:37:13] a kanban board with three columns of task cards, docType board => SKIP JSON Parse error: Unexpected identifier "You"
[03:37:15] a settings page with labelled toggles and a save button, docType settings => SKIP JSON Parse error: Unexpected identifier "You"
[03:37:17] an operations dashboard with three KPI stat tiles, a line chart and a data table, docType dashboard => SKIP JSON Parse error: Unexpected identifier "You"
[03:37:19] a product catalog with a searchable data table of products, docType catalog => SKIP JSON Parse error: Unexpected identifier "You"
[03:37:21] an invoice with a line-item data table and a totals row, docType invoice => SKIP JSON Parse error: Unexpected identifier "You"
[03:37:24] a user profile page with a heading, stats and an activity data table, docType profile => SKIP JSON Parse error: Unexpected identifier "You"
[03:37:27] a survey form with several questions and a submit button, docType form => SKIP JSON Parse error: Unexpected identifier "You"
[03:37:29] a contact form with name, email and message fields, docType form => SKIP JSON Parse error: Unexpected identifier "You"
[03:37:32] a kanban board with three columns of task cards, docType board => SKIP JSON Parse error: Unexpected identifier "You"
[03:37:34] a settings page with labelled toggles and a save button, docType settings => SKIP JSON Parse error: Unexpected identifier "You"
[03:37:37] an operations dashboard with three KPI stat tiles, a line chart and a data table, docType dashboard => SKIP JSON Parse error: Unexpected identifier "You"
[03:37:39] a product catalog with a searchable data table of products, docType catalog => SKIP JSON Parse error: Unexpected identifier "You"
[03:37:42] an invoice with a line-item data table and a totals row, docType invoice => SKIP JSON Parse error: Unexpected identifier "You"
[03:37:44] a user profile page with a heading, stats and an activity data table, docType profile => SKIP JSON Parse error: Unexpected identifier "You"
[03:37:46] a survey form with several questions and a submit button, docType form => SKIP JSON Parse error: Unexpected identifier "You"
[03:37:48] a contact form with name, email and message fields, docType form => SKIP JSON Parse error: Unexpected identifier "You"
[03:37:50] a kanban board with three columns of task cards, docType board => SKIP JSON Parse error: Unexpected identifier "You"
[03:37:53] a settings page with labelled toggles and a save button, docType settings => SKIP JSON Parse error: Unexpected identifier "You"
[03:37:55] an operations dashboard with three KPI stat tiles, a line chart and a data table, docType dashboard => SKIP JSON Parse error: Unexpected identifier "You"
[03:37:57] a product catalog with a searchable data table of products, docType catalog => SKIP JSON Parse error: Unexpected identifier "You"
[03:37:59] an invoice with a line-item data table and a totals row, docType invoice => SKIP JSON Parse error: Unexpected identifier "You"
[03:38:01] a user profile page with a heading, stats and an activity data table, docType profile => SKIP JSON Parse error: Unexpected identifier "You"
[03:38:04] a survey form with several questions and a submit button, docType form => SKIP JSON Parse error: Unexpected identifier "You"
[03:38:06] a contact form with name, email and message fields, docType form => SKIP JSON Parse error: Unexpected identifier "You"
[03:38:08] a kanban board with three columns of task cards, docType board => SKIP JSON Parse error: Unexpected identifier "You"
[03:38:11] a settings page with labelled toggles and a save button, docType settings => SKIP JSON Parse error: Unexpected identifier "You"
[03:38:13] an operations dashboard with three KPI stat tiles, a line chart and a data table, docType dashboard => SKIP JSON Parse error: Unexpected identifier "You"
[03:38:15] a product catalog with a searchable data table of products, docType catalog => SKIP JSON Parse error: Unexpected identifier "You"
[03:38:17] an invoice with a line-item data table and a totals row, docType invoice => SKIP JSON Parse error: Unexpected identifier "You"
[03:38:20] a user profile page with a heading, stats and an activity data table, docType profile => SKIP JSON Parse error: Unexpected identifier "You"
[03:38:22] a survey form with several questions and a submit button, docType form => SKIP JSON Parse error: Unexpected identifier "You"
[03:38:24] a contact form with name, email and message fields, docType form => SKIP JSON Parse error: Unexpected identifier "You"
[03:38:26] a kanban board with three columns of task cards, docType board => SKIP JSON Parse error: Unexpected identifier "You"
[03:38:29] a settings page with labelled toggles and a save button, docType settings => SKIP JSON Parse error: Unexpected identifier "You"
[03:38:32] an operations dashboard with three KPI stat tiles, a line chart and a data table, docType dashboard => SKIP JSON Parse error: Unexpected identifier "You"
[03:38:35] a product catalog with a searchable data table of products, docType catalog => SKIP JSON Parse error: Unexpected identifier "You"
[03:38:37] an invoice with a line-item data table and a totals row, docType invoice => SKIP JSON Parse error: Unexpected identifier "You"
[03:38:39] a user profile page with a heading, stats and an activity data table, docType profile => SKIP JSON Parse error: Unexpected identifier "You"
[03:38:41] a survey form with several questions and a submit button, docType form => SKIP JSON Parse error: Unexpected identifier "You"
[03:38:44] a contact form with name, email and message fields, docType form => SKIP JSON Parse error: Unexpected identifier "You"
[03:38:46] a kanban board with three columns of task cards, docType board => SKIP JSON Parse error: Unexpected identifier "You"
[03:38:48] a settings page with labelled toggles and a save button, docType settings => SKIP JSON Parse error: Unexpected identifier "You"
[03:38:50] an operations dashboard with three KPI stat tiles, a line chart and a data table, docType dashboard => SKIP JSON Parse error: Unexpected identifier "You"
[03:38:53] a product catalog with a searchable data table of products, docType catalog => SKIP JSON Parse error: Unexpected identifier "You"
[03:38:55] an invoice with a line-item data table and a totals row, docType invoice => SKIP JSON Parse error: Unexpected identifier "You"
[03:38:57] a user profile page with a heading, stats and an activity data table, docType profile => SKIP JSON Parse error: Unexpected identifier "You"
[03:38:59] a survey form with several questions and a submit button, docType form => SKIP JSON Parse error: Unexpected identifier "You"
[03:39:01] a contact form with name, email and message fields, docType form => SKIP JSON Parse error: Unexpected identifier "You"
[03:39:04] a kanban board with three columns of task cards, docType board => SKIP JSON Parse error: Unexpected identifier "You"
[03:39:06] a settings page with labelled toggles and a save button, docType settings => SKIP JSON Parse error: Unexpected identifier "You"
[03:39:08] an operations dashboard with three KPI stat tiles, a line chart and a data table, docType dashboard => SKIP JSON Parse error: Unexpected identifier "You"
[03:39:10] a product catalog with a searchable data table of products, docType catalog => SKIP JSON Parse error: Unexpected identifier "You"
[03:39:13] an invoice with a line-item data table and a totals row, docType invoice => SKIP JSON Parse error: Unexpected identifier "You"
[03:39:16] a user profile page with a heading, stats and an activity data table, docType profile => SKIP JSON Parse error: Unexpected identifier "You"
[03:39:18] a survey form with several questions and a submit button, docType form => SKIP JSON Parse error: Unexpected identifier "You"
[03:39:20] a contact form with name, email and message fields, docType form => SKIP JSON Parse error: Unexpected identifier "You"
[03:39:23] a kanban board with three columns of task cards, docType board => SKIP JSON Parse error: Unexpected identifier "You"
[03:39:25] a settings page with labelled toggles and a save button, docType settings => SKIP JSON Parse error: Unexpected identifier "You"
[03:39:27] an operations dashboard with three KPI stat tiles, a line chart and a data table, docType dashboard => SKIP JSON Parse error: Unexpected identifier "You"
[03:39:29] a product catalog with a searchable data table of products, docType catalog => SKIP JSON Parse error: Unexpected identifier "You"
[03:39:32] an invoice with a line-item data table and a totals row, docType invoice => SKIP JSON Parse error: Unexpected identifier "You"
[03:39:34] a user profile page with a heading, stats and an activity data table, docType profile => SKIP JSON Parse error: Unexpected identifier "You"
[03:39:36] a survey form with several questions and a submit button, docType form => SKIP JSON Parse error: Unexpected identifier "You"
[03:39:39] a contact form with name, email and message fields, docType form => SKIP JSON Parse error: Unexpected identifier "You"
[03:39:41] a kanban board with three columns of task cards, docType board => SKIP JSON Parse error: Unexpected identifier "You"
[03:39:43] a settings page with labelled toggles and a save button, docType settings => SKIP JSON Parse error: Unexpected identifier "You"
[03:39:45] an operations dashboard with three KPI stat tiles, a line chart and a data table, docType dashboard => SKIP JSON Parse error: Unexpected identifier "You"
[03:39:48] a product catalog with a searchable data table of products, docType catalog => SKIP JSON Parse error: Unexpected identifier "You"
[03:39:50] an invoice with a line-item data table and a totals row, docType invoice => SKIP JSON Parse error: Unexpected identifier "You"
[03:39:52] a user profile page with a heading, stats and an activity data table, docType profile => SKIP JSON Parse error: Unexpected identifier "You"
[03:39:55] a survey form with several questions and a submit button, docType form => SKIP JSON Parse error: Unexpected identifier "You"
[03:39:58] a contact form with name, email and message fields, docType form => SKIP JSON Parse error: Unexpected identifier "You"
[03:40:00] a kanban board with three columns of task cards, docType board => SKIP JSON Parse error: Unexpected identifier "You"
[03:40:02] a settings page with labelled toggles and a save button, docType settings => SKIP JSON Parse error: Unexpected identifier "You"
[03:40:04] an operations dashboard with three KPI stat tiles, a line chart and a data table, docType dashboard => SKIP JSON Parse error: Unexpected identifier "You"
[03:40:07] a product catalog with a searchable data table of products, docType catalog => SKIP JSON Parse error: Unexpected identifier "You"
[03:40:09] an invoice with a line-item data table and a totals row, docType invoice => SKIP JSON Parse error: Unexpected identifier "You"
[03:40:12] a user profile page with a heading, stats and an activity data table, docType profile => SKIP JSON Parse error: Unexpected identifier "You"
[03:40:14] a survey form with several questions and a submit button, docType form => SKIP JSON Parse error: Unexpected identifier "You"
[03:40:17] a contact form with name, email and message fields, docType form => SKIP JSON Parse error: Unexpected identifier "You"
[03:40:19] a kanban board with three columns of task cards, docType board => SKIP JSON Parse error: Unexpected identifier "You"
[03:40:21] a settings page with labelled toggles and a save button, docType settings => SKIP JSON Parse error: Unexpected identifier "You"
[03:40:23] an operations dashboard with three KPI stat tiles, a line chart and a data table, docType dashboard => SKIP JSON Parse error: Unexpected identifier "You"
[03:40:25] a product catalog with a searchable data table of products, docType catalog => SKIP JSON Parse error: Unexpected identifier "You"
[03:40:27] an invoice with a line-item data table and a totals row, docType invoice => SKIP JSON Parse error: Unexpected identifier "You"
[03:40:30] a user profile page with a heading, stats and an activity data table, docType profile => SKIP JSON Parse error: Unexpected identifier "You"
[03:40:32] a survey form with several questions and a submit button, docType form => SKIP JSON Parse error: Unexpected identifier "You"
[03:40:34] a contact form with name, email and message fields, docType form => SKIP JSON Parse error: Unexpected identifier "You"
[03:40:37] a kanban board with three columns of task cards, docType board => SKIP JSON Parse error: Unexpected identifier "You"
[03:40:39] a settings page with labelled toggles and a save button, docType settings => SKIP JSON Parse error: Unexpected identifier "You"
[03:40:41] an operations dashboard with three KPI stat tiles, a line chart and a data table, docType dashboard => SKIP JSON Parse error: Unexpected identifier "You"
[03:40:43] a product catalog with a searchable data table of products, docType catalog => SKIP JSON Parse error: Unexpected identifier "You"
[03:40:46] an invoice with a line-item data table and a totals row, docType invoice => SKIP JSON Parse error: Unexpected identifier "You"
[03:40:48] a user profile page with a heading, stats and an activity data table, docType profile => SKIP JSON Parse error: Unexpected identifier "You"
[03:40:50] a survey form with several questions and a submit button, docType form => SKIP JSON Parse error: Unexpected identifier "You"
[03:40:52] a contact form with name, email and message fields, docType form => SKIP JSON Parse error: Unexpected identifier "You"
[03:40:54] a kanban board with three columns of task cards, docType board => SKIP JSON Parse error: Unexpected identifier "You"
[03:40:56] a settings page with labelled toggles and a save button, docType settings => SKIP JSON Parse error: Unexpected identifier "You"
[03:40:58] an operations dashboard with three KPI stat tiles, a line chart and a data table, docType dashboard => SKIP JSON Parse error: Unexpected identifier "You"
[03:41:01] a product catalog with a searchable data table of products, docType catalog => SKIP JSON Parse error: Unexpected identifier "You"
[03:41:03] an invoice with a line-item data table and a totals row, docType invoice => SKIP JSON Parse error: Unexpected identifier "You"
[03:41:06] a user profile page with a heading, stats and an activity data table, docType profile => SKIP JSON Parse error: Unexpected identifier "You"
[03:41:08] a survey form with several questions and a submit button, docType form => SKIP JSON Parse error: Unexpected identifier "You"
[03:41:11] a contact form with name, email and message fields, docType form => SKIP JSON Parse error: Unexpected identifier "You"
[03:41:13] a kanban board with three columns of task cards, docType board => SKIP JSON Parse error: Unexpected identifier "You"
[03:41:15] a settings page with labelled toggles and a save button, docType settings => SKIP JSON Parse error: Unexpected identifier "You"
[03:41:18] an operations dashboard with three KPI stat tiles, a line chart and a data table, docType dashboard => SKIP JSON Parse error: Unexpected identifier "You"
[03:41:21] a product catalog with a searchable data table of products, docType catalog => SKIP JSON Parse error: Unexpected identifier "You"
[03:41:23] an invoice with a line-item data table and a totals row, docType invoice => SKIP JSON Parse error: Unexpected identifier "You"
[03:41:25] a user profile page with a heading, stats and an activity data table, docType profile => SKIP JSON Parse error: Unexpected identifier "You"
[03:41:27] a survey form with several questions and a submit button, docType form => SKIP JSON Parse error: Unexpected identifier "You"
[03:41:29] a contact form with name, email and message fields, docType form => SKIP JSON Parse error: Unexpected identifier "You"
[03:41:33] a kanban board with three columns of task cards, docType board => SKIP JSON Parse error: Unexpected identifier "You"
[03:41:35] a settings page with labelled toggles and a save button, docType settings => SKIP JSON Parse error: Unexpected identifier "You"
[03:41:37] an operations dashboard with three KPI stat tiles, a line chart and a data table, docType dashboard => SKIP JSON Parse error: Unexpected identifier "You"
[03:41:39] a product catalog with a searchable data table of products, docType catalog => SKIP JSON Parse error: Unexpected identifier "You"
[03:41:43] an invoice with a line-item data table and a totals row, docType invoice => SKIP JSON Parse error: Unexpected identifier "You"
[03:41:45] a user profile page with a heading, stats and an activity data table, docType profile => SKIP JSON Parse error: Unexpected identifier "You"
[03:41:48] a survey form with several questions and a submit button, docType form => SKIP JSON Parse error: Unexpected identifier "You"
[03:41:50] a contact form with name, email and message fields, docType form => SKIP JSON Parse error: Unexpected identifier "You"
[03:41:52] a kanban board with three columns of task cards, docType board => SKIP JSON Parse error: Unexpected identifier "You"
[03:41:55] a settings page with labelled toggles and a save button, docType settings => SKIP JSON Parse error: Unexpected identifier "You"
[03:41:57] an operations dashboard with three KPI stat tiles, a line chart and a data table, docType dashboard => SKIP JSON Parse error: Unexpected identifier "You"
[03:41:59] a product catalog with a searchable data table of products, docType catalog => SKIP JSON Parse error: Unexpected identifier "You"
[03:42:02] an invoice with a line-item data table and a totals row, docType invoice => SKIP JSON Parse error: Unexpected identifier "You"
[03:42:04] a user profile page with a heading, stats and an activity data table, docType profile => SKIP JSON Parse error: Unexpected identifier "You"
[03:42:06] a survey form with several questions and a submit button, docType form => SKIP JSON Parse error: Unexpected identifier "You"
[03:42:08] a contact form with name, email and message fields, docType form => SKIP JSON Parse error: Unexpected identifier "You"
[03:42:11] a kanban board with three columns of task cards, docType board => SKIP JSON Parse error: Unexpected identifier "You"
[03:42:14] a settings page with labelled toggles and a save button, docType settings => SKIP JSON Parse error: Unexpected identifier "You"
[03:42:17] an operations dashboard with three KPI stat tiles, a line chart and a data table, docType dashboard => SKIP JSON Parse error: Unexpected identifier "You"
[03:42:19] a product catalog with a searchable data table of products, docType catalog => SKIP JSON Parse error: Unexpected identifier "You"
[03:42:22] an invoice with a line-item data table and a totals row, docType invoice => SKIP JSON Parse error: Unexpected identifier "You"
[03:42:24] a user profile page with a heading, stats and an activity data table, docType profile => SKIP JSON Parse error: Unexpected identifier "You"
[03:42:26] a survey form with several questions and a submit button, docType form => SKIP JSON Parse error: Unexpected identifier "You"
[03:42:29] a contact form with name, email and message fields, docType form => SKIP JSON Parse error: Unexpected identifier "You"
[03:42:31] a kanban board with three columns of task cards, docType board => SKIP JSON Parse error: Unexpected identifier "You"
[03:42:33] a settings page with labelled toggles and a save button, docType settings => SKIP JSON Parse error: Unexpected identifier "You"
[03:42:35] an operations dashboard with three KPI stat tiles, a line chart and a data table, docType dashboard => SKIP JSON Parse error: Unexpected identifier "You"
[03:42:37] a product catalog with a searchable data table of products, docType catalog => SKIP JSON Parse error: Unexpected identifier "You"
[03:42:40] an invoice with a line-item data table and a totals row, docType invoice => SKIP JSON Parse error: Unexpected identifier "You"
[03:42:42] a user profile page with a heading, stats and an activity data table, docType profile => SKIP JSON Parse error: Unexpected identifier "You"
[03:42:44] a survey form with several questions and a submit button, docType form => SKIP JSON Parse error: Unexpected identifier "You"
[03:42:46] a contact form with name, email and message fields, docType form => SKIP JSON Parse error: Unexpected identifier "You"
[03:42:48] a kanban board with three columns of task cards, docType board => SKIP JSON Parse error: Unexpected identifier "You"
[03:42:51] a settings page with labelled toggles and a save button, docType settings => SKIP JSON Parse error: Unexpected identifier "You"
[03:42:53] an operations dashboard with three KPI stat tiles, a line chart and a data table, docType dashboard => SKIP JSON Parse error: Unexpected identifier "You"
[03:42:55] a product catalog with a searchable data table of products, docType catalog => SKIP JSON Parse error: Unexpected identifier "You"
[03:42:57] an invoice with a line-item data table and a totals row, docType invoice => SKIP JSON Parse error: Unexpected identifier "You"
[03:42:59] a user profile page with a heading, stats and an activity data table, docType profile => SKIP JSON Parse error: Unexpected identifier "You"
[03:43:02] a survey form with several questions and a submit button, docType form => SKIP JSON Parse error: Unexpected identifier "You"
[03:43:04] a contact form with name, email and message fields, docType form => SKIP JSON Parse error: Unexpected identifier "You"
[03:43:07] a kanban board with three columns of task cards, docType board => SKIP JSON Parse error: Unexpected identifier "You"
[03:43:09] a settings page with labelled toggles and a save button, docType settings => SKIP JSON Parse error: Unexpected identifier "You"
[03:43:11] an operations dashboard with three KPI stat tiles, a line chart and a data table, docType dashboard => SKIP JSON Parse error: Unexpected identifier "You"
[03:43:13] a product catalog with a searchable data table of products, docType catalog => SKIP JSON Parse error: Unexpected identifier "You"
[03:43:16] an invoice with a line-item data table and a totals row, docType invoice => SKIP JSON Parse error: Unexpected identifier "You"
[03:43:18] a user profile page with a heading, stats and an activity data table, docType profile => SKIP JSON Parse error: Unexpected identifier "You"
[03:43:20] a survey form with several questions and a submit button, docType form => SKIP JSON Parse error: Unexpected identifier "You"
[03:43:23] a contact form with name, email and message fields, docType form => SKIP JSON Parse error: Unexpected identifier "You"
[03:43:25] a kanban board with three columns of task cards, docType board => SKIP JSON Parse error: Unexpected identifier "You"
[03:43:27] a settings page with labelled toggles and a save button, docType settings => SKIP JSON Parse error: Unexpected identifier "You"
[03:43:29] an operations dashboard with three KPI stat tiles, a line chart and a data table, docType dashboard => SKIP JSON Parse error: Unexpected identifier "You"
[03:43:31] a product catalog with a searchable data table of products, docType catalog => SKIP JSON Parse error: Unexpected identifier "You"
[03:43:34] an invoice with a line-item data table and a totals row, docType invoice => SKIP JSON Parse error: Unexpected identifier "You"
[03:43:36] a user profile page with a heading, stats and an activity data table, docType profile => SKIP JSON Parse error: Unexpected identifier "You"
[03:43:38] a survey form with several questions and a submit button, docType form => SKIP JSON Parse error: Unexpected identifier "You"
[03:43:40] a contact form with name, email and message fields, docType form => SKIP JSON Parse error: Unexpected identifier "You"
[03:43:43] a kanban board with three columns of task cards, docType board => SKIP JSON Parse error: Unexpected identifier "You"
[03:43:45] a settings page with labelled toggles and a save button, docType settings => SKIP JSON Parse error: Unexpected identifier "You"
[03:43:47] an operations dashboard with three KPI stat tiles, a line chart and a data table, docType dashboard => SKIP JSON Parse error: Unexpected identifier "You"
[03:43:49] a product catalog with a searchable data table of products, docType catalog => SKIP JSON Parse error: Unexpected identifier "You"
[03:43:52] an invoice with a line-item data table and a totals row, docType invoice => SKIP JSON Parse error: Unexpected identifier "You"
[03:43:54] a user profile page with a heading, stats and an activity data table, docType profile => SKIP JSON Parse error: Unexpected identifier "You"
[03:43:56] a survey form with several questions and a submit button, docType form => SKIP JSON Parse error: Unexpected identifier "You"
[03:43:58] a contact form with name, email and message fields, docType form => SKIP JSON Parse error: Unexpected identifier "You"
[03:44:01] a kanban board with three columns of task cards, docType board => SKIP JSON Parse error: Unexpected identifier "You"
[03:44:03] a settings page with labelled toggles and a save button, docType settings => SKIP JSON Parse error: Unexpected identifier "You"
[03:44:07] an operations dashboard with three KPI stat tiles, a line chart and a data table, docType dashboard => SKIP JSON Parse error: Unexpected identifier "You"
[03:44:09] a product catalog with a searchable data table of products, docType catalog => SKIP JSON Parse error: Unexpected identifier "You"
[03:44:11] an invoice with a line-item data table and a totals row, docType invoice => SKIP JSON Parse error: Unexpected identifier "You"
[03:44:13] a user profile page with a heading, stats and an activity data table, docType profile => SKIP JSON Parse error: Unexpected identifier "You"
[03:44:16] a survey form with several questions and a submit button, docType form => SKIP JSON Parse error: Unexpected identifier "You"
[03:44:18] a contact form with name, email and message fields, docType form => SKIP JSON Parse error: Unexpected identifier "You"
[03:44:21] a kanban board with three columns of task cards, docType board => SKIP JSON Parse error: Unexpected identifier "You"
[03:44:23] a settings page with labelled toggles and a save button, docType settings => SKIP JSON Parse error: Unexpected identifier "You"
[03:44:26] an operations dashboard with three KPI stat tiles, a line chart and a data table, docType dashboard => SKIP JSON Parse error: Unexpected identifier "You"
[03:44:28] a product catalog with a searchable data table of products, docType catalog => SKIP JSON Parse error: Unexpected identifier "You"
[03:44:30] an invoice with a line-item data table and a totals row, docType invoice => SKIP JSON Parse error: Unexpected identifier "You"
[03:44:32] a user profile page with a heading, stats and an activity data table, docType profile => SKIP JSON Parse error: Unexpected identifier "You"
[03:44:35] a survey form with several questions and a submit button, docType form => SKIP JSON Parse error: Unexpected identifier "You"
[03:44:37] a contact form with name, email and message fields, docType form => SKIP JSON Parse error: Unexpected identifier "You"
[03:44:40] a kanban board with three columns of task cards, docType board => SKIP JSON Parse error: Unexpected identifier "You"
[03:44:42] a settings page with labelled toggles and a save button, docType settings => SKIP JSON Parse error: Unexpected identifier "You"
[03:44:45] an operations dashboard with three KPI stat tiles, a line chart and a data table, docType dashboard => SKIP JSON Parse error: Unexpected identifier "You"
[03:44:47] a product catalog with a searchable data table of products, docType catalog => SKIP JSON Parse error: Unexpected identifier "You"
[03:44:49] an invoice with a line-item data table and a totals row, docType invoice => SKIP JSON Parse error: Unexpected identifier "You"
[03:44:52] a user profile page with a heading, stats and an activity data table, docType profile => SKIP JSON Parse error: Unexpected identifier "You"
[03:44:55] a survey form with several questions and a submit button, docType form => SKIP JSON Parse error: Unexpected identifier "You"
[03:44:57] a contact form with name, email and message fields, docType form => SKIP JSON Parse error: Unexpected identifier "You"
[03:44:59] a kanban board with three columns of task cards, docType board => SKIP JSON Parse error: Unexpected identifier "You"
[03:45:02] a settings page with labelled toggles and a save button, docType settings => SKIP JSON Parse error: Unexpected identifier "You"
[03:45:04] an operations dashboard with three KPI stat tiles, a line chart and a data table, docType dashboard => SKIP JSON Parse error: Unexpected identifier "You"
[03:45:06] a product catalog with a searchable data table of products, docType catalog => SKIP JSON Parse error: Unexpected identifier "You"
[03:45:09] an invoice with a line-item data table and a totals row, docType invoice => SKIP JSON Parse error: Unexpected identifier "You"
[03:45:11] a user profile page with a heading, stats and an activity data table, docType profile => SKIP JSON Parse error: Unexpected identifier "You"
[03:45:13] a survey form with several questions and a submit button, docType form => SKIP JSON Parse error: Unexpected identifier "You"
[03:45:16] a contact form with name, email and message fields, docType form => SKIP JSON Parse error: Unexpected identifier "You"
[03:45:18] a kanban board with three columns of task cards, docType board => SKIP JSON Parse error: Unexpected identifier "You"
[03:45:20] a settings page with labelled toggles and a save button, docType settings => SKIP JSON Parse error: Unexpected identifier "You"
[03:45:22] an operations dashboard with three KPI stat tiles, a line chart and a data table, docType dashboard => SKIP JSON Parse error: Unexpected identifier "You"
[03:45:25] a product catalog with a searchable data table of products, docType catalog => SKIP JSON Parse error: Unexpected identifier "You"
[03:45:27] an invoice with a line-item data table and a totals row, docType invoice => SKIP JSON Parse error: Unexpected identifier "You"
[03:45:30] a user profile page with a heading, stats and an activity data table, docType profile => SKIP JSON Parse error: Unexpected identifier "You"
[03:45:32] a survey form with several questions and a submit button, docType form => SKIP JSON Parse error: Unexpected identifier "You"
[03:45:34] a contact form with name, email and message fields, docType form => SKIP JSON Parse error: Unexpected identifier "You"
[03:45:36] a kanban board with three columns of task cards, docType board => SKIP JSON Parse error: Unexpected identifier "You"
[03:45:38] a settings page with labelled toggles and a save button, docType settings => SKIP JSON Parse error: Unexpected identifier "You"
[03:45:41] an operations dashboard with three KPI stat tiles, a line chart and a data table, docType dashboard => SKIP JSON Parse error: Unexpected identifier "You"
[03:45:44] a product catalog with a searchable data table of products, docType catalog => SKIP JSON Parse error: Unexpected identifier "You"
[03:45:47] an invoice with a line-item data table and a totals row, docType invoice => SKIP JSON Parse error: Unexpected identifier "You"
[03:45:49] a user profile page with a heading, stats and an activity data table, docType profile => SKIP JSON Parse error: Unexpected identifier "You"
[03:45:51] a survey form with several questions and a submit button, docType form => SKIP JSON Parse error: Unexpected identifier "You"
[03:45:53] a contact form with name, email and message fields, docType form => SKIP JSON Parse error: Unexpected identifier "You"
[03:45:56] a kanban board with three columns of task cards, docType board => SKIP JSON Parse error: Unexpected identifier "You"
[03:45:59] a settings page with labelled toggles and a save button, docType settings => SKIP JSON Parse error: Unexpected identifier "You"
[03:46:01] an operations dashboard with three KPI stat tiles, a line chart and a data table, docType dashboard => SKIP JSON Parse error: Unexpected identifier "You"
[03:46:04] a product catalog with a searchable data table of products, docType catalog => SKIP JSON Parse error: Unexpected identifier "You"
[03:46:06] an invoice with a line-item data table and a totals row, docType invoice => SKIP JSON Parse error: Unexpected identifier "You"
[03:46:08] a user profile page with a heading, stats and an activity data table, docType profile => SKIP JSON Parse error: Unexpected identifier "You"
[03:46:10] a survey form with several questions and a submit button, docType form => SKIP JSON Parse error: Unexpected identifier "You"
[03:46:12] a contact form with name, email and message fields, docType form => SKIP JSON Parse error: Unexpected identifier "You"
[03:46:15] a kanban board with three columns of task cards, docType board => SKIP JSON Parse error: Unexpected identifier "You"
[03:46:17] a settings page with labelled toggles and a save button, docType settings => SKIP JSON Parse error: Unexpected identifier "You"
[03:46:19] an operations dashboard with three KPI stat tiles, a line chart and a data table, docType dashboard => SKIP JSON Parse error: Unexpected identifier "You"
[03:46:22] a product catalog with a searchable data table of products, docType catalog => SKIP JSON Parse error: Unexpected identifier "You"
[03:46:24] an invoice with a line-item data table and a totals row, docType invoice => SKIP JSON Parse error: Unexpected identifier "You"
[03:46:27] a user profile page with a heading, stats and an activity data table, docType profile => SKIP JSON Parse error: Unexpected identifier "You"
[03:46:29] a survey form with several questions and a submit button, docType form => SKIP JSON Parse error: Unexpected identifier "You"
[03:46:33] a contact form with name, email and message fields, docType form => SKIP JSON Parse error: Unexpected identifier "You"
[03:46:35] a kanban board with three columns of task cards, docType board => SKIP JSON Parse error: Unexpected identifier "You"
[03:46:38] a settings page with labelled toggles and a save button, docType settings => SKIP JSON Parse error: Unexpected identifier "You"
[03:46:41] an operations dashboard with three KPI stat tiles, a line chart and a data table, docType dashboard => SKIP JSON Parse error: Unexpected identifier "You"
[03:46:43] a product catalog with a searchable data table of products, docType catalog => SKIP JSON Parse error: Unexpected identifier "You"
[03:46:45] an invoice with a line-item data table and a totals row, docType invoice => SKIP JSON Parse error: Unexpected identifier "You"
[03:46:47] a user profile page with a heading, stats and an activity data table, docType profile => SKIP JSON Parse error: Unexpected identifier "You"
[03:46:50] a survey form with several questions and a submit button, docType form => SKIP JSON Parse error: Unexpected identifier "You"
[03:46:52] a contact form with name, email and message fields, docType form => SKIP JSON Parse error: Unexpected identifier "You"
[03:46:54] a kanban board with three columns of task cards, docType board => SKIP JSON Parse error: Unexpected identifier "You"
[03:46:56] a settings page with labelled toggles and a save button, docType settings => SKIP JSON Parse error: Unexpected identifier "You"
[03:46:59] an operations dashboard with three KPI stat tiles, a line chart and a data table, docType dashboard => SKIP JSON Parse error: Unexpected identifier "You"
[03:47:02] a product catalog with a searchable data table of products, docType catalog => SKIP JSON Parse error: Unexpected identifier "You"
[03:47:04] an invoice with a line-item data table and a totals row, docType invoice => SKIP JSON Parse error: Unexpected identifier "You"
[03:47:06] a user profile page with a heading, stats and an activity data table, docType profile => SKIP JSON Parse error: Unexpected identifier "You"
[03:47:08] a survey form with several questions and a submit button, docType form => SKIP JSON Parse error: Unexpected identifier "You"
[03:47:11] a contact form with name, email and message fields, docType form => SKIP JSON Parse error: Unexpected identifier "You"
[03:47:13] a kanban board with three columns of task cards, docType board => SKIP JSON Parse error: Unexpected identifier "You"
[03:47:15] a settings page with labelled toggles and a save button, docType settings => SKIP JSON Parse error: Unexpected identifier "You"
[03:47:18] an operations dashboard with three KPI stat tiles, a line chart and a data table, docType dashboard => SKIP JSON Parse error: Unexpected identifier "You"
[03:47:20] a product catalog with a searchable data table of products, docType catalog => SKIP JSON Parse error: Unexpected identifier "You"
[03:47:22] an invoice with a line-item data table and a totals row, docType invoice => SKIP JSON Parse error: Unexpected identifier "You"
[03:47:24] a user profile page with a heading, stats and an activity data table, docType profile => SKIP JSON Parse error: Unexpected identifier "You"
[03:47:27] a survey form with several questions and a submit button, docType form => SKIP JSON Parse error: Unexpected identifier "You"
[03:47:29] a contact form with name, email and message fields, docType form => SKIP JSON Parse error: Unexpected identifier "You"
[03:47:33] a kanban board with three columns of task cards, docType board => SKIP JSON Parse error: Unexpected identifier "You"
[03:47:35] a settings page with labelled toggles and a save button, docType settings => SKIP JSON Parse error: Unexpected identifier "You"
[03:47:37] an operations dashboard with three KPI stat tiles, a line chart and a data table, docType dashboard => SKIP JSON Parse error: Unexpected identifier "You"
[03:47:40] a product catalog with a searchable data table of products, docType catalog => SKIP JSON Parse error: Unexpected identifier "You"
[03:47:42] an invoice with a line-item data table and a totals row, docType invoice => SKIP JSON Parse error: Unexpected identifier "You"
[03:47:44] a user profile page with a heading, stats and an activity data table, docType profile => SKIP JSON Parse error: Unexpected identifier "You"
[03:47:46] a survey form with several questions and a submit button, docType form => SKIP JSON Parse error: Unexpected identifier "You"
[03:47:48] a contact form with name, email and message fields, docType form => SKIP JSON Parse error: Unexpected identifier "You"
[03:47:51] a kanban board with three columns of task cards, docType board => SKIP JSON Parse error: Unexpected identifier "You"
[03:47:54] a settings page with labelled toggles and a save button, docType settings => SKIP JSON Parse error: Unexpected identifier "You"
[03:47:57] an operations dashboard with three KPI stat tiles, a line chart and a data table, docType dashboard => SKIP JSON Parse error: Unexpected identifier "You"
[03:47:59] a product catalog with a searchable data table of products, docType catalog => SKIP JSON Parse error: Unexpected identifier "You"
[03:48:01] an invoice with a line-item data table and a totals row, docType invoice => SKIP JSON Parse error: Unexpected identifier "You"
[03:48:03] a user profile page with a heading, stats and an activity data table, docType profile => SKIP JSON Parse error: Unexpected identifier "You"
[03:48:06] a survey form with several questions and a submit button, docType form => SKIP JSON Parse error: Unexpected identifier "You"
[03:48:09] a contact form with name, email and message fields, docType form => SKIP JSON Parse error: Unexpected identifier "You"
[03:48:11] a kanban board with three columns of task cards, docType board => SKIP JSON Parse error: Unexpected identifier "You"
[03:48:13] a settings page with labelled toggles and a save button, docType settings => SKIP JSON Parse error: Unexpected identifier "You"
[03:48:15] an operations dashboard with three KPI stat tiles, a line chart and a data table, docType dashboard => SKIP JSON Parse error: Unexpected identifier "You"
[03:48:18] a product catalog with a searchable data table of products, docType catalog => SKIP JSON Parse error: Unexpected identifier "You"
[03:48:20] an invoice with a line-item data table and a totals row, docType invoice => SKIP JSON Parse error: Unexpected identifier "You"
[03:48:23] a user profile page with a heading, stats and an activity data table, docType profile => SKIP JSON Parse error: Unexpected identifier "You"
[03:48:25] a survey form with several questions and a submit button, docType form => SKIP JSON Parse error: Unexpected identifier "You"
[03:48:28] a contact form with name, email and message fields, docType form => SKIP JSON Parse error: Unexpected identifier "You"
[03:48:30] a kanban board with three columns of task cards, docType board => SKIP JSON Parse error: Unexpected identifier "You"
[03:48:32] a settings page with labelled toggles and a save button, docType settings => SKIP JSON Parse error: Unexpected identifier "You"
[03:48:34] an operations dashboard with three KPI stat tiles, a line chart and a data table, docType dashboard => SKIP JSON Parse error: Unexpected identifier "You"
[03:48:37] a product catalog with a searchable data table of products, docType catalog => SKIP JSON Parse error: Unexpected identifier "You"
[03:48:39] an invoice with a line-item data table and a totals row, docType invoice => SKIP JSON Parse error: Unexpected identifier "You"
[03:48:41] a user profile page with a heading, stats and an activity data table, docType profile => SKIP JSON Parse error: Unexpected identifier "You"
[03:48:43] a survey form with several questions and a submit button, docType form => SKIP JSON Parse error: Unexpected identifier "You"
[03:48:46] a contact form with name, email and message fields, docType form => SKIP JSON Parse error: Unexpected identifier "You"
[03:48:49] a kanban board with three columns of task cards, docType board => SKIP JSON Parse error: Unexpected identifier "You"
[03:48:51] a settings page with labelled toggles and a save button, docType settings => SKIP JSON Parse error: Unexpected identifier "You"
[03:48:54] an operations dashboard with three KPI stat tiles, a line chart and a data table, docType dashboard => SKIP JSON Parse error: Unexpected identifier "You"
[03:48:56] a product catalog with a searchable data table of products, docType catalog => SKIP JSON Parse error: Unexpected identifier "You"
[03:48:58] an invoice with a line-item data table and a totals row, docType invoice => SKIP JSON Parse error: Unexpected identifier "You"
[03:49:01] a user profile page with a heading, stats and an activity data table, docType profile => SKIP JSON Parse error: Unexpected identifier "You"
[03:49:03] a survey form with several questions and a submit button, docType form => SKIP JSON Parse error: Unexpected identifier "You"
[03:49:05] a contact form with name, email and message fields, docType form => SKIP JSON Parse error: Unexpected identifier "You"
[03:49:07] a kanban board with three columns of task cards, docType board => SKIP JSON Parse error: Unexpected identifier "You"
[03:49:10] a settings page with labelled toggles and a save button, docType settings => SKIP JSON Parse error: Unexpected identifier "You"
[03:49:12] an operations dashboard with three KPI stat tiles, a line chart and a data table, docType dashboard => SKIP JSON Parse error: Unexpected identifier "You"
[03:49:14] a product catalog with a searchable data table of products, docType catalog => SKIP JSON Parse error: Unexpected identifier "You"
[03:49:16] an invoice with a line-item data table and a totals row, docType invoice => SKIP JSON Parse error: Unexpected identifier "You"
[03:49:19] a user profile page with a heading, stats and an activity data table, docType profile => SKIP JSON Parse error: Unexpected identifier "You"
[03:49:21] a survey form with several questions and a submit button, docType form => SKIP JSON Parse error: Unexpected identifier "You"
[03:49:23] a contact form with name, email and message fields, docType form => SKIP JSON Parse error: Unexpected identifier "You"
[03:49:26] a kanban board with three columns of task cards, docType board => SKIP JSON Parse error: Unexpected identifier "You"
[03:49:28] a settings page with labelled toggles and a save button, docType settings => SKIP JSON Parse error: Unexpected identifier "You"
[03:49:30] an operations dashboard with three KPI stat tiles, a line chart and a data table, docType dashboard => SKIP JSON Parse error: Unexpected identifier "You"
[03:49:33] a product catalog with a searchable data table of products, docType catalog => SKIP JSON Parse error: Unexpected identifier "You"
[03:49:35] an invoice with a line-item data table and a totals row, docType invoice => SKIP JSON Parse error: Unexpected identifier "You"
[03:49:37] a user profile page with a heading, stats and an activity data table, docType profile => SKIP JSON Parse error: Unexpected identifier "You"
[03:49:39] a survey form with several questions and a submit button, docType form => SKIP JSON Parse error: Unexpected identifier "You"
[03:49:41] a contact form with name, email and message fields, docType form => SKIP JSON Parse error: Unexpected identifier "You"
[03:49:44] a kanban board with three columns of task cards, docType board => SKIP JSON Parse error: Unexpected identifier "You"
[03:49:46] a settings page with labelled toggles and a save button, docType settings => SKIP JSON Parse error: Unexpected identifier "You"
[03:49:48] an operations dashboard with three KPI stat tiles, a line chart and a data table, docType dashboard => SKIP JSON Parse error: Unexpected identifier "You"
[03:49:51] a product catalog with a searchable data table of products, docType catalog => SKIP JSON Parse error: Unexpected identifier "You"
[03:49:54] an invoice with a line-item data table and a totals row, docType invoice => SKIP JSON Parse error: Unexpected identifier "You"
[03:49:56] a user profile page with a heading, stats and an activity data table, docType profile => SKIP JSON Parse error: Unexpected identifier "You"
[03:49:58] a survey form with several questions and a submit button, docType form => SKIP JSON Parse error: Unexpected identifier "You"
[03:50:00] a contact form with name, email and message fields, docType form => SKIP JSON Parse error: Unexpected identifier "You"
[03:50:03] a kanban board with three columns of task cards, docType board => SKIP JSON Parse error: Unexpected identifier "You"
[03:50:05] a settings page with labelled toggles and a save button, docType settings => SKIP JSON Parse error: Unexpected identifier "You"
[03:50:07] an operations dashboard with three KPI stat tiles, a line chart and a data table, docType dashboard => SKIP JSON Parse error: Unexpected identifier "You"
[03:50:09] a product catalog with a searchable data table of products, docType catalog => SKIP JSON Parse error: Unexpected identifier "You"
[03:50:11] an invoice with a line-item data table and a totals row, docType invoice => SKIP JSON Parse error: Unexpected identifier "You"
[03:50:13] a user profile page with a heading, stats and an activity data table, docType profile => SKIP JSON Parse error: Unexpected identifier "You"
[03:50:16] a survey form with several questions and a submit button, docType form => SKIP JSON Parse error: Unexpected identifier "You"
[03:50:19] a contact form with name, email and message fields, docType form => SKIP JSON Parse error: Unexpected identifier "You"
[03:50:22] a kanban board with three columns of task cards, docType board => SKIP JSON Parse error: Unexpected identifier "You"
[03:50:26] a settings page with labelled toggles and a save button, docType settings => SKIP JSON Parse error: Unexpected identifier "You"
[03:50:29] an operations dashboard with three KPI stat tiles, a line chart and a data table, docType dashboard => SKIP JSON Parse error: Unexpected identifier "You"
[03:50:31] a product catalog with a searchable data table of products, docType catalog => SKIP JSON Parse error: Unexpected identifier "You"
[03:50:33] an invoice with a line-item data table and a totals row, docType invoice => SKIP JSON Parse error: Unexpected identifier "You"
[03:50:35] a user profile page with a heading, stats and an activity data table, docType profile => SKIP JSON Parse error: Unexpected identifier "You"
[03:50:38] a survey form with several questions and a submit button, docType form => SKIP JSON Parse error: Unexpected identifier "You"
[03:50:40] a contact form with name, email and message fields, docType form => SKIP JSON Parse error: Unexpected identifier "You"
[03:50:42] a kanban board with three columns of task cards, docType board => SKIP JSON Parse error: Unexpected identifier "You"
[03:50:44] a settings page with labelled toggles and a save button, docType settings => SKIP JSON Parse error: Unexpected identifier "You"
[03:50:47] an operations dashboard with three KPI stat tiles, a line chart and a data table, docType dashboard => SKIP JSON Parse error: Unexpected identifier "You"
[03:50:50] a product catalog with a searchable data table of products, docType catalog => SKIP JSON Parse error: Unexpected identifier "You"
[03:50:52] an invoice with a line-item data table and a totals row, docType invoice => SKIP JSON Parse error: Unexpected identifier "You"
[03:50:54] a user profile page with a heading, stats and an activity data table, docType profile => SKIP JSON Parse error: Unexpected identifier "You"
[03:50:56] a survey form with several questions and a submit button, docType form => SKIP JSON Parse error: Unexpected identifier "You"
[03:50:59] a contact form with name, email and message fields, docType form => SKIP JSON Parse error: Unexpected identifier "You"
[03:51:01] a kanban board with three columns of task cards, docType board => SKIP JSON Parse error: Unexpected identifier "You"
[03:51:03] a settings page with labelled toggles and a save button, docType settings => SKIP JSON Parse error: Unexpected identifier "You"
[03:51:05] an operations dashboard with three KPI stat tiles, a line chart and a data table, docType dashboard => SKIP JSON Parse error: Unexpected identifier "You"
[03:51:08] a product catalog with a searchable data table of products, docType catalog => SKIP JSON Parse error: Unexpected identifier "You"
[03:51:10] an invoice with a line-item data table and a totals row, docType invoice => SKIP JSON Parse error: Unexpected identifier "You"
[03:51:12] a user profile page with a heading, stats and an activity data table, docType profile => SKIP JSON Parse error: Unexpected identifier "You"
[03:51:15] a survey form with several questions and a submit button, docType form => SKIP JSON Parse error: Unexpected identifier "You"
[03:51:19] a contact form with name, email and message fields, docType form => SKIP JSON Parse error: Unexpected identifier "You"
[03:51:21] a kanban board with three columns of task cards, docType board => SKIP JSON Parse error: Unexpected identifier "You"
[03:51:23] a settings page with labelled toggles and a save button, docType settings => SKIP JSON Parse error: Unexpected identifier "You"
[03:51:25] an operations dashboard with three KPI stat tiles, a line chart and a data table, docType dashboard => SKIP JSON Parse error: Unexpected identifier "You"
[03:51:28] a product catalog with a searchable data table of products, docType catalog => SKIP JSON Parse error: Unexpected identifier "You"
[03:51:30] an invoice with a line-item data table and a totals row, docType invoice => SKIP JSON Parse error: Unexpected identifier "You"
[03:51:33] a user profile page with a heading, stats and an activity data table, docType profile => SKIP JSON Parse error: Unexpected identifier "You"
[03:51:35] a survey form with several questions and a submit button, docType form => SKIP JSON Parse error: Unexpected identifier "You"
[03:51:37] a contact form with name, email and message fields, docType form => SKIP JSON Parse error: Unexpected identifier "You"
[03:51:40] a kanban board with three columns of task cards, docType board => SKIP JSON Parse error: Unexpected identifier "You"
[03:51:42] a settings page with labelled toggles and a save button, docType settings => SKIP JSON Parse error: Unexpected identifier "You"
[03:51:44] an operations dashboard with three KPI stat tiles, a line chart and a data table, docType dashboard => SKIP JSON Parse error: Unexpected identifier "You"
[03:51:47] a product catalog with a searchable data table of products, docType catalog => SKIP JSON Parse error: Unexpected identifier "You"
[03:51:49] an invoice with a line-item data table and a totals row, docType invoice => SKIP JSON Parse error: Unexpected identifier "You"
[03:51:52] a user profile page with a heading, stats and an activity data table, docType profile => SKIP JSON Parse error: Unexpected identifier "You"
[03:51:54] a survey form with several questions and a submit button, docType form => SKIP JSON Parse error: Unexpected identifier "You"
[03:51:56] a contact form with name, email and message fields, docType form => SKIP JSON Parse error: Unexpected identifier "You"
[03:51:59] a kanban board with three columns of task cards, docType board => SKIP JSON Parse error: Unexpected identifier "You"
[03:52:01] a settings page with labelled toggles and a save button, docType settings => SKIP JSON Parse error: Unexpected identifier "You"
[03:52:03] an operations dashboard with three KPI stat tiles, a line chart and a data table, docType dashboard => SKIP JSON Parse error: Unexpected identifier "You"
[03:52:06] a product catalog with a searchable data table of products, docType catalog => SKIP JSON Parse error: Unexpected identifier "You"
[03:52:08] an invoice with a line-item data table and a totals row, docType invoice => SKIP JSON Parse error: Unexpected identifier "You"
[03:52:11] a user profile page with a heading, stats and an activity data table, docType profile => SKIP JSON Parse error: Unexpected identifier "You"
[03:52:13] a survey form with several questions and a submit button, docType form => SKIP JSON Parse error: Unexpected identifier "You"
[03:52:15] a contact form with name, email and message fields, docType form => SKIP JSON Parse error: Unexpected identifier "You"
[03:52:17] a kanban board with three columns of task cards, docType board => SKIP JSON Parse error: Unexpected identifier "You"
[03:52:19] a settings page with labelled toggles and a save button, docType settings => SKIP JSON Parse error: Unexpected identifier "You"
[03:52:21] an operations dashboard with three KPI stat tiles, a line chart and a data table, docType dashboard => SKIP JSON Parse error: Unexpected identifier "You"
[03:52:23] a product catalog with a searchable data table of products, docType catalog => SKIP JSON Parse error: Unexpected identifier "You"
[03:52:26] an invoice with a line-item data table and a totals row, docType invoice => SKIP JSON Parse error: Unexpected identifier "You"
[03:52:28] a user profile page with a heading, stats and an activity data table, docType profile => SKIP JSON Parse error: Unexpected identifier "You"
[03:52:31] a survey form with several questions and a submit button, docType form => SKIP JSON Parse error: Unexpected identifier "You"
[03:52:33] a contact form with name, email and message fields, docType form => SKIP JSON Parse error: Unexpected identifier "You"
[03:52:35] a kanban board with three columns of task cards, docType board => SKIP JSON Parse error: Unexpected identifier "You"
[03:52:38] a settings page with labelled toggles and a save button, docType settings => SKIP JSON Parse error: Unexpected identifier "You"
[03:52:41] an operations dashboard with three KPI stat tiles, a line chart and a data table, docType dashboard => SKIP JSON Parse error: Unexpected identifier "You"
[03:52:43] a product catalog with a searchable data table of products, docType catalog => SKIP JSON Parse error: Unexpected identifier "You"
[03:52:45] an invoice with a line-item data table and a totals row, docType invoice => SKIP JSON Parse error: Unexpected identifier "You"
[03:52:48] a user profile page with a heading, stats and an activity data table, docType profile => SKIP JSON Parse error: Unexpected identifier "You"
[03:52:50] a survey form with several questions and a submit button, docType form => SKIP JSON Parse error: Unexpected identifier "You"
[03:52:53] a contact form with name, email and message fields, docType form => SKIP JSON Parse error: Unexpected identifier "You"
[03:52:55] a kanban board with three columns of task cards, docType board => SKIP JSON Parse error: Unexpected identifier "You"
[03:52:57] a settings page with labelled toggles and a save button, docType settings => SKIP JSON Parse error: Unexpected identifier "You"
[03:53:00] an operations dashboard with three KPI stat tiles, a line chart and a data table, docType dashboard => SKIP JSON Parse error: Unexpected identifier "You"
[03:53:02] a product catalog with a searchable data table of products, docType catalog => SKIP JSON Parse error: Unexpected identifier "You"
[03:53:05] an invoice with a line-item data table and a totals row, docType invoice => SKIP JSON Parse error: Unexpected identifier "You"
[03:53:07] a user profile page with a heading, stats and an activity data table, docType profile => SKIP JSON Parse error: Unexpected identifier "You"
[03:53:09] a survey form with several questions and a submit button, docType form => SKIP JSON Parse error: Unexpected identifier "You"
[03:53:12] a contact form with name, email and message fields, docType form => SKIP JSON Parse error: Unexpected identifier "You"
[03:53:14] a kanban board with three columns of task cards, docType board => SKIP JSON Parse error: Unexpected identifier "You"
[03:53:16] a settings page with labelled toggles and a save button, docType settings => SKIP JSON Parse error: Unexpected identifier "You"
[03:53:19] an operations dashboard with three KPI stat tiles, a line chart and a data table, docType dashboard => SKIP JSON Parse error: Unexpected identifier "You"
[03:53:21] a product catalog with a searchable data table of products, docType catalog => SKIP JSON Parse error: Unexpected identifier "You"
[03:53:23] an invoice with a line-item data table and a totals row, docType invoice => SKIP JSON Parse error: Unexpected identifier "You"
[03:53:26] a user profile page with a heading, stats and an activity data table, docType profile => SKIP JSON Parse error: Unexpected identifier "You"
[03:53:28] a survey form with several questions and a submit button, docType form => SKIP JSON Parse error: Unexpected identifier "You"
[03:53:30] a contact form with name, email and message fields, docType form => SKIP JSON Parse error: Unexpected identifier "You"
[03:53:32] a kanban board with three columns of task cards, docType board => SKIP JSON Parse error: Unexpected identifier "You"
[03:53:35] a settings page with labelled toggles and a save button, docType settings => SKIP JSON Parse error: Unexpected identifier "You"
[03:53:37] an operations dashboard with three KPI stat tiles, a line chart and a data table, docType dashboard => SKIP JSON Parse error: Unexpected identifier "You"
[03:53:39] a product catalog with a searchable data table of products, docType catalog => SKIP JSON Parse error: Unexpected identifier "You"
[03:53:42] an invoice with a line-item data table and a totals row, docType invoice => SKIP JSON Parse error: Unexpected identifier "You"
[03:53:44] a user profile page with a heading, stats and an activity data table, docType profile => SKIP JSON Parse error: Unexpected identifier "You"
[03:53:46] a survey form with several questions and a submit button, docType form => SKIP JSON Parse error: Unexpected identifier "You"
[03:53:48] a contact form with name, email and message fields, docType form => SKIP JSON Parse error: Unexpected identifier "You"
[03:53:51] a kanban board with three columns of task cards, docType board => SKIP JSON Parse error: Unexpected identifier "You"
[03:53:53] a settings page with labelled toggles and a save button, docType settings => SKIP JSON Parse error: Unexpected identifier "You"
[03:53:56] an operations dashboard with three KPI stat tiles, a line chart and a data table, docType dashboard => SKIP JSON Parse error: Unexpected identifier "You"
[03:53:58] a product catalog with a searchable data table of products, docType catalog => SKIP JSON Parse error: Unexpected identifier "You"
[03:54:00] an invoice with a line-item data table and a totals row, docType invoice => SKIP JSON Parse error: Unexpected identifier "You"
[03:54:02] a user profile page with a heading, stats and an activity data table, docType profile => SKIP JSON Parse error: Unexpected identifier "You"
[03:54:05] a survey form with several questions and a submit button, docType form => SKIP JSON Parse error: Unexpected identifier "You"
[03:54:07] a contact form with name, email and message fields, docType form => SKIP JSON Parse error: Unexpected identifier "You"
[03:54:09] a kanban board with three columns of task cards, docType board => SKIP JSON Parse error: Unexpected identifier "You"
[03:54:12] a settings page with labelled toggles and a save button, docType settings => SKIP JSON Parse error: Unexpected identifier "You"
[03:54:14] an operations dashboard with three KPI stat tiles, a line chart and a data table, docType dashboard => SKIP JSON Parse error: Unexpected identifier "You"
[03:54:16] a product catalog with a searchable data table of products, docType catalog => SKIP JSON Parse error: Unexpected identifier "You"
[03:54:18] an invoice with a line-item data table and a totals row, docType invoice => SKIP JSON Parse error: Unexpected identifier "You"
[03:54:21] a user profile page with a heading, stats and an activity data table, docType profile => SKIP JSON Parse error: Unexpected identifier "You"
[03:54:23] a survey form with several questions and a submit button, docType form => SKIP JSON Parse error: Unexpected identifier "You"
[03:54:26] a contact form with name, email and message fields, docType form => SKIP JSON Parse error: Unexpected identifier "You"
[03:54:28] a kanban board with three columns of task cards, docType board => SKIP JSON Parse error: Unexpected identifier "You"
[03:54:31] a settings page with labelled toggles and a save button, docType settings => SKIP JSON Parse error: Unexpected identifier "You"
[03:54:33] an operations dashboard with three KPI stat tiles, a line chart and a data table, docType dashboard => SKIP JSON Parse error: Unexpected identifier "You"
[03:54:36] a product catalog with a searchable data table of products, docType catalog => SKIP JSON Parse error: Unexpected identifier "You"
[03:54:38] an invoice with a line-item data table and a totals row, docType invoice => SKIP JSON Parse error: Unexpected identifier "You"
[03:54:41] a user profile page with a heading, stats and an activity data table, docType profile => SKIP JSON Parse error: Unexpected identifier "You"
[03:54:44] a survey form with several questions and a submit button, docType form => SKIP JSON Parse error: Unexpected identifier "You"
[03:54:46] a contact form with name, email and message fields, docType form => SKIP JSON Parse error: Unexpected identifier "You"
[03:54:48] a kanban board with three columns of task cards, docType board => SKIP JSON Parse error: Unexpected identifier "You"
[03:54:50] a settings page with labelled toggles and a save button, docType settings => SKIP JSON Parse error: Unexpected identifier "You"
[03:54:53] an operations dashboard with three KPI stat tiles, a line chart and a data table, docType dashboard => SKIP JSON Parse error: Unexpected identifier "You"
[03:54:55] a product catalog with a searchable data table of products, docType catalog => SKIP JSON Parse error: Unexpected identifier "You"
[03:54:57] an invoice with a line-item data table and a totals row, docType invoice => SKIP JSON Parse error: Unexpected identifier "You"
[03:55:00] a user profile page with a heading, stats and an activity data table, docType profile => SKIP JSON Parse error: Unexpected identifier "You"
[03:55:02] a survey form with several questions and a submit button, docType form => SKIP JSON Parse error: Unexpected identifier "You"
[03:55:04] a contact form with name, email and message fields, docType form => SKIP JSON Parse error: Unexpected identifier "You"
[03:55:07] a kanban board with three columns of task cards, docType board => SKIP JSON Parse error: Unexpected identifier "You"
[03:55:09] a settings page with labelled toggles and a save button, docType settings => SKIP JSON Parse error: Unexpected identifier "You"
[03:55:11] an operations dashboard with three KPI stat tiles, a line chart and a data table, docType dashboard => SKIP JSON Parse error: Unexpected identifier "You"
[03:55:14] a product catalog with a searchable data table of products, docType catalog => SKIP JSON Parse error: Unexpected identifier "You"
[03:55:16] an invoice with a line-item data table and a totals row, docType invoice => SKIP JSON Parse error: Unexpected identifier "You"
[03:55:19] a user profile page with a heading, stats and an activity data table, docType profile => SKIP JSON Parse error: Unexpected identifier "You"
[03:55:21] a survey form with several questions and a submit button, docType form => SKIP JSON Parse error: Unexpected identifier "You"
[03:55:23] a contact form with name, email and message fields, docType form => SKIP JSON Parse error: Unexpected identifier "You"
[03:55:26] a kanban board with three columns of task cards, docType board => SKIP JSON Parse error: Unexpected identifier "You"
[03:56:00] a settings page with labelled toggles and a save button, docType settings => SKIP JSON Parse error: Unexpected identifier "You"
[03:56:02] an operations dashboard with three KPI stat tiles, a line chart and a data table, docType dashboard => SKIP JSON Parse error: Unexpected identifier "You"
[03:56:04] a product catalog with a searchable data table of products, docType catalog => SKIP JSON Parse error: Unexpected identifier "You"
[03:56:06] an invoice with a line-item data table and a totals row, docType invoice => SKIP JSON Parse error: Unexpected identifier "You"
[03:56:09] a user profile page with a heading, stats and an activity data table, docType profile => SKIP JSON Parse error: Unexpected identifier "You"
[03:56:11] a survey form with several questions and a submit button, docType form => SKIP JSON Parse error: Unexpected identifier "You"
[03:56:13] a contact form with name, email and message fields, docType form => SKIP JSON Parse error: Unexpected identifier "You"
[03:56:16] a kanban board with three columns of task cards, docType board => SKIP JSON Parse error: Unexpected identifier "You"
[03:56:18] a settings page with labelled toggles and a save button, docType settings => SKIP JSON Parse error: Unexpected identifier "You"
[03:56:20] an operations dashboard with three KPI stat tiles, a line chart and a data table, docType dashboard => SKIP JSON Parse error: Unexpected identifier "You"
[03:56:23] a product catalog with a searchable data table of products, docType catalog => SKIP JSON Parse error: Unexpected identifier "You"
[03:56:25] an invoice with a line-item data table and a totals row, docType invoice => SKIP JSON Parse error: Unexpected identifier "You"
[03:56:27] a user profile page with a heading, stats and an activity data table, docType profile => SKIP JSON Parse error: Unexpected identifier "You"
[03:56:30] a survey form with several questions and a submit button, docType form => SKIP JSON Parse error: Unexpected identifier "You"
[03:56:32] a contact form with name, email and message fields, docType form => SKIP JSON Parse error: Unexpected identifier "You"
[03:56:34] a kanban board with three columns of task cards, docType board => SKIP JSON Parse error: Unexpected identifier "You"
[03:56:37] a settings page with labelled toggles and a save button, docType settings => SKIP JSON Parse error: Unexpected identifier "You"
[03:56:39] an operations dashboard with three KPI stat tiles, a line chart and a data table, docType dashboard => SKIP JSON Parse error: Unexpected identifier "You"
[03:56:42] a product catalog with a searchable data table of products, docType catalog => SKIP JSON Parse error: Unexpected identifier "You"
[03:56:44] an invoice with a line-item data table and a totals row, docType invoice => SKIP JSON Parse error: Unexpected identifier "You"
[03:56:46] a user profile page with a heading, stats and an activity data table, docType profile => SKIP JSON Parse error: Unexpected identifier "You"
[03:56:48] a survey form with several questions and a submit button, docType form => SKIP JSON Parse error: Unexpected identifier "You"
[03:56:50] a contact form with name, email and message fields, docType form => SKIP JSON Parse error: Unexpected identifier "You"
[03:56:53] a kanban board with three columns of task cards, docType board => SKIP JSON Parse error: Unexpected identifier "You"
[03:56:56] a settings page with labelled toggles and a save button, docType settings => SKIP JSON Parse error: Unexpected identifier "You"
[03:56:59] an operations dashboard with three KPI stat tiles, a line chart and a data table, docType dashboard => SKIP JSON Parse error: Unexpected identifier "You"
[03:57:01] a product catalog with a searchable data table of products, docType catalog => SKIP JSON Parse error: Unexpected identifier "You"
[03:57:03] an invoice with a line-item data table and a totals row, docType invoice => SKIP JSON Parse error: Unexpected identifier "You"
[03:57:05] a user profile page with a heading, stats and an activity data table, docType profile => SKIP JSON Parse error: Unexpected identifier "You"
[03:57:08] a survey form with several questions and a submit button, docType form => SKIP JSON Parse error: Unexpected identifier "You"
[03:57:10] a contact form with name, email and message fields, docType form => SKIP JSON Parse error: Unexpected identifier "You"
[03:57:13] a kanban board with three columns of task cards, docType board => SKIP JSON Parse error: Unexpected identifier "You"
[03:57:15] a settings page with labelled toggles and a save button, docType settings => SKIP JSON Parse error: Unexpected identifier "You"
[03:57:18] an operations dashboard with three KPI stat tiles, a line chart and a data table, docType dashboard => SKIP JSON Parse error: Unexpected identifier "You"
[03:57:20] a product catalog with a searchable data table of products, docType catalog => SKIP JSON Parse error: Unexpected identifier "You"
[03:57:22] an invoice with a line-item data table and a totals row, docType invoice => SKIP JSON Parse error: Unexpected identifier "You"
[03:57:25] a user profile page with a heading, stats and an activity data table, docType profile => SKIP JSON Parse error: Unexpected identifier "You"
[03:57:27] a survey form with several questions and a submit button, docType form => SKIP JSON Parse error: Unexpected identifier "You"
[03:57:29] a contact form with name, email and message fields, docType form => SKIP JSON Parse error: Unexpected identifier "You"
[03:57:32] a kanban board with three columns of task cards, docType board => SKIP JSON Parse error: Unexpected identifier "You"
[03:57:34] a settings page with labelled toggles and a save button, docType settings => SKIP JSON Parse error: Unexpected identifier "You"
[03:57:37] an operations dashboard with three KPI stat tiles, a line chart and a data table, docType dashboard => SKIP JSON Parse error: Unexpected identifier "You"
[03:57:39] a product catalog with a searchable data table of products, docType catalog => SKIP JSON Parse error: Unexpected identifier "You"
[03:57:42] an invoice with a line-item data table and a totals row, docType invoice => SKIP JSON Parse error: Unexpected identifier "You"
[03:57:44] a user profile page with a heading, stats and an activity data table, docType profile => SKIP JSON Parse error: Unexpected identifier "You"
[03:57:46] a survey form with several questions and a submit button, docType form => SKIP JSON Parse error: Unexpected identifier "You"
[03:57:48] a contact form with name, email and message fields, docType form => SKIP JSON Parse error: Unexpected identifier "You"
[03:57:50] a kanban board with three columns of task cards, docType board => SKIP JSON Parse error: Unexpected identifier "You"
[03:57:53] a settings page with labelled toggles and a save button, docType settings => SKIP JSON Parse error: Unexpected identifier "You"
[03:57:55] an operations dashboard with three KPI stat tiles, a line chart and a data table, docType dashboard => SKIP JSON Parse error: Unexpected identifier "You"
[03:57:57] a product catalog with a searchable data table of products, docType catalog => SKIP JSON Parse error: Unexpected identifier "You"
[03:58:00] an invoice with a line-item data table and a totals row, docType invoice => SKIP JSON Parse error: Unexpected identifier "You"
[03:58:05] a user profile page with a heading, stats and an activity data table, docType profile => SKIP JSON Parse error: Unexpected identifier "You"
[03:58:07] a survey form with several questions and a submit button, docType form => SKIP JSON Parse error: Unexpected identifier "You"
[03:58:10] a contact form with name, email and message fields, docType form => SKIP JSON Parse error: Unexpected identifier "You"
[03:58:12] a kanban board with three columns of task cards, docType board => SKIP JSON Parse error: Unexpected identifier "You"
[03:58:14] a settings page with labelled toggles and a save button, docType settings => SKIP JSON Parse error: Unexpected identifier "You"
[03:58:17] an operations dashboard with three KPI stat tiles, a line chart and a data table, docType dashboard => SKIP JSON Parse error: Unexpected identifier "You"
[03:58:19] a product catalog with a searchable data table of products, docType catalog => SKIP JSON Parse error: Unexpected identifier "You"
[03:58:21] an invoice with a line-item data table and a totals row, docType invoice => SKIP JSON Parse error: Unexpected identifier "You"
[03:58:24] a user profile page with a heading, stats and an activity data table, docType profile => SKIP JSON Parse error: Unexpected identifier "You"
[03:58:26] a survey form with several questions and a submit button, docType form => SKIP JSON Parse error: Unexpected identifier "You"
[03:58:29] a contact form with name, email and message fields, docType form => SKIP JSON Parse error: Unexpected identifier "You"
[03:58:31] a kanban board with three columns of task cards, docType board => SKIP JSON Parse error: Unexpected identifier "You"
[03:58:33] a settings page with labelled toggles and a save button, docType settings => SKIP JSON Parse error: Unexpected identifier "You"
[03:58:36] an operations dashboard with three KPI stat tiles, a line chart and a data table, docType dashboard => SKIP JSON Parse error: Unexpected identifier "You"
[03:58:38] a product catalog with a searchable data table of products, docType catalog => SKIP JSON Parse error: Unexpected identifier "You"
[03:58:40] an invoice with a line-item data table and a totals row, docType invoice => SKIP JSON Parse error: Unexpected identifier "You"
[03:58:42] a user profile page with a heading, stats and an activity data table, docType profile => SKIP JSON Parse error: Unexpected identifier "You"
[03:58:45] a survey form with several questions and a submit button, docType form => SKIP JSON Parse error: Unexpected identifier "You"
[03:58:47] a contact form with name, email and message fields, docType form => SKIP JSON Parse error: Unexpected identifier "You"
[03:58:50] a kanban board with three columns of task cards, docType board => SKIP JSON Parse error: Unexpected identifier "You"
[03:58:52] a settings page with labelled toggles and a save button, docType settings => SKIP JSON Parse error: Unexpected identifier "You"
[03:58:54] an operations dashboard with three KPI stat tiles, a line chart and a data table, docType dashboard => SKIP JSON Parse error: Unexpected identifier "You"
[03:58:57] a product catalog with a searchable data table of products, docType catalog => SKIP JSON Parse error: Unexpected identifier "You"
[03:58:59] an invoice with a line-item data table and a totals row, docType invoice => SKIP JSON Parse error: Unexpected identifier "You"
[03:59:02] a user profile page with a heading, stats and an activity data table, docType profile => SKIP JSON Parse error: Unexpected identifier "You"
[03:59:05] a survey form with several questions and a submit button, docType form => SKIP JSON Parse error: Unexpected identifier "You"
[03:59:07] a contact form with name, email and message fields, docType form => SKIP JSON Parse error: Unexpected identifier "You"
[03:59:10] a kanban board with three columns of task cards, docType board => SKIP JSON Parse error: Unexpected identifier "You"
[03:59:12] a settings page with labelled toggles and a save button, docType settings => SKIP JSON Parse error: Unexpected identifier "You"
[03:59:15] an operations dashboard with three KPI stat tiles, a line chart and a data table, docType dashboard => SKIP JSON Parse error: Unexpected identifier "You"
[03:59:17] a product catalog with a searchable data table of products, docType catalog => SKIP JSON Parse error: Unexpected identifier "You"
[03:59:20] an invoice with a line-item data table and a totals row, docType invoice => SKIP JSON Parse error: Unexpected identifier "You"
[03:59:22] a user profile page with a heading, stats and an activity data table, docType profile => SKIP JSON Parse error: Unexpected identifier "You"
[03:59:25] a survey form with several questions and a submit button, docType form => SKIP JSON Parse error: Unexpected identifier "You"
[03:59:27] a contact form with name, email and message fields, docType form => SKIP JSON Parse error: Unexpected identifier "You"
[03:59:30] a kanban board with three columns of task cards, docType board => SKIP JSON Parse error: Unexpected identifier "You"
[03:59:32] a settings page with labelled toggles and a save button, docType settings => SKIP JSON Parse error: Unexpected identifier "You"
[03:59:35] an operations dashboard with three KPI stat tiles, a line chart and a data table, docType dashboard => SKIP JSON Parse error: Unexpected identifier "You"
[03:59:37] a product catalog with a searchable data table of products, docType catalog => SKIP JSON Parse error: Unexpected identifier "You"
[03:59:40] an invoice with a line-item data table and a totals row, docType invoice => SKIP JSON Parse error: Unexpected identifier "You"
[03:59:42] a user profile page with a heading, stats and an activity data table, docType profile => SKIP JSON Parse error: Unexpected identifier "You"
[03:59:45] a survey form with several questions and a submit button, docType form => SKIP JSON Parse error: Unexpected identifier "You"
[03:59:48] a contact form with name, email and message fields, docType form => SKIP JSON Parse error: Unexpected identifier "You"
[03:59:50] a kanban board with three columns of task cards, docType board => SKIP JSON Parse error: Unexpected identifier "You"
[03:59:52] a settings page with labelled toggles and a save button, docType settings => SKIP JSON Parse error: Unexpected identifier "You"
[03:59:55] an operations dashboard with three KPI stat tiles, a line chart and a data table, docType dashboard => SKIP JSON Parse error: Unexpected identifier "You"
[03:59:57] a product catalog with a searchable data table of products, docType catalog => SKIP JSON Parse error: Unexpected identifier "You"
[03:59:59] an invoice with a line-item data table and a totals row, docType invoice => SKIP JSON Parse error: Unexpected identifier "You"
[04:00:02] a user profile page with a heading, stats and an activity data table, docType profile => SKIP JSON Parse error: Unexpected identifier "You"
[04:00:05] a survey form with several questions and a submit button, docType form => SKIP JSON Parse error: Unexpected identifier "You"
[04:00:07] a contact form with name, email and message fields, docType form => SKIP JSON Parse error: Unexpected identifier "You"
[04:00:09] a kanban board with three columns of task cards, docType board => SKIP JSON Parse error: Unexpected identifier "You"
[04:00:11] a settings page with labelled toggles and a save button, docType settings => SKIP JSON Parse error: Unexpected identifier "You"
[04:00:14] an operations dashboard with three KPI stat tiles, a line chart and a data table, docType dashboard => SKIP JSON Parse error: Unexpected identifier "You"
[04:00:16] a product catalog with a searchable data table of products, docType catalog => SKIP JSON Parse error: Unexpected identifier "You"
[04:00:18] an invoice with a line-item data table and a totals row, docType invoice => SKIP JSON Parse error: Unexpected identifier "You"
[04:00:21] a user profile page with a heading, stats and an activity data table, docType profile => SKIP JSON Parse error: Unexpected identifier "You"
[04:00:23] a survey form with several questions and a submit button, docType form => SKIP JSON Parse error: Unexpected identifier "You"
[04:00:26] a contact form with name, email and message fields, docType form => SKIP JSON Parse error: Unexpected identifier "You"
[04:00:28] a kanban board with three columns of task cards, docType board => SKIP JSON Parse error: Unexpected identifier "You"
[04:00:31] a settings page with labelled toggles and a save button, docType settings => SKIP JSON Parse error: Unexpected identifier "You"
[04:00:33] an operations dashboard with three KPI stat tiles, a line chart and a data table, docType dashboard => SKIP JSON Parse error: Unexpected identifier "You"
[04:00:35] a product catalog with a searchable data table of products, docType catalog => SKIP JSON Parse error: Unexpected identifier "You"
[04:00:39] an invoice with a line-item data table and a totals row, docType invoice => SKIP JSON Parse error: Unexpected identifier "You"
[04:00:41] a user profile page with a heading, stats and an activity data table, docType profile => SKIP JSON Parse error: Unexpected identifier "You"
[04:00:44] a survey form with several questions and a submit button, docType form => SKIP JSON Parse error: Unexpected identifier "You"
[04:00:46] a contact form with name, email and message fields, docType form => SKIP JSON Parse error: Unexpected identifier "You"
[04:00:49] a kanban board with three columns of task cards, docType board => SKIP JSON Parse error: Unexpected identifier "You"
[04:00:51] a settings page with labelled toggles and a save button, docType settings => SKIP JSON Parse error: Unexpected identifier "You"
[04:00:54] an operations dashboard with three KPI stat tiles, a line chart and a data table, docType dashboard => SKIP JSON Parse error: Unexpected identifier "You"
[04:00:56] a product catalog with a searchable data table of products, docType catalog => SKIP JSON Parse error: Unexpected identifier "You"
[04:00:58] an invoice with a line-item data table and a totals row, docType invoice => SKIP JSON Parse error: Unexpected identifier "You"
[04:01:01] a user profile page with a heading, stats and an activity data table, docType profile => SKIP JSON Parse error: Unexpected identifier "You"
[04:01:04] a survey form with several questions and a submit button, docType form => SKIP JSON Parse error: Unexpected identifier "You"
[04:01:07] a contact form with name, email and message fields, docType form => SKIP JSON Parse error: Unexpected identifier "You"
[04:01:09] a kanban board with three columns of task cards, docType board => SKIP JSON Parse error: Unexpected identifier "You"
[04:01:12] a settings page with labelled toggles and a save button, docType settings => SKIP JSON Parse error: Unexpected identifier "You"
[04:01:14] an operations dashboard with three KPI stat tiles, a line chart and a data table, docType dashboard => SKIP JSON Parse error: Unexpected identifier "You"
[04:01:16] a product catalog with a searchable data table of products, docType catalog => SKIP JSON Parse error: Unexpected identifier "You"
[04:01:19] an invoice with a line-item data table and a totals row, docType invoice => SKIP JSON Parse error: Unexpected identifier "You"
[04:01:21] a user profile page with a heading, stats and an activity data table, docType profile => SKIP JSON Parse error: Unexpected identifier "You"
[04:01:23] a survey form with several questions and a submit button, docType form => SKIP JSON Parse error: Unexpected identifier "You"
[04:01:26] a contact form with name, email and message fields, docType form => SKIP JSON Parse error: Unexpected identifier "You"
[04:01:28] a kanban board with three columns of task cards, docType board => SKIP JSON Parse error: Unexpected identifier "You"
[04:01:31] a settings page with labelled toggles and a save button, docType settings => SKIP JSON Parse error: Unexpected identifier "You"
[04:01:33] an operations dashboard with three KPI stat tiles, a line chart and a data table, docType dashboard => SKIP JSON Parse error: Unexpected identifier "You"
[04:01:35] a product catalog with a searchable data table of products, docType catalog => SKIP JSON Parse error: Unexpected identifier "You"
[04:01:38] an invoice with a line-item data table and a totals row, docType invoice => SKIP JSON Parse error: Unexpected identifier "You"
[04:01:40] a user profile page with a heading, stats and an activity data table, docType profile => SKIP JSON Parse error: Unexpected identifier "You"
[04:01:43] a survey form with several questions and a submit button, docType form => SKIP JSON Parse error: Unexpected identifier "You"
[04:01:45] a contact form with name, email and message fields, docType form => SKIP JSON Parse error: Unexpected identifier "You"
[04:01:48] a kanban board with three columns of task cards, docType board => SKIP JSON Parse error: Unexpected identifier "You"
[04:01:50] a settings page with labelled toggles and a save button, docType settings => SKIP JSON Parse error: Unexpected identifier "You"
[04:01:52] an operations dashboard with three KPI stat tiles, a line chart and a data table, docType dashboard => SKIP JSON Parse error: Unexpected identifier "You"
[04:01:54] a product catalog with a searchable data table of products, docType catalog => SKIP JSON Parse error: Unexpected identifier "You"
[04:01:57] an invoice with a line-item data table and a totals row, docType invoice => SKIP JSON Parse error: Unexpected identifier "You"
[04:02:00] a user profile page with a heading, stats and an activity data table, docType profile => SKIP JSON Parse error: Unexpected identifier "You"
[04:02:03] a survey form with several questions and a submit button, docType form => SKIP JSON Parse error: Unexpected identifier "You"
[04:02:05] a contact form with name, email and message fields, docType form => SKIP JSON Parse error: Unexpected identifier "You"
[04:02:08] a kanban board with three columns of task cards, docType board => SKIP JSON Parse error: Unexpected identifier "You"
[04:02:10] a settings page with labelled toggles and a save button, docType settings => SKIP JSON Parse error: Unexpected identifier "You"
[04:02:13] an operations dashboard with three KPI stat tiles, a line chart and a data table, docType dashboard => SKIP JSON Parse error: Unexpected identifier "You"
[04:02:15] a product catalog with a searchable data table of products, docType catalog => SKIP JSON Parse error: Unexpected identifier "You"
[04:02:18] an invoice with a line-item data table and a totals row, docType invoice => SKIP JSON Parse error: Unexpected identifier "You"
[04:02:20] a user profile page with a heading, stats and an activity data table, docType profile => SKIP JSON Parse error: Unexpected identifier "You"
[04:02:22] a survey form with several questions and a submit button, docType form => SKIP JSON Parse error: Unexpected identifier "You"
[04:02:24] a contact form with name, email and message fields, docType form => SKIP JSON Parse error: Unexpected identifier "You"
[04:02:27] a kanban board with three columns of task cards, docType board => SKIP JSON Parse error: Unexpected identifier "You"
[04:02:29] a settings page with labelled toggles and a save button, docType settings => SKIP JSON Parse error: Unexpected identifier "You"
[04:02:31] an operations dashboard with three KPI stat tiles, a line chart and a data table, docType dashboard => SKIP JSON Parse error: Unexpected identifier "You"
[04:02:34] a product catalog with a searchable data table of products, docType catalog => SKIP JSON Parse error: Unexpected identifier "You"
[04:02:36] an invoice with a line-item data table and a totals row, docType invoice => SKIP JSON Parse error: Unexpected identifier "You"
[04:02:38] a user profile page with a heading, stats and an activity data table, docType profile => SKIP JSON Parse error: Unexpected identifier "You"
[04:02:41] a survey form with several questions and a submit button, docType form => SKIP JSON Parse error: Unexpected identifier "You"
[04:02:43] a contact form with name, email and message fields, docType form => SKIP JSON Parse error: Unexpected identifier "You"
[04:02:45] a kanban board with three columns of task cards, docType board => SKIP JSON Parse error: Unexpected identifier "You"
[04:02:47] a settings page with labelled toggles and a save button, docType settings => SKIP JSON Parse error: Unexpected identifier "You"
[04:02:50] an operations dashboard with three KPI stat tiles, a line chart and a data table, docType dashboard => SKIP JSON Parse error: Unexpected identifier "You"
[04:02:52] a product catalog with a searchable data table of products, docType catalog => SKIP JSON Parse error: Unexpected identifier "You"
[04:02:54] an invoice with a line-item data table and a totals row, docType invoice => SKIP JSON Parse error: Unexpected identifier "You"
[04:02:57] a user profile page with a heading, stats and an activity data table, docType profile => SKIP JSON Parse error: Unexpected identifier "You"
[04:03:00] a survey form with several questions and a submit button, docType form => SKIP JSON Parse error: Unexpected identifier "You"
[04:03:02] a contact form with name, email and message fields, docType form => SKIP JSON Parse error: Unexpected identifier "You"
[04:03:04] a kanban board with three columns of task cards, docType board => SKIP JSON Parse error: Unexpected identifier "You"
[04:03:07] a settings page with labelled toggles and a save button, docType settings => SKIP JSON Parse error: Unexpected identifier "You"
[04:03:09] an operations dashboard with three KPI stat tiles, a line chart and a data table, docType dashboard => SKIP JSON Parse error: Unexpected identifier "You"
[04:03:12] a product catalog with a searchable data table of products, docType catalog => SKIP JSON Parse error: Unexpected identifier "You"
[04:03:14] an invoice with a line-item data table and a totals row, docType invoice => SKIP JSON Parse error: Unexpected identifier "You"
[04:03:17] a user profile page with a heading, stats and an activity data table, docType profile => SKIP JSON Parse error: Unexpected identifier "You"
[04:03:19] a survey form with several questions and a submit button, docType form => SKIP JSON Parse error: Unexpected identifier "You"
[04:03:21] a contact form with name, email and message fields, docType form => SKIP JSON Parse error: Unexpected identifier "You"
[04:03:25] a kanban board with three columns of task cards, docType board => SKIP JSON Parse error: Unexpected identifier "You"
[04:03:27] a settings page with labelled toggles and a save button, docType settings => SKIP JSON Parse error: Unexpected identifier "You"
[04:03:29] an operations dashboard with three KPI stat tiles, a line chart and a data table, docType dashboard => SKIP JSON Parse error: Unexpected identifier "You"
[04:03:31] a product catalog with a searchable data table of products, docType catalog => SKIP JSON Parse error: Unexpected identifier "You"
[04:03:34] an invoice with a line-item data table and a totals row, docType invoice => SKIP JSON Parse error: Unexpected identifier "You"
[04:03:36] a user profile page with a heading, stats and an activity data table, docType profile => SKIP JSON Parse error: Unexpected identifier "You"
[04:03:38] a survey form with several questions and a submit button, docType form => SKIP JSON Parse error: Unexpected identifier "You"
[04:03:41] a contact form with name, email and message fields, docType form => SKIP JSON Parse error: Unexpected identifier "You"
[04:03:43] a kanban board with three columns of task cards, docType board => SKIP JSON Parse error: Unexpected identifier "You"
[04:03:45] a settings page with labelled toggles and a save button, docType settings => SKIP JSON Parse error: Unexpected identifier "You"
[04:03:47] an operations dashboard with three KPI stat tiles, a line chart and a data table, docType dashboard => SKIP JSON Parse error: Unexpected identifier "You"
[04:03:50] a product catalog with a searchable data table of products, docType catalog => SKIP JSON Parse error: Unexpected identifier "You"
[04:03:52] an invoice with a line-item data table and a totals row, docType invoice => SKIP JSON Parse error: Unexpected identifier "You"
[04:03:55] a user profile page with a heading, stats and an activity data table, docType profile => SKIP JSON Parse error: Unexpected identifier "You"
[04:03:57] a survey form with several questions and a submit button, docType form => SKIP JSON Parse error: Unexpected identifier "You"
[04:03:59] a contact form with name, email and message fields, docType form => SKIP JSON Parse error: Unexpected identifier "You"
[04:04:02] a kanban board with three columns of task cards, docType board => SKIP JSON Parse error: Unexpected identifier "You"
[04:04:04] a settings page with labelled toggles and a save button, docType settings => SKIP JSON Parse error: Unexpected identifier "You"
[04:04:07] an operations dashboard with three KPI stat tiles, a line chart and a data table, docType dashboard => SKIP JSON Parse error: Unexpected identifier "You"
[04:04:09] a product catalog with a searchable data table of products, docType catalog => SKIP JSON Parse error: Unexpected identifier "You"
[04:04:11] an invoice with a line-item data table and a totals row, docType invoice => SKIP JSON Parse error: Unexpected identifier "You"
[04:04:13] a user profile page with a heading, stats and an activity data table, docType profile => SKIP JSON Parse error: Unexpected identifier "You"
[04:04:16] a survey form with several questions and a submit button, docType form => SKIP JSON Parse error: Unexpected identifier "You"
[04:04:18] a contact form with name, email and message fields, docType form => SKIP JSON Parse error: Unexpected identifier "You"
[04:04:20] a kanban board with three columns of task cards, docType board => SKIP JSON Parse error: Unexpected identifier "You"
[04:04:23] a settings page with labelled toggles and a save button, docType settings => SKIP JSON Parse error: Unexpected identifier "You"
[04:04:25] an operations dashboard with three KPI stat tiles, a line chart and a data table, docType dashboard => SKIP JSON Parse error: Unexpected identifier "You"
[04:04:28] a product catalog with a searchable data table of products, docType catalog => SKIP JSON Parse error: Unexpected identifier "You"
[04:04:30] an invoice with a line-item data table and a totals row, docType invoice => SKIP JSON Parse error: Unexpected identifier "You"
[04:04:32] a user profile page with a heading, stats and an activity data table, docType profile => SKIP JSON Parse error: Unexpected identifier "You"
[04:04:34] a survey form with several questions and a submit button, docType form => SKIP JSON Parse error: Unexpected identifier "You"
[04:04:37] a contact form with name, email and message fields, docType form => SKIP JSON Parse error: Unexpected identifier "You"
[04:04:39] a kanban board with three columns of task cards, docType board => SKIP JSON Parse error: Unexpected identifier "You"
[04:04:42] a settings page with labelled toggles and a save button, docType settings => SKIP JSON Parse error: Unexpected identifier "You"
[04:04:44] an operations dashboard with three KPI stat tiles, a line chart and a data table, docType dashboard => SKIP JSON Parse error: Unexpected identifier "You"
[04:04:46] a product catalog with a searchable data table of products, docType catalog => SKIP JSON Parse error: Unexpected identifier "You"
[04:04:49] an invoice with a line-item data table and a totals row, docType invoice => SKIP JSON Parse error: Unexpected identifier "You"
[04:04:51] a user profile page with a heading, stats and an activity data table, docType profile => SKIP JSON Parse error: Unexpected identifier "You"
[04:04:53] a survey form with several questions and a submit button, docType form => SKIP JSON Parse error: Unexpected identifier "You"
[04:04:55] a contact form with name, email and message fields, docType form => SKIP JSON Parse error: Unexpected identifier "You"
[04:04:57] a kanban board with three columns of task cards, docType board => SKIP JSON Parse error: Unexpected identifier "You"
[04:05:00] a settings page with labelled toggles and a save button, docType settings => SKIP JSON Parse error: Unexpected identifier "You"
[04:05:02] an operations dashboard with three KPI stat tiles, a line chart and a data table, docType dashboard => SKIP JSON Parse error: Unexpected identifier "You"
[04:05:04] a product catalog with a searchable data table of products, docType catalog => SKIP JSON Parse error: Unexpected identifier "You"
[04:05:06] an invoice with a line-item data table and a totals row, docType invoice => SKIP JSON Parse error: Unexpected identifier "You"
[04:05:09] a user profile page with a heading, stats and an activity data table, docType profile => SKIP JSON Parse error: Unexpected identifier "You"
[04:05:11] a survey form with several questions and a submit button, docType form => SKIP JSON Parse error: Unexpected identifier "You"
[04:05:14] a contact form with name, email and message fields, docType form => SKIP JSON Parse error: Unexpected identifier "You"
[04:05:16] a kanban board with three columns of task cards, docType board => SKIP JSON Parse error: Unexpected identifier "You"
[04:05:18] a settings page with labelled toggles and a save button, docType settings => SKIP JSON Parse error: Unexpected identifier "You"
[04:05:21] an operations dashboard with three KPI stat tiles, a line chart and a data table, docType dashboard => SKIP JSON Parse error: Unexpected identifier "You"
[04:05:23] a product catalog with a searchable data table of products, docType catalog => SKIP JSON Parse error: Unexpected identifier "You"
[04:05:26] an invoice with a line-item data table and a totals row, docType invoice => SKIP JSON Parse error: Unexpected identifier "You"
[04:05:28] a user profile page with a heading, stats and an activity data table, docType profile => SKIP JSON Parse error: Unexpected identifier "You"
[04:05:30] a survey form with several questions and a submit button, docType form => SKIP JSON Parse error: Unexpected identifier "You"
[04:05:34] a contact form with name, email and message fields, docType form => SKIP JSON Parse error: Unexpected identifier "You"
[04:05:36] a kanban board with three columns of task cards, docType board => SKIP JSON Parse error: Unexpected identifier "You"
[04:05:39] a settings page with labelled toggles and a save button, docType settings => SKIP JSON Parse error: Unexpected identifier "You"
[04:05:41] an operations dashboard with three KPI stat tiles, a line chart and a data table, docType dashboard => SKIP JSON Parse error: Unexpected identifier "You"
[04:05:43] a product catalog with a searchable data table of products, docType catalog => SKIP JSON Parse error: Unexpected identifier "You"
[04:05:46] an invoice with a line-item data table and a totals row, docType invoice => SKIP JSON Parse error: Unexpected identifier "You"
[04:05:48] a user profile page with a heading, stats and an activity data table, docType profile => SKIP JSON Parse error: Unexpected identifier "You"
[04:05:50] a survey form with several questions and a submit button, docType form => SKIP JSON Parse error: Unexpected identifier "You"
[04:05:52] a contact form with name, email and message fields, docType form => SKIP JSON Parse error: Unexpected identifier "You"
[04:05:54] a kanban board with three columns of task cards, docType board => SKIP JSON Parse error: Unexpected identifier "You"
[04:05:57] a settings page with labelled toggles and a save button, docType settings => SKIP JSON Parse error: Unexpected identifier "You"
[04:05:59] an operations dashboard with three KPI stat tiles, a line chart and a data table, docType dashboard => SKIP JSON Parse error: Unexpected identifier "You"
[04:06:01] a product catalog with a searchable data table of products, docType catalog => SKIP JSON Parse error: Unexpected identifier "You"
[04:06:04] an invoice with a line-item data table and a totals row, docType invoice => SKIP JSON Parse error: Unexpected identifier "You"
[04:06:07] a user profile page with a heading, stats and an activity data table, docType profile => SKIP JSON Parse error: Unexpected identifier "You"
[04:06:09] a survey form with several questions and a submit button, docType form => SKIP JSON Parse error: Unexpected identifier "You"
[04:06:12] a contact form with name, email and message fields, docType form => SKIP JSON Parse error: Unexpected identifier "You"
[04:06:14] a kanban board with three columns of task cards, docType board => SKIP JSON Parse error: Unexpected identifier "You"
[04:06:16] a settings page with labelled toggles and a save button, docType settings => SKIP JSON Parse error: Unexpected identifier "You"
[04:06:18] an operations dashboard with three KPI stat tiles, a line chart and a data table, docType dashboard => SKIP JSON Parse error: Unexpected identifier "You"
[04:06:21] a product catalog with a searchable data table of products, docType catalog => SKIP JSON Parse error: Unexpected identifier "You"
[04:06:23] an invoice with a line-item data table and a totals row, docType invoice => SKIP JSON Parse error: Unexpected identifier "You"
[04:06:25] a user profile page with a heading, stats and an activity data table, docType profile => SKIP JSON Parse error: Unexpected identifier "You"
[04:06:28] a survey form with several questions and a submit button, docType form => SKIP JSON Parse error: Unexpected identifier "You"
[04:06:30] a contact form with name, email and message fields, docType form => SKIP JSON Parse error: Unexpected identifier "You"
[04:06:33] a kanban board with three columns of task cards, docType board => SKIP JSON Parse error: Unexpected identifier "You"
[04:06:35] a settings page with labelled toggles and a save button, docType settings => SKIP JSON Parse error: Unexpected identifier "You"
[04:06:37] an operations dashboard with three KPI stat tiles, a line chart and a data table, docType dashboard => SKIP JSON Parse error: Unexpected identifier "You"
[04:06:39] a product catalog with a searchable data table of products, docType catalog => SKIP JSON Parse error: Unexpected identifier "You"
[04:06:42] an invoice with a line-item data table and a totals row, docType invoice => SKIP JSON Parse error: Unexpected identifier "You"
[04:06:44] a user profile page with a heading, stats and an activity data table, docType profile => SKIP JSON Parse error: Unexpected identifier "You"
[04:06:46] a survey form with several questions and a submit button, docType form => SKIP JSON Parse error: Unexpected identifier "You"
[04:06:49] a contact form with name, email and message fields, docType form => SKIP JSON Parse error: Unexpected identifier "You"
[04:06:51] a kanban board with three columns of task cards, docType board => SKIP JSON Parse error: Unexpected identifier "You"
[04:06:53] a settings page with labelled toggles and a save button, docType settings => SKIP JSON Parse error: Unexpected identifier "You"
[04:06:56] an operations dashboard with three KPI stat tiles, a line chart and a data table, docType dashboard => SKIP JSON Parse error: Unexpected identifier "You"
[04:06:58] a product catalog with a searchable data table of products, docType catalog => SKIP JSON Parse error: Unexpected identifier "You"
[04:07:00] an invoice with a line-item data table and a totals row, docType invoice => SKIP JSON Parse error: Unexpected identifier "You"
[04:07:03] a user profile page with a heading, stats and an activity data table, docType profile => SKIP JSON Parse error: Unexpected identifier "You"
[04:07:05] a survey form with several questions and a submit button, docType form => SKIP JSON Parse error: Unexpected identifier "You"
[04:07:07] a contact form with name, email and message fields, docType form => SKIP JSON Parse error: Unexpected identifier "You"
[04:07:10] a kanban board with three columns of task cards, docType board => SKIP JSON Parse error: Unexpected identifier "You"
[04:07:12] a settings page with labelled toggles and a save button, docType settings => SKIP JSON Parse error: Unexpected identifier "You"
[04:07:14] an operations dashboard with three KPI stat tiles, a line chart and a data table, docType dashboard => SKIP JSON Parse error: Unexpected identifier "You"
[04:07:16] a product catalog with a searchable data table of products, docType catalog => SKIP JSON Parse error: Unexpected identifier "You"
[04:07:19] an invoice with a line-item data table and a totals row, docType invoice => SKIP JSON Parse error: Unexpected identifier "You"
[04:07:21] a user profile page with a heading, stats and an activity data table, docType profile => SKIP JSON Parse error: Unexpected identifier "You"
[04:07:24] a survey form with several questions and a submit button, docType form => SKIP JSON Parse error: Unexpected identifier "You"
[04:07:26] a contact form with name, email and message fields, docType form => SKIP JSON Parse error: Unexpected identifier "You"
[04:07:29] a kanban board with three columns of task cards, docType board => SKIP JSON Parse error: Unexpected identifier "You"
[04:07:31] a settings page with labelled toggles and a save button, docType settings => SKIP JSON Parse error: Unexpected identifier "You"
[04:07:33] an operations dashboard with three KPI stat tiles, a line chart and a data table, docType dashboard => SKIP JSON Parse error: Unexpected identifier "You"
[04:07:36] a product catalog with a searchable data table of products, docType catalog => SKIP JSON Parse error: Unexpected identifier "You"
[04:07:38] an invoice with a line-item data table and a totals row, docType invoice => SKIP JSON Parse error: Unexpected identifier "You"
[04:07:40] a user profile page with a heading, stats and an activity data table, docType profile => SKIP JSON Parse error: Unexpected identifier "You"
[04:07:42] a survey form with several questions and a submit button, docType form => SKIP JSON Parse error: Unexpected identifier "You"
[04:07:45] a contact form with name, email and message fields, docType form => SKIP JSON Parse error: Unexpected identifier "You"
[04:07:47] a kanban board with three columns of task cards, docType board => SKIP JSON Parse error: Unexpected identifier "You"
[04:07:49] a settings page with labelled toggles and a save button, docType settings => SKIP JSON Parse error: Unexpected identifier "You"
[04:07:52] an operations dashboard with three KPI stat tiles, a line chart and a data table, docType dashboard => SKIP JSON Parse error: Unexpected identifier "You"
[04:07:54] a product catalog with a searchable data table of products, docType catalog => SKIP JSON Parse error: Unexpected identifier "You"
[04:07:57] an invoice with a line-item data table and a totals row, docType invoice => SKIP JSON Parse error: Unexpected identifier "You"
[04:07:59] a user profile page with a heading, stats and an activity data table, docType profile => SKIP JSON Parse error: Unexpected identifier "You"
[04:08:01] a survey form with several questions and a submit button, docType form => SKIP JSON Parse error: Unexpected identifier "You"
[04:08:04] a contact form with name, email and message fields, docType form => SKIP JSON Parse error: Unexpected identifier "You"
[04:08:06] a kanban board with three columns of task cards, docType board => SKIP JSON Parse error: Unexpected identifier "You"
[04:08:09] a settings page with labelled toggles and a save button, docType settings => SKIP JSON Parse error: Unexpected identifier "You"
[04:08:11] an operations dashboard with three KPI stat tiles, a line chart and a data table, docType dashboard => SKIP JSON Parse error: Unexpected identifier "You"
[04:08:14] a product catalog with a searchable data table of products, docType catalog => SKIP JSON Parse error: Unexpected identifier "You"
[04:08:16] an invoice with a line-item data table and a totals row, docType invoice => SKIP JSON Parse error: Unexpected identifier "You"
[04:08:18] a user profile page with a heading, stats and an activity data table, docType profile => SKIP JSON Parse error: Unexpected identifier "You"
[04:08:21] a survey form with several questions and a submit button, docType form => SKIP JSON Parse error: Unexpected identifier "You"
[04:08:23] a contact form with name, email and message fields, docType form => SKIP JSON Parse error: Unexpected identifier "You"
[04:08:26] a kanban board with three columns of task cards, docType board => SKIP JSON Parse error: Unexpected identifier "You"
[04:08:28] a settings page with labelled toggles and a save button, docType settings => SKIP JSON Parse error: Unexpected identifier "You"
[04:08:31] an operations dashboard with three KPI stat tiles, a line chart and a data table, docType dashboard => SKIP JSON Parse error: Unexpected identifier "You"
[04:08:33] a product catalog with a searchable data table of products, docType catalog => SKIP JSON Parse error: Unexpected identifier "You"
[04:08:36] an invoice with a line-item data table and a totals row, docType invoice => SKIP JSON Parse error: Unexpected identifier "You"
[04:08:38] a user profile page with a heading, stats and an activity data table, docType profile => SKIP JSON Parse error: Unexpected identifier "You"
[04:08:40] a survey form with several questions and a submit button, docType form => SKIP JSON Parse error: Unexpected identifier "You"
[04:08:43] a contact form with name, email and message fields, docType form => SKIP JSON Parse error: Unexpected identifier "You"
[04:08:46] a kanban board with three columns of task cards, docType board => SKIP JSON Parse error: Unexpected identifier "You"
[04:08:48] a settings page with labelled toggles and a save button, docType settings => SKIP JSON Parse error: Unexpected identifier "You"
[04:08:50] an operations dashboard with three KPI stat tiles, a line chart and a data table, docType dashboard => SKIP JSON Parse error: Unexpected identifier "You"
[04:08:53] a product catalog with a searchable data table of products, docType catalog => SKIP JSON Parse error: Unexpected identifier "You"
[04:08:55] an invoice with a line-item data table and a totals row, docType invoice => SKIP JSON Parse error: Unexpected identifier "You"
[04:08:58] a user profile page with a heading, stats and an activity data table, docType profile => SKIP JSON Parse error: Unexpected identifier "You"
[04:09:01] a survey form with several questions and a submit button, docType form => SKIP JSON Parse error: Unexpected identifier "You"
[04:09:03] a contact form with name, email and message fields, docType form => SKIP JSON Parse error: Unexpected identifier "You"
[04:09:06] a kanban board with three columns of task cards, docType board => SKIP JSON Parse error: Unexpected identifier "You"
[04:09:08] a settings page with labelled toggles and a save button, docType settings => SKIP JSON Parse error: Unexpected identifier "You"
[04:09:11] an operations dashboard with three KPI stat tiles, a line chart and a data table, docType dashboard => SKIP JSON Parse error: Unexpected identifier "You"
[04:09:13] a product catalog with a searchable data table of products, docType catalog => SKIP JSON Parse error: Unexpected identifier "You"
[04:09:16] an invoice with a line-item data table and a totals row, docType invoice => SKIP JSON Parse error: Unexpected identifier "You"
[04:09:18] a user profile page with a heading, stats and an activity data table, docType profile => SKIP JSON Parse error: Unexpected identifier "You"
[04:09:21] a survey form with several questions and a submit button, docType form => SKIP JSON Parse error: Unexpected identifier "You"
[04:09:24] a contact form with name, email and message fields, docType form => SKIP JSON Parse error: Unexpected identifier "You"
[04:09:26] a kanban board with three columns of task cards, docType board => SKIP JSON Parse error: Unexpected identifier "You"
[04:09:29] a settings page with labelled toggles and a save button, docType settings => SKIP JSON Parse error: Unexpected identifier "You"
[04:09:31] an operations dashboard with three KPI stat tiles, a line chart and a data table, docType dashboard => SKIP JSON Parse error: Unexpected identifier "You"
[04:09:34] a product catalog with a searchable data table of products, docType catalog => SKIP JSON Parse error: Unexpected identifier "You"
[04:09:36] an invoice with a line-item data table and a totals row, docType invoice => SKIP JSON Parse error: Unexpected identifier "You"
[04:09:38] a user profile page with a heading, stats and an activity data table, docType profile => SKIP JSON Parse error: Unexpected identifier "You"
[04:09:41] a survey form with several questions and a submit button, docType form => SKIP JSON Parse error: Unexpected identifier "You"
[04:09:43] a contact form with name, email and message fields, docType form => SKIP JSON Parse error: Unexpected identifier "You"
[04:09:45] a kanban board with three columns of task cards, docType board => SKIP JSON Parse error: Unexpected identifier "You"
[04:09:48] a settings page with labelled toggles and a save button, docType settings => SKIP JSON Parse error: Unexpected identifier "You"
[04:09:52] an operations dashboard with three KPI stat tiles, a line chart and a data table, docType dashboard => SKIP JSON Parse error: Unexpected identifier "You"
[04:09:54] a product catalog with a searchable data table of products, docType catalog => SKIP JSON Parse error: Unexpected identifier "You"
[04:09:56] an invoice with a line-item data table and a totals row, docType invoice => SKIP JSON Parse error: Unexpected identifier "You"
[04:09:59] a user profile page with a heading, stats and an activity data table, docType profile => SKIP JSON Parse error: Unexpected identifier "You"
[04:10:01] a survey form with several questions and a submit button, docType form => SKIP JSON Parse error: Unexpected identifier "You"
[04:10:04] a contact form with name, email and message fields, docType form => SKIP JSON Parse error: Unexpected identifier "You"
[04:10:06] a kanban board with three columns of task cards, docType board => SKIP JSON Parse error: Unexpected identifier "You"
[04:10:08] a settings page with labelled toggles and a save button, docType settings => SKIP JSON Parse error: Unexpected identifier "You"
[04:10:11] an operations dashboard with three KPI stat tiles, a line chart and a data table, docType dashboard => SKIP JSON Parse error: Unexpected identifier "You"
[04:10:13] a product catalog with a searchable data table of products, docType catalog => SKIP JSON Parse error: Unexpected identifier "You"
[04:10:15] an invoice with a line-item data table and a totals row, docType invoice => SKIP JSON Parse error: Unexpected identifier "You"
[04:10:18] a user profile page with a heading, stats and an activity data table, docType profile => SKIP JSON Parse error: Unexpected identifier "You"
[04:10:20] a survey form with several questions and a submit button, docType form => SKIP JSON Parse error: Unexpected identifier "You"
[04:10:22] a contact form with name, email and message fields, docType form => SKIP JSON Parse error: Unexpected identifier "You"
[04:10:26] a kanban board with three columns of task cards, docType board => SKIP JSON Parse error: Unexpected identifier "You"
[04:10:28] a settings page with labelled toggles and a save button, docType settings => SKIP JSON Parse error: Unexpected identifier "You"
[04:10:31] an operations dashboard with three KPI stat tiles, a line chart and a data table, docType dashboard => SKIP JSON Parse error: Unexpected identifier "You"
[04:10:33] a product catalog with a searchable data table of products, docType catalog => SKIP JSON Parse error: Unexpected identifier "You"
[04:10:35] an invoice with a line-item data table and a totals row, docType invoice => SKIP JSON Parse error: Unexpected identifier "You"
[04:10:37] a user profile page with a heading, stats and an activity data table, docType profile => SKIP JSON Parse error: Unexpected identifier "You"
[04:10:39] a survey form with several questions and a submit button, docType form => SKIP JSON Parse error: Unexpected identifier "You"
[04:10:41] a contact form with name, email and message fields, docType form => SKIP JSON Parse error: Unexpected identifier "You"
[04:10:44] a kanban board with three columns of task cards, docType board => SKIP JSON Parse error: Unexpected identifier "You"
[04:10:46] a settings page with labelled toggles and a save button, docType settings => SKIP JSON Parse error: Unexpected identifier "You"
[04:10:49] an operations dashboard with three KPI stat tiles, a line chart and a data table, docType dashboard => SKIP JSON Parse error: Unexpected identifier "You"
[04:10:51] a product catalog with a searchable data table of products, docType catalog => SKIP JSON Parse error: Unexpected identifier "You"
[04:10:53] an invoice with a line-item data table and a totals row, docType invoice => SKIP JSON Parse error: Unexpected identifier "You"
[04:10:56] a user profile page with a heading, stats and an activity data table, docType profile => SKIP JSON Parse error: Unexpected identifier "You"
[04:10:58] a survey form with several questions and a submit button, docType form => SKIP JSON Parse error: Unexpected identifier "You"
[04:11:01] a contact form with name, email and message fields, docType form => SKIP JSON Parse error: Unexpected identifier "You"
[04:11:03] a kanban board with three columns of task cards, docType board => SKIP JSON Parse error: Unexpected identifier "You"
[04:11:05] a settings page with labelled toggles and a save button, docType settings => SKIP JSON Parse error: Unexpected identifier "You"
[04:11:08] an operations dashboard with three KPI stat tiles, a line chart and a data table, docType dashboard => SKIP JSON Parse error: Unexpected identifier "You"
[04:11:10] a product catalog with a searchable data table of products, docType catalog => SKIP JSON Parse error: Unexpected identifier "You"
[04:11:12] an invoice with a line-item data table and a totals row, docType invoice => SKIP JSON Parse error: Unexpected identifier "You"
[04:11:15] a user profile page with a heading, stats and an activity data table, docType profile => SKIP JSON Parse error: Unexpected identifier "You"
[04:11:17] a survey form with several questions and a submit button, docType form => SKIP JSON Parse error: Unexpected identifier "You"
[04:11:20] a contact form with name, email and message fields, docType form => SKIP JSON Parse error: Unexpected identifier "You"
[04:11:22] a kanban board with three columns of task cards, docType board => SKIP JSON Parse error: Unexpected identifier "You"
[04:11:25] a settings page with labelled toggles and a save button, docType settings => SKIP JSON Parse error: Unexpected identifier "You"
[04:11:28] an operations dashboard with three KPI stat tiles, a line chart and a data table, docType dashboard => SKIP JSON Parse error: Unexpected identifier "You"
[04:11:30] a product catalog with a searchable data table of products, docType catalog => SKIP JSON Parse error: Unexpected identifier "You"
[04:11:32] an invoice with a line-item data table and a totals row, docType invoice => SKIP JSON Parse error: Unexpected identifier "You"
[04:11:35] a user profile page with a heading, stats and an activity data table, docType profile => SKIP JSON Parse error: Unexpected identifier "You"
[04:11:37] a survey form with several questions and a submit button, docType form => SKIP JSON Parse error: Unexpected identifier "You"
[04:11:39] a contact form with name, email and message fields, docType form => SKIP JSON Parse error: Unexpected identifier "You"
[04:11:41] a kanban board with three columns of task cards, docType board => SKIP JSON Parse error: Unexpected identifier "You"
[04:11:44] a settings page with labelled toggles and a save button, docType settings => SKIP JSON Parse error: Unexpected identifier "You"
[04:11:46] an operations dashboard with three KPI stat tiles, a line chart and a data table, docType dashboard => SKIP JSON Parse error: Unexpected identifier "You"
[04:11:49] a product catalog with a searchable data table of products, docType catalog => SKIP JSON Parse error: Unexpected identifier "You"
[04:11:51] an invoice with a line-item data table and a totals row, docType invoice => SKIP JSON Parse error: Unexpected identifier "You"
[04:11:55] a user profile page with a heading, stats and an activity data table, docType profile => SKIP JSON Parse error: Unexpected identifier "You"
[04:11:57] a survey form with several questions and a submit button, docType form => SKIP JSON Parse error: Unexpected identifier "You"
[04:11:59] a contact form with name, email and message fields, docType form => SKIP JSON Parse error: Unexpected identifier "You"
[04:12:01] a kanban board with three columns of task cards, docType board => SKIP JSON Parse error: Unexpected identifier "You"
[04:12:03] a settings page with labelled toggles and a save button, docType settings => SKIP JSON Parse error: Unexpected identifier "You"
[04:12:06] an operations dashboard with three KPI stat tiles, a line chart and a data table, docType dashboard => SKIP JSON Parse error: Unexpected identifier "You"
[04:12:08] a product catalog with a searchable data table of products, docType catalog => SKIP JSON Parse error: Unexpected identifier "You"
[04:12:11] an invoice with a line-item data table and a totals row, docType invoice => SKIP JSON Parse error: Unexpected identifier "You"
[04:12:13] a user profile page with a heading, stats and an activity data table, docType profile => SKIP JSON Parse error: Unexpected identifier "You"
[04:12:15] a survey form with several questions and a submit button, docType form => SKIP JSON Parse error: Unexpected identifier "You"
[04:12:18] a contact form with name, email and message fields, docType form => SKIP JSON Parse error: Unexpected identifier "You"
[04:12:20] a kanban board with three columns of task cards, docType board => SKIP JSON Parse error: Unexpected identifier "You"
[04:12:22] a settings page with labelled toggles and a save button, docType settings => SKIP JSON Parse error: Unexpected identifier "You"
[04:12:25] an operations dashboard with three KPI stat tiles, a line chart and a data table, docType dashboard => SKIP JSON Parse error: Unexpected identifier "You"
[04:12:27] a product catalog with a searchable data table of products, docType catalog => SKIP JSON Parse error: Unexpected identifier "You"
[04:12:29] an invoice with a line-item data table and a totals row, docType invoice => SKIP JSON Parse error: Unexpected identifier "You"
[04:12:32] a user profile page with a heading, stats and an activity data table, docType profile => SKIP JSON Parse error: Unexpected identifier "You"
[04:12:34] a survey form with several questions and a submit button, docType form => SKIP JSON Parse error: Unexpected identifier "You"
[04:12:37] a contact form with name, email and message fields, docType form => SKIP JSON Parse error: Unexpected identifier "You"
[04:12:39] a kanban board with three columns of task cards, docType board => SKIP JSON Parse error: Unexpected identifier "You"
[04:12:42] a settings page with labelled toggles and a save button, docType settings => SKIP JSON Parse error: Unexpected identifier "You"
[04:12:44] an operations dashboard with three KPI stat tiles, a line chart and a data table, docType dashboard => SKIP JSON Parse error: Unexpected identifier "You"
[04:12:46] a product catalog with a searchable data table of products, docType catalog => SKIP JSON Parse error: Unexpected identifier "You"
[04:12:49] an invoice with a line-item data table and a totals row, docType invoice => SKIP JSON Parse error: Unexpected identifier "You"
[04:12:51] a user profile page with a heading, stats and an activity data table, docType profile => SKIP JSON Parse error: Unexpected identifier "You"
[04:12:53] a survey form with several questions and a submit button, docType form => SKIP JSON Parse error: Unexpected identifier "You"
[04:12:56] a contact form with name, email and message fields, docType form => SKIP JSON Parse error: Unexpected identifier "You"
[04:12:58] a kanban board with three columns of task cards, docType board => SKIP JSON Parse error: Unexpected identifier "You"
[04:13:00] a settings page with labelled toggles and a save button, docType settings => SKIP JSON Parse error: Unexpected identifier "You"
[04:13:08] an operations dashboard with three KPI stat tiles, a line chart and a data table, docType dashboard => SKIP JSON Parse error: Unexpected identifier "You"
[04:13:11] a product catalog with a searchable data table of products, docType catalog => SKIP JSON Parse error: Unexpected identifier "You"
[04:13:13] an invoice with a line-item data table and a totals row, docType invoice => SKIP JSON Parse error: Unexpected identifier "You"
[04:13:16] a user profile page with a heading, stats and an activity data table, docType profile => SKIP JSON Parse error: Unexpected identifier "You"
[04:13:18] a survey form with several questions and a submit button, docType form => SKIP JSON Parse error: Unexpected identifier "You"
[04:13:21] a contact form with name, email and message fields, docType form => SKIP JSON Parse error: Unexpected identifier "You"
[04:13:23] a kanban board with three columns of task cards, docType board => SKIP JSON Parse error: Unexpected identifier "You"
[04:13:25] a settings page with labelled toggles and a save button, docType settings => SKIP JSON Parse error: Unexpected identifier "You"
[04:13:28] an operations dashboard with three KPI stat tiles, a line chart and a data table, docType dashboard => SKIP JSON Parse error: Unexpected identifier "You"
[04:13:30] a product catalog with a searchable data table of products, docType catalog => SKIP JSON Parse error: Unexpected identifier "You"
[04:13:32] an invoice with a line-item data table and a totals row, docType invoice => SKIP JSON Parse error: Unexpected identifier "You"
[04:13:35] a user profile page with a heading, stats and an activity data table, docType profile => SKIP JSON Parse error: Unexpected identifier "You"
[04:13:37] a survey form with several questions and a submit button, docType form => SKIP JSON Parse error: Unexpected identifier "You"
[04:13:39] a contact form with name, email and message fields, docType form => SKIP JSON Parse error: Unexpected identifier "You"
[04:13:42] a kanban board with three columns of task cards, docType board => SKIP JSON Parse error: Unexpected identifier "You"
[04:13:44] a settings page with labelled toggles and a save button, docType settings => SKIP JSON Parse error: Unexpected identifier "You"
[04:13:46] an operations dashboard with three KPI stat tiles, a line chart and a data table, docType dashboard => SKIP JSON Parse error: Unexpected identifier "You"
[04:13:49] a product catalog with a searchable data table of products, docType catalog => SKIP JSON Parse error: Unexpected identifier "You"
[04:13:52] an invoice with a line-item data table and a totals row, docType invoice => SKIP JSON Parse error: Unexpected identifier "You"
[04:13:54] a user profile page with a heading, stats and an activity data table, docType profile => SKIP JSON Parse error: Unexpected identifier "You"
[04:13:57] a survey form with several questions and a submit button, docType form => SKIP JSON Parse error: Unexpected identifier "You"
[04:13:59] a contact form with name, email and message fields, docType form => SKIP JSON Parse error: Unexpected identifier "You"
[04:14:01] a kanban board with three columns of task cards, docType board => SKIP JSON Parse error: Unexpected identifier "You"
[04:14:04] a settings page with labelled toggles and a save button, docType settings => SKIP JSON Parse error: Unexpected identifier "You"
[04:14:06] an operations dashboard with three KPI stat tiles, a line chart and a data table, docType dashboard => SKIP JSON Parse error: Unexpected identifier "You"
[04:14:09] a product catalog with a searchable data table of products, docType catalog => SKIP JSON Parse error: Unexpected identifier "You"
[04:14:11] an invoice with a line-item data table and a totals row, docType invoice => SKIP JSON Parse error: Unexpected identifier "You"
[04:14:14] a user profile page with a heading, stats and an activity data table, docType profile => SKIP JSON Parse error: Unexpected identifier "You"
[04:14:17] a survey form with several questions and a submit button, docType form => SKIP JSON Parse error: Unexpected identifier "You"
[04:14:19] a contact form with name, email and message fields, docType form => SKIP JSON Parse error: Unexpected identifier "You"
[04:14:22] a kanban board with three columns of task cards, docType board => SKIP JSON Parse error: Unexpected identifier "You"
[04:14:24] a settings page with labelled toggles and a save button, docType settings => SKIP JSON Parse error: Unexpected identifier "You"
[04:14:26] an operations dashboard with three KPI stat tiles, a line chart and a data table, docType dashboard => SKIP JSON Parse error: Unexpected identifier "You"
[04:14:28] a product catalog with a searchable data table of products, docType catalog => SKIP JSON Parse error: Unexpected identifier "You"
[04:14:31] an invoice with a line-item data table and a totals row, docType invoice => SKIP JSON Parse error: Unexpected identifier "You"
[04:14:33] a user profile page with a heading, stats and an activity data table, docType profile => SKIP JSON Parse error: Unexpected identifier "You"
[04:14:36] a survey form with several questions and a submit button, docType form => SKIP JSON Parse error: Unexpected identifier "You"
[04:14:38] a contact form with name, email and message fields, docType form => SKIP JSON Parse error: Unexpected identifier "You"
[04:14:40] a kanban board with three columns of task cards, docType board => SKIP JSON Parse error: Unexpected identifier "You"
[04:14:42] a settings page with labelled toggles and a save button, docType settings => SKIP JSON Parse error: Unexpected identifier "You"
[04:14:44] an operations dashboard with three KPI stat tiles, a line chart and a data table, docType dashboard => SKIP JSON Parse error: Unexpected identifier "You"
[04:14:47] a product catalog with a searchable data table of products, docType catalog => SKIP JSON Parse error: Unexpected identifier "You"
[04:14:49] an invoice with a line-item data table and a totals row, docType invoice => SKIP JSON Parse error: Unexpected identifier "You"
[04:14:51] a user profile page with a heading, stats and an activity data table, docType profile => SKIP JSON Parse error: Unexpected identifier "You"
[04:14:53] a survey form with several questions and a submit button, docType form => SKIP JSON Parse error: Unexpected identifier "You"
[04:14:56] a contact form with name, email and message fields, docType form => SKIP JSON Parse error: Unexpected identifier "You"
[04:14:59] a kanban board with three columns of task cards, docType board => SKIP JSON Parse error: Unexpected identifier "You"
[04:15:01] a settings page with labelled toggles and a save button, docType settings => SKIP JSON Parse error: Unexpected identifier "You"
[04:15:04] an operations dashboard with three KPI stat tiles, a line chart and a data table, docType dashboard => SKIP JSON Parse error: Unexpected identifier "You"
[04:15:07] a product catalog with a searchable data table of products, docType catalog => SKIP JSON Parse error: Unexpected identifier "You"
[04:15:09] an invoice with a line-item data table and a totals row, docType invoice => SKIP JSON Parse error: Unexpected identifier "You"
[04:15:12] a user profile page with a heading, stats and an activity data table, docType profile => SKIP JSON Parse error: Unexpected identifier "You"
[04:15:14] a survey form with several questions and a submit button, docType form => SKIP JSON Parse error: Unexpected identifier "You"
[04:15:16] a contact form with name, email and message fields, docType form => SKIP JSON Parse error: Unexpected identifier "You"
[04:15:19] a kanban board with three columns of task cards, docType board => SKIP JSON Parse error: Unexpected identifier "You"
[04:15:21] a settings page with labelled toggles and a save button, docType settings => SKIP JSON Parse error: Unexpected identifier "You"
[04:15:23] an operations dashboard with three KPI stat tiles, a line chart and a data table, docType dashboard => SKIP JSON Parse error: Unexpected identifier "You"
[04:15:26] a product catalog with a searchable data table of products, docType catalog => SKIP JSON Parse error: Unexpected identifier "You"
[04:15:29] an invoice with a line-item data table and a totals row, docType invoice => SKIP JSON Parse error: Unexpected identifier "You"
[04:15:31] a user profile page with a heading, stats and an activity data table, docType profile => SKIP JSON Parse error: Unexpected identifier "You"
[04:15:34] a survey form with several questions and a submit button, docType form => SKIP JSON Parse error: Unexpected identifier "You"
[04:15:36] a contact form with name, email and message fields, docType form => SKIP JSON Parse error: Unexpected identifier "You"
[04:15:39] a kanban board with three columns of task cards, docType board => SKIP JSON Parse error: Unexpected identifier "You"
[04:15:41] a settings page with labelled toggles and a save button, docType settings => SKIP JSON Parse error: Unexpected identifier "You"
[04:15:43] an operations dashboard with three KPI stat tiles, a line chart and a data table, docType dashboard => SKIP JSON Parse error: Unexpected identifier "You"
[04:15:45] a product catalog with a searchable data table of products, docType catalog => SKIP JSON Parse error: Unexpected identifier "You"
[04:15:48] an invoice with a line-item data table and a totals row, docType invoice => SKIP JSON Parse error: Unexpected identifier "You"
[04:15:50] a user profile page with a heading, stats and an activity data table, docType profile => SKIP JSON Parse error: Unexpected identifier "You"
[04:15:52] a survey form with several questions and a submit button, docType form => SKIP JSON Parse error: Unexpected identifier "You"
[04:15:55] a contact form with name, email and message fields, docType form => SKIP JSON Parse error: Unexpected identifier "You"
[04:15:58] a kanban board with three columns of task cards, docType board => SKIP JSON Parse error: Unexpected identifier "You"
[04:16:00] a settings page with labelled toggles and a save button, docType settings => SKIP JSON Parse error: Unexpected identifier "You"
[04:16:02] an operations dashboard with three KPI stat tiles, a line chart and a data table, docType dashboard => SKIP JSON Parse error: Unexpected identifier "You"
[04:16:04] a product catalog with a searchable data table of products, docType catalog => SKIP JSON Parse error: Unexpected identifier "You"
[04:16:07] an invoice with a line-item data table and a totals row, docType invoice => SKIP JSON Parse error: Unexpected identifier "You"
[04:16:10] a user profile page with a heading, stats and an activity data table, docType profile => SKIP JSON Parse error: Unexpected identifier "You"
[04:16:12] a survey form with several questions and a submit button, docType form => SKIP JSON Parse error: Unexpected identifier "You"
[04:16:14] a contact form with name, email and message fields, docType form => SKIP JSON Parse error: Unexpected identifier "You"
[04:16:16] a kanban board with three columns of task cards, docType board => SKIP JSON Parse error: Unexpected identifier "You"
[04:16:19] a settings page with labelled toggles and a save button, docType settings => SKIP JSON Parse error: Unexpected identifier "You"
[04:16:21] an operations dashboard with three KPI stat tiles, a line chart and a data table, docType dashboard => SKIP JSON Parse error: Unexpected identifier "You"
[04:16:24] a product catalog with a searchable data table of products, docType catalog => SKIP JSON Parse error: Unexpected identifier "You"
[04:16:26] an invoice with a line-item data table and a totals row, docType invoice => SKIP JSON Parse error: Unexpected identifier "You"
[04:16:29] a user profile page with a heading, stats and an activity data table, docType profile => SKIP JSON Parse error: Unexpected identifier "You"
[04:16:32] a survey form with several questions and a submit button, docType form => SKIP JSON Parse error: Unexpected identifier "You"
[04:16:34] a contact form with name, email and message fields, docType form => SKIP JSON Parse error: Unexpected identifier "You"
[04:16:36] a kanban board with three columns of task cards, docType board => SKIP JSON Parse error: Unexpected identifier "You"
[04:16:39] a settings page with labelled toggles and a save button, docType settings => SKIP JSON Parse error: Unexpected identifier "You"
[04:16:41] an operations dashboard with three KPI stat tiles, a line chart and a data table, docType dashboard => SKIP JSON Parse error: Unexpected identifier "You"
[04:16:43] a product catalog with a searchable data table of products, docType catalog => SKIP JSON Parse error: Unexpected identifier "You"
[04:16:46] an invoice with a line-item data table and a totals row, docType invoice => SKIP JSON Parse error: Unexpected identifier "You"
[04:16:48] a user profile page with a heading, stats and an activity data table, docType profile => SKIP JSON Parse error: Unexpected identifier "You"
[04:16:50] a survey form with several questions and a submit button, docType form => SKIP JSON Parse error: Unexpected identifier "You"
[04:16:52] a contact form with name, email and message fields, docType form => SKIP JSON Parse error: Unexpected identifier "You"
[04:16:55] a kanban board with three columns of task cards, docType board => SKIP JSON Parse error: Unexpected identifier "You"
[04:16:57] a settings page with labelled toggles and a save button, docType settings => SKIP JSON Parse error: Unexpected identifier "You"
[04:17:00] an operations dashboard with three KPI stat tiles, a line chart and a data table, docType dashboard => SKIP JSON Parse error: Unexpected identifier "You"
[04:17:02] a product catalog with a searchable data table of products, docType catalog => SKIP JSON Parse error: Unexpected identifier "You"
[04:17:05] an invoice with a line-item data table and a totals row, docType invoice => SKIP JSON Parse error: Unexpected identifier "You"
[04:17:07] a user profile page with a heading, stats and an activity data table, docType profile => SKIP JSON Parse error: Unexpected identifier "You"
[04:17:10] a survey form with several questions and a submit button, docType form => SKIP JSON Parse error: Unexpected identifier "You"
[04:17:13] a contact form with name, email and message fields, docType form => SKIP JSON Parse error: Unexpected identifier "You"
[04:17:15] a kanban board with three columns of task cards, docType board => SKIP JSON Parse error: Unexpected identifier "You"
[04:17:18] a settings page with labelled toggles and a save button, docType settings => SKIP JSON Parse error: Unexpected identifier "You"
[04:17:21] an operations dashboard with three KPI stat tiles, a line chart and a data table, docType dashboard => SKIP JSON Parse error: Unexpected identifier "You"
[04:17:24] a product catalog with a searchable data table of products, docType catalog => SKIP JSON Parse error: Unexpected identifier "You"
[04:17:26] an invoice with a line-item data table and a totals row, docType invoice => SKIP JSON Parse error: Unexpected identifier "You"
[04:17:29] a user profile page with a heading, stats and an activity data table, docType profile => SKIP JSON Parse error: Unexpected identifier "You"
[04:17:31] a survey form with several questions and a submit button, docType form => SKIP JSON Parse error: Unexpected identifier "You"
[04:17:34] a contact form with name, email and message fields, docType form => SKIP JSON Parse error: Unexpected identifier "You"
[04:32:58] a kanban board with three columns of task cards, docType board => SKIP JSON Parse error: Unexpected identifier "You"
[04:33:01] a settings page with labelled toggles and a save button, docType settings => SKIP JSON Parse error: Unexpected identifier "You"
[04:33:03] an operations dashboard with three KPI stat tiles, a line chart and a data table, docType dashboard => SKIP JSON Parse error: Unexpected identifier "You"
[04:33:06] a product catalog with a searchable data table of products, docType catalog => SKIP JSON Parse error: Unexpected identifier "You"
[04:33:09] an invoice with a line-item data table and a totals row, docType invoice => SKIP JSON Parse error: Unexpected identifier "You"
[04:33:11] a user profile page with a heading, stats and an activity data table, docType profile => SKIP JSON Parse error: Unexpected identifier "You"
[04:33:14] a survey form with several questions and a submit button, docType form => SKIP JSON Parse error: Unexpected identifier "You"
[04:33:16] a contact form with name, email and message fields, docType form => SKIP JSON Parse error: Unexpected identifier "You"
[04:33:20] a kanban board with three columns of task cards, docType board => SKIP JSON Parse error: Unexpected identifier "You"
[04:33:23] a settings page with labelled toggles and a save button, docType settings => SKIP JSON Parse error: Unexpected identifier "You"
[04:33:25] an operations dashboard with three KPI stat tiles, a line chart and a data table, docType dashboard => SKIP JSON Parse error: Unexpected identifier "You"
[04:33:27] a product catalog with a searchable data table of products, docType catalog => SKIP JSON Parse error: Unexpected identifier "You"
[04:33:29] an invoice with a line-item data table and a totals row, docType invoice => SKIP JSON Parse error: Unexpected identifier "You"
[04:33:32] a user profile page with a heading, stats and an activity data table, docType profile => SKIP JSON Parse error: Unexpected identifier "You"
[04:33:38] a survey form with several questions and a submit button, docType form => SKIP JSON Parse error: Unexpected identifier "You"
[04:33:41] a contact form with name, email and message fields, docType form => SKIP JSON Parse error: Unexpected identifier "You"
[04:33:43] a kanban board with three columns of task cards, docType board => SKIP JSON Parse error: Unexpected identifier "You"
[04:33:46] a settings page with labelled toggles and a save button, docType settings => SKIP JSON Parse error: Unexpected identifier "You"
[04:33:48] an operations dashboard with three KPI stat tiles, a line chart and a data table, docType dashboard => SKIP JSON Parse error: Unexpected identifier "You"
[04:33:50] a product catalog with a searchable data table of products, docType catalog => SKIP JSON Parse error: Unexpected identifier "You"
[04:33:52] an invoice with a line-item data table and a totals row, docType invoice => SKIP JSON Parse error: Unexpected identifier "You"
[04:33:55] a user profile page with a heading, stats and an activity data table, docType profile => SKIP JSON Parse error: Unexpected identifier "You"
[04:33:57] a survey form with several questions and a submit button, docType form => SKIP JSON Parse error: Unexpected identifier "You"
[04:33:59] a contact form with name, email and message fields, docType form => SKIP JSON Parse error: Unexpected identifier "You"
[04:34:02] a kanban board with three columns of task cards, docType board => SKIP JSON Parse error: Unexpected identifier "You"
[04:34:04] a settings page with labelled toggles and a save button, docType settings => SKIP JSON Parse error: Unexpected identifier "You"
[04:34:07] an operations dashboard with three KPI stat tiles, a line chart and a data table, docType dashboard => SKIP JSON Parse error: Unexpected identifier "You"
[04:34:10] a product catalog with a searchable data table of products, docType catalog => SKIP JSON Parse error: Unexpected identifier "You"
[04:51:42] an invoice with a line-item data table and a totals row, docType invoice => SKIP JSON Parse error: Unexpected identifier "You"
[04:51:45] a user profile page with a heading, stats and an activity data table, docType profile => SKIP JSON Parse error: Unexpected identifier "You"
[04:51:47] a survey form with several questions and a submit button, docType form => SKIP JSON Parse error: Unexpected identifier "You"
[04:51:50] a contact form with name, email and message fields, docType form => SKIP JSON Parse error: Unexpected identifier "You"
[04:51:53] a kanban board with three columns of task cards, docType board => SKIP JSON Parse error: Unexpected identifier "You"
[04:51:55] a settings page with labelled toggles and a save button, docType settings => SKIP JSON Parse error: Unexpected identifier "You"
[04:51:58] an operations dashboard with three KPI stat tiles, a line chart and a data table, docType dashboard => SKIP JSON Parse error: Unexpected identifier "You"
[04:52:00] a product catalog with a searchable data table of products, docType catalog => SKIP JSON Parse error: Unexpected identifier "You"
[04:52:03] an invoice with a line-item data table and a totals row, docType invoice => SKIP JSON Parse error: Unexpected identifier "You"
[04:52:11] a user profile page with a heading, stats and an activity data table, docType profile => SKIP JSON Parse error: Unexpected identifier "You"
[04:52:14] a survey form with several questions and a submit button, docType form => SKIP JSON Parse error: Unexpected identifier "You"
[04:52:19] a contact form with name, email and message fields, docType form => SKIP JSON Parse error: Unexpected identifier "You"
[04:52:21] a kanban board with three columns of task cards, docType board => SKIP JSON Parse error: Unexpected identifier "You"
[04:52:23] a settings page with labelled toggles and a save button, docType settings => SKIP JSON Parse error: Unexpected identifier "You"
[04:52:25] an operations dashboard with three KPI stat tiles, a line chart and a data table, docType dashboard => SKIP JSON Parse error: Unexpected identifier "You"
[04:52:27] a product catalog with a searchable data table of products, docType catalog => SKIP JSON Parse error: Unexpected identifier "You"
[04:52:29] an invoice with a line-item data table and a totals row, docType invoice => SKIP JSON Parse error: Unexpected identifier "You"
[04:52:32] a user profile page with a heading, stats and an activity data table, docType profile => SKIP JSON Parse error: Unexpected identifier "You"
[04:52:34] a survey form with several questions and a submit button, docType form => SKIP JSON Parse error: Unexpected identifier "You"
[04:52:36] a contact form with name, email and message fields, docType form => SKIP JSON Parse error: Unexpected identifier "You"
[04:52:39] a kanban board with three columns of task cards, docType board => SKIP JSON Parse error: Unexpected identifier "You"
[04:52:41] a settings page with labelled toggles and a save button, docType settings => SKIP JSON Parse error: Unexpected identifier "You"
[05:09:19] an operations dashboard with three KPI stat tiles, a line chart and a data table, docType dashboard => SKIP JSON Parse error: Unexpected identifier "You"
[05:09:21] a product catalog with a searchable data table of products, docType catalog => SKIP JSON Parse error: Unexpected identifier "You"
[05:09:24] an invoice with a line-item data table and a totals row, docType invoice => SKIP JSON Parse error: Unexpected identifier "You"
[05:09:26] a user profile page with a heading, stats and an activity data table, docType profile => SKIP JSON Parse error: Unexpected identifier "You"
[05:09:28] a survey form with several questions and a submit button, docType form => SKIP JSON Parse error: Unexpected identifier "You"
[05:09:30] a contact form with name, email and message fields, docType form => SKIP JSON Parse error: Unexpected identifier "You"
[05:09:33] a kanban board with three columns of task cards, docType board => SKIP JSON Parse error: Unexpected identifier "You"
[05:09:35] a settings page with labelled toggles and a save button, docType settings => SKIP JSON Parse error: Unexpected identifier "You"
[05:09:37] an operations dashboard with three KPI stat tiles, a line chart and a data table, docType dashboard => SKIP JSON Parse error: Unexpected identifier "You"
[05:09:40] a product catalog with a searchable data table of products, docType catalog => SKIP JSON Parse error: Unexpected identifier "You"
[05:09:43] an invoice with a line-item data table and a totals row, docType invoice => SKIP JSON Parse error: Unexpected identifier "You"
[05:09:46] a user profile page with a heading, stats and an activity data table, docType profile => SKIP JSON Parse error: Unexpected identifier "You"
[05:09:48] a survey form with several questions and a submit button, docType form => SKIP JSON Parse error: Unexpected identifier "You"
[05:09:50] a contact form with name, email and message fields, docType form => SKIP JSON Parse error: Unexpected identifier "You"
[05:09:52] a kanban board with three columns of task cards, docType board => SKIP JSON Parse error: Unexpected identifier "You"
[05:09:55] a settings page with labelled toggles and a save button, docType settings => SKIP JSON Parse error: Unexpected identifier "You"
[05:09:57] an operations dashboard with three KPI stat tiles, a line chart and a data table, docType dashboard => SKIP JSON Parse error: Unexpected identifier "You"
[05:10:04] a product catalog with a searchable data table of products, docType catalog => SKIP JSON Parse error: Unexpected identifier "You"
[05:10:06] an invoice with a line-item data table and a totals row, docType invoice => SKIP JSON Parse error: Unexpected identifier "You"
[05:10:09] a user profile page with a heading, stats and an activity data table, docType profile => SKIP JSON Parse error: Unexpected identifier "You"
[05:15:39] a survey form with several questions and a submit button, docType form => SKIP JSON Parse error: Unexpected identifier "You"
[05:15:41] a contact form with name, email and message fields, docType form => SKIP JSON Parse error: Unexpected identifier "You"
[06:45:10] a kanban board with three columns of task cards, docType board => SKIP JSON Parse error: Unexpected identifier "API"
[06:45:10] DONE (4138 attempts)
