round,config,avg_score,ts
1,ungrounded,,1785690961
1,lexical,,1785690961
1,vector,,1785690961
2,ungrounded,,1785690961
2,lexical,,1785690961
2,vector,,1785690961
3,ungrounded,,1785690961
3,lexical,,1785690961
3,vector,,1785690961
4,ungrounded,,1785690961
4,lexical,,1785690961
4,vector,,1785690961
5,ungrounded,,1785690962
5,lexical,,1785690962
5,vector,,1785690962
6,ungrounded,,1785690962
6,lexical,,1785690962
6,vector,,1785690962
7,ungrounded,,1785690962
7,lexical,,1785690962
7,vector,,1785690962
8,ungrounded,,1785690962
8,lexical,,1785690962
8,vector,,1785690962
9,ungrounded,,1785690962
9,lexical,,1785690962
9,vector,,1785690962
10,ungrounded,,1785690962
10,lexical,,1785690962
10,vector,,1785690962
11,ungrounded,,1785690962
11,lexical,,1785690962
11,vector,,1785690962
12,ungrounded,,1785690962
12,lexical,,1785690962
12,vector,,1785690962
13,ungrounded,,1785690962
13,lexical,,1785690962
13,vector,,1785690962
14,ungrounded,,1785690962
14,lexical,,1785690962
14,vector,,1785690962
15,ungrounded,,1785690962
15,lexical,,1785690962
15,vector,,1785690962
16,ungrounded,,1785690962
16,lexical,,1785690962
16,vector,,1785690962
17,ungrounded,,1785690962
17,lexical,,1785690962
17,vector,,1785690962
18,ungrounded,,1785690962
18,lexical,,1785690962
18,vector,,1785690962
19,ungrounded,,1785690962
19,lexical,,1785690962
19,vector,,1785690962
20,ungrounded,,1785690962
20,lexical,,1785690962
20,vector,,1785690962
21,ungrounded,,1785690962
21,lexical,,1785690962
21,vector,,1785690962
22,ungrounded,,1785690962
22,lexical,,1785690962
22,vector,,1785690962
23,ungrounded,,1785690962
23,lexical,,1785690962
23,vector,,1785690962
24,ungrounded,,1785690962
24,lexical,,1785690962
24,vector,,1785690962
25,ungrounded,,1785690962
25,lexical,,1785690962
25,vector,,1785690962
26,ungrounded,,1785690962
26,lexical,,1785690962
26,vector,,1785690962
27,ungrounded,,1785690962
27,lexical,,1785690962
27,vector,,1785690962
28,ungrounded,,1785690962
28,lexical,,1785690962
28,vector,,1785690962
29,ungrounded,,1785690962
29,lexical,,1785690962
29,vector,,1785690962
30,ungrounded,,1785690962
30,lexical,,1785690962
30,vector,,1785690962
31,ungrounded,,1785690962
31,lexical,,1785690962
31,vector,,1785690962
32,ungrounded,,1785690962
32,lexical,,1785690962
32,vector,,1785690962
33,ungrounded,,1785690962
33,lexical,,1785690962
33,vector,,1785690962
34,ungrounded,,1785690962
34,lexical,,1785690962
34,vector,,1785690962
35,ungrounded,,1785690962
35,lexical,,1785690962
35,vector,,1785690962
36,ungrounded,,1785690962
36,lexical,,1785690962
36,vector,,1785690962
37,ungrounded,,1785690963
37,lexical,,1785690963
37,vector,,1785690963
38,ungrounded,,1785690963
38,lexical,,1785690963
38,vector,,1785690963
39,ungrounded,,1785690963
39,lexical,,1785690963
39,vector,,1785690963
40,ungrounded,,1785690963
40,lexical,,1785690963
40,vector,,1785690963
41,ungrounded,,1785690963
41,lexical,,1785690963
41,vector,,1785690963
42,ungrounded,,1785690963
42,lexical,,1785690963
42,vector,,1785690963
43,ungrounded,,1785690963
43,lexical,,1785690963
43,vector,,1785690963
44,ungrounded,,1785690963
44,lexical,,1785690963
44,vector,,1785690963
45,ungrounded,,1785690963
45,lexical,,1785690963
45,vector,,1785690963
46,ungrounded,,1785690963
46,lexical,,1785690963
46,vector,,1785690963
47,ungrounded,,1785690963
47,lexical,,1785690963
47,vector,,1785690963
48,ungrounded,,1785690963
48,lexical,,1785690963
48,vector,,1785690963
49,ungrounded,,1785690963
49,lexical,,1785690963
49,vector,,1785690963
50,ungrounded,,1785690963
50,lexical,,1785690963
50,vector,,1785690963
51,ungrounded,,1785690963
51,lexical,,1785690963
51,vector,,1785690963
52,ungrounded,,1785690963
52,lexical,,1785690963
52,vector,,1785690963
53,ungrounded,,1785690963
53,lexical,,1785690963
53,vector,,1785690963
54,ungrounded,,1785690963
54,lexical,,1785690963
54,vector,,1785690963
55,ungrounded,,1785690963
55,lexical,,1785690963
55,vector,,1785690963
56,ungrounded,,1785690963
56,lexical,,1785690963
56,vector,,1785690963
57,ungrounded,,1785690963
57,lexical,,1785690963
57,vector,,1785690963
58,ungrounded,,1785690963
58,lexical,,1785690963
58,vector,,1785690963
59,ungrounded,,1785690963
59,lexical,,1785690963
59,vector,,1785690963
60,ungrounded,,1785690963
60,lexical,,1785690963
60,vector,,1785690963
61,ungrounded,,1785690963
61,lexical,,1785690963
61,vector,,1785690963
62,ungrounded,,1785690963
62,lexical,,1785690963
62,vector,,1785690963
63,ungrounded,,1785690963
63,lexical,,1785690963
63,vector,,1785690963
64,ungrounded,,1785690963
64,lexical,,1785690963
64,vector,,1785690963
65,ungrounded,,1785690963
65,lexical,,1785690963
65,vector,,1785690963
66,ungrounded,,1785690963
66,lexical,,1785690963
66,vector,,1785690963
67,ungrounded,,1785690963
67,lexical,,1785690963
67,vector,,1785690963
68,ungrounded,,1785690964
68,lexical,,1785690964
68,vector,,1785690964
69,ungrounded,,1785690964
69,lexical,,1785690964
69,vector,,1785690964
70,ungrounded,,1785690964
70,lexical,,1785690964
70,vector,,1785690964
71,ungrounded,,1785690964
71,lexical,,1785690964
71,vector,,1785690964
72,ungrounded,,1785690964
72,lexical,,1785690964
72,vector,,1785690964
73,ungrounded,,1785690964
73,lexical,,1785690964
73,vector,,1785690964
74,ungrounded,,1785690964
74,lexical,,1785690964
74,vector,,1785690964
75,ungrounded,,1785690964
75,lexical,,1785690964
75,vector,,1785690964
76,ungrounded,,1785690964
76,lexical,,1785690964
76,vector,,1785690964
77,ungrounded,,1785690964
77,lexical,,1785690964
77,vector,,1785690964
78,ungrounded,,1785690964
78,lexical,,1785690964
78,vector,,1785690964
79,ungrounded,,1785690964
79,lexical,,1785690964
79,vector,,1785690964
80,ungrounded,,1785690964
80,lexical,,1785690964
80,vector,,1785690964
81,ungrounded,,1785690964
81,lexical,,1785690964
81,vector,,1785690964
82,ungrounded,,1785690964
82,lexical,,1785690964
82,vector,,1785690964
83,ungrounded,,1785690964
83,lexical,,1785690964
83,vector,,1785690964
84,ungrounded,,1785690964
84,lexical,,1785690964
84,vector,,1785690964
85,ungrounded,,1785690964
85,lexical,,1785690964
85,vector,,1785690964
86,ungrounded,,1785690964
86,lexical,,1785690964
86,vector,,1785690964
87,ungrounded,,1785690964
87,lexical,,1785690964
87,vector,,1785690964
88,ungrounded,,1785690964
88,lexical,,1785690964
88,vector,,1785690964
89,ungrounded,,1785690964
89,lexical,,1785690964
89,vector,,1785690964
90,ungrounded,,1785690964
90,lexical,,1785690964
90,vector,,1785690964
91,ungrounded,,1785690964
91,lexical,,1785690964
91,vector,,1785690964
92,ungrounded,,1785690964
92,lexical,,1785690964
92,vector,,1785690964
93,ungrounded,,1785690964
93,lexical,,1785690964
93,vector,,1785690964
94,ungrounded,,1785690964
94,lexical,,1785690964
94,vector,,1785690964
95,ungrounded,,1785690964
95,lexical,,1785690964
95,vector,,1785690964
96,ungrounded,,1785690964
96,lexical,,1785690964
96,vector,,1785690964
97,ungrounded,,1785690964
97,lexical,,1785690964
97,vector,,1785690964
98,ungrounded,,1785690964
98,lexical,,1785690964
98,vector,,1785690964
99,ungrounded,,1785690964
99,lexical,,1785690964
99,vector,,1785690964
100,ungrounded,,1785690965
100,lexical,,1785690965
100,vector,,1785690965
101,ungrounded,,1785690965
101,lexical,,1785690965
101,vector,,1785690965
102,ungrounded,,1785690965
102,lexical,,1785690965
102,vector,,1785690965
103,ungrounded,,1785690965
103,lexical,,1785690965
103,vector,,1785690965
104,ungrounded,,1785690965
104,lexical,,1785690965
104,vector,,1785690965
105,ungrounded,,1785690965
105,lexical,,1785690965
105,vector,,1785690965
106,ungrounded,,1785690965
106,lexical,,1785690965
106,vector,,1785690965
107,ungrounded,,1785690965
107,lexical,,1785690965
107,vector,,1785690965
108,ungrounded,,1785690965
108,lexical,,1785690965
108,vector,,1785690965
109,ungrounded,,1785690965
109,lexical,,1785690965
109,vector,,1785690965
110,ungrounded,,1785690965
110,lexical,,1785690965
110,vector,,1785690965
111,ungrounded,,1785690965
111,lexical,,1785690965
111,vector,,1785690965
112,ungrounded,,1785690965
112,lexical,,1785690965
112,vector,,1785690965
113,ungrounded,,1785690965
113,lexical,,1785690965
113,vector,,1785690965
114,ungrounded,,1785690965
114,lexical,,1785690965
114,vector,,1785690965
115,ungrounded,,1785690965
115,lexical,,1785690965
115,vector,,1785690965
116,ungrounded,,1785690965
116,lexical,,1785690965
116,vector,,1785690965
117,ungrounded,,1785690965
117,lexical,,1785690965
117,vector,,1785690965
118,ungrounded,,1785690965
118,lexical,,1785690965
118,vector,,1785690965
119,ungrounded,,1785690965
119,lexical,,1785690965
119,vector,,1785690965
120,ungrounded,,1785690965
120,lexical,,1785690965
120,vector,,1785690965
121,ungrounded,,1785690965
121,lexical,,1785690965
121,vector,,1785690965
122,ungrounded,,1785690965
122,lexical,,1785690965
122,vector,,1785690965
123,ungrounded,,1785690965
123,lexical,,1785690965
123,vector,,1785690965
124,ungrounded,,1785690965
124,lexical,,1785690965
124,vector,,1785690965
125,ungrounded,,1785690965
125,lexical,,1785690965
125,vector,,1785690965
126,ungrounded,,1785690965
126,lexical,,1785690965
126,vector,,1785690965
127,ungrounded,,1785690965
127,lexical,,1785690965
127,vector,,1785690965
128,ungrounded,,1785690965
128,lexical,,1785690965
128,vector,,1785690965
129,ungrounded,,1785690965
129,lexical,,1785690965
129,vector,,1785690965
130,ungrounded,,1785690965
130,lexical,,1785690965
130,vector,,1785690965
131,ungrounded,,1785690965
131,lexical,,1785690965
131,vector,,1785690966
132,ungrounded,,1785690966
132,lexical,,1785690966
132,vector,,1785690966
133,ungrounded,,1785690966
133,lexical,,1785690966
133,vector,,1785690966
134,ungrounded,,1785690966
134,lexical,,1785690966
134,vector,,1785690966
135,ungrounded,,1785690966
135,lexical,,1785690966
135,vector,,1785690966
136,ungrounded,,1785690966
136,lexical,,1785690966
136,vector,,1785690966
137,ungrounded,,1785690966
137,lexical,,1785690966
137,vector,,1785690966
138,ungrounded,,1785690966
138,lexical,,1785690966
138,vector,,1785690966
139,ungrounded,,1785690966
139,lexical,,1785690966
139,vector,,1785690966
140,ungrounded,,1785690966
140,lexical,,1785690966
140,vector,,1785690966
141,ungrounded,,1785690966
141,lexical,,1785690966
141,vector,,1785690966
142,ungrounded,,1785690966
142,lexical,,1785690966
142,vector,,1785690966
143,ungrounded,,1785690966
143,lexical,,1785690966
143,vector,,1785690966
144,ungrounded,,1785690966
144,lexical,,1785690966
144,vector,,1785690966
145,ungrounded,,1785690966
145,lexical,,1785690966
145,vector,,1785690966
146,ungrounded,,1785690966
146,lexical,,1785690966
146,vector,,1785690966
147,ungrounded,,1785690966
147,lexical,,1785690966
147,vector,,1785690966
148,ungrounded,,1785690966
148,lexical,,1785690966
148,vector,,1785690966
149,ungrounded,,1785690966
149,lexical,,1785690966
149,vector,,1785690966
150,ungrounded,,1785690966
150,lexical,,1785690966
150,vector,,1785690966
151,ungrounded,,1785690966
151,lexical,,1785690966
151,vector,,1785690966
152,ungrounded,,1785690966
152,lexical,,1785690966
152,vector,,1785690966
153,ungrounded,,1785690966
153,lexical,,1785690966
153,vector,,1785690966
154,ungrounded,,1785690966
154,lexical,,1785690966
154,vector,,1785690966
155,ungrounded,,1785690966
155,lexical,,1785690966
155,vector,,1785690966
156,ungrounded,,1785690966
156,lexical,,1785690966
156,vector,,1785690966
157,ungrounded,,1785690966
157,lexical,,1785690966
157,vector,,1785690966
158,ungrounded,,1785690966
158,lexical,,1785690966
158,vector,,1785690966
159,ungrounded,,1785690966
159,lexical,,1785690966
159,vector,,1785690966
160,ungrounded,,1785690966
160,lexical,,1785690966
160,vector,,1785690966
161,ungrounded,,1785690966
161,lexical,,1785690966
161,vector,,1785690966
162,ungrounded,,1785690966
162,lexical,,1785690966
162,vector,,1785690966
163,ungrounded,,1785690967
163,lexical,,1785690967
163,vector,,1785690967
164,ungrounded,,1785690967
164,lexical,,1785690967
164,vector,,1785690967
165,ungrounded,,1785690967
165,lexical,,1785690967
165,vector,,1785690967
166,ungrounded,,1785690967
166,lexical,,1785690967
166,vector,,1785690967
167,ungrounded,,1785690967
167,lexical,,1785690967
167,vector,,1785690967
168,ungrounded,,1785690967
168,lexical,,1785690967
168,vector,,1785690967
169,ungrounded,,1785690967
169,lexical,,1785690967
169,vector,,1785690967
170,ungrounded,,1785690967
170,lexical,,1785690967
170,vector,,1785690967
171,ungrounded,,1785690967
171,lexical,,1785690967
171,vector,,1785690967
172,ungrounded,,1785690967
172,lexical,,1785690967
172,vector,,1785690967
173,ungrounded,,1785690967
173,lexical,,1785690967
173,vector,,1785690967
174,ungrounded,,1785690967
174,lexical,,1785690967
174,vector,,1785690967
175,ungrounded,,1785690967
175,lexical,,1785690967
175,vector,,1785690967
176,ungrounded,,1785690967
176,lexical,,1785690967
176,vector,,1785690967
177,ungrounded,,1785690967
177,lexical,,1785690967
177,vector,,1785690967
178,ungrounded,,1785690967
178,lexical,,1785690967
178,vector,,1785690967
179,ungrounded,,1785690967
179,lexical,,1785690967
179,vector,,1785690967
180,ungrounded,,1785690967
180,lexical,,1785690967
180,vector,,1785690967
181,ungrounded,,1785690967
181,lexical,,1785690967
181,vector,,1785690967
182,ungrounded,,1785690967
182,lexical,,1785690967
182,vector,,1785690967
183,ungrounded,,1785690967
183,lexical,,1785690967
183,vector,,1785690967
184,ungrounded,,1785690967
184,lexical,,1785690967
184,vector,,1785690967
185,ungrounded,,1785690967
185,lexical,,1785690967
185,vector,,1785690967
186,ungrounded,,1785690967
186,lexical,,1785690967
186,vector,,1785690967
187,ungrounded,,1785690967
187,lexical,,1785690967
187,vector,,1785690967
188,ungrounded,,1785690967
188,lexical,,1785690967
188,vector,,1785690967
189,ungrounded,,1785690967
189,lexical,,1785690967
189,vector,,1785690967
190,ungrounded,,1785690967
190,lexical,,1785690967
190,vector,,1785690967
191,ungrounded,,1785690968
191,lexical,,1785690968
191,vector,,1785690968
192,ungrounded,,1785690968
192,lexical,,1785690968
192,vector,,1785690968
193,ungrounded,,1785690968
193,lexical,,1785690968
193,vector,,1785690968
194,ungrounded,,1785690968
194,lexical,,1785690968
194,vector,,1785690968
195,ungrounded,,1785690968
195,lexical,,1785690968
195,vector,,1785690968
196,ungrounded,,1785690968
196,lexical,,1785690968
196,vector,,1785690968
197,ungrounded,,1785690968
197,lexical,,1785690968
197,vector,,1785690968
198,ungrounded,,1785690968
198,lexical,,1785690968
198,vector,,1785690968
199,ungrounded,,1785690968
199,lexical,,1785690968
199,vector,,1785690968
200,ungrounded,,1785690968
200,lexical,,1785690968
200,vector,,1785690968
201,ungrounded,,1785690968
201,lexical,,1785690968
201,vector,,1785690968
202,ungrounded,,1785690968
202,lexical,,1785690968
202,vector,,1785690968
203,ungrounded,,1785690968
203,lexical,,1785690968
203,vector,,1785690968
204,ungrounded,,1785690968
204,lexical,,1785690968
204,vector,,1785690968
205,ungrounded,,1785690968
205,lexical,,1785690968
205,vector,,1785690968
206,ungrounded,,1785690968
206,lexical,,1785690968
206,vector,,1785690968
207,ungrounded,,1785690968
207,lexical,,1785690968
207,vector,,1785690968
208,ungrounded,,1785690968
208,lexical,,1785690968
208,vector,,1785690968
209,ungrounded,,1785690968
209,lexical,,1785690968
209,vector,,1785690968
210,ungrounded,,1785690968
210,lexical,,1785690968
210,vector,,1785690968
211,ungrounded,,1785690968
211,lexical,,1785690968
211,vector,,1785690968
212,ungrounded,,1785690968
212,lexical,,1785690968
212,vector,,1785690968
213,ungrounded,,1785690968
213,lexical,,1785690968
213,vector,,1785690968
214,ungrounded,,1785690968
214,lexical,,1785690968
214,vector,,1785690968
215,ungrounded,,1785690968
215,lexical,,1785690968
215,vector,,1785690968
216,ungrounded,,1785690968
216,lexical,,1785690968
216,vector,,1785690968
217,ungrounded,,1785690968
217,lexical,,1785690968
217,vector,,1785690968
218,ungrounded,,1785690968
218,lexical,,1785690968
218,vector,,1785690968
219,ungrounded,,1785690968
219,lexical,,1785690968
219,vector,,1785690968
220,ungrounded,,1785690968
220,lexical,,1785690968
220,vector,,1785690968
221,ungrounded,,1785690968
221,lexical,,1785690968
221,vector,,1785690968
222,ungrounded,,1785690968
222,lexical,,1785690968
222,vector,,1785690968
223,ungrounded,,1785690969
223,lexical,,1785690969
223,vector,,1785690969
224,ungrounded,,1785690969
224,lexical,,1785690969
224,vector,,1785690969
225,ungrounded,,1785690969
225,lexical,,1785690969
225,vector,,1785690969
226,ungrounded,,1785690969
226,lexical,,1785690969
226,vector,,1785690969
227,ungrounded,,1785690969
227,lexical,,1785690969
227,vector,,1785690969
228,ungrounded,,1785690969
228,lexical,,1785690969
228,vector,,1785690969
229,ungrounded,,1785690969
229,lexical,,1785690969
229,vector,,1785690969
230,ungrounded,,1785690969
230,lexical,,1785690969
230,vector,,1785690969
231,ungrounded,,1785690969
231,lexical,,1785690969
231,vector,,1785690969
232,ungrounded,,1785690969
232,lexical,,1785690969
232,vector,,1785690969
233,ungrounded,,1785690969
233,lexical,,1785690969
233,vector,,1785690969
234,ungrounded,,1785690969
234,lexical,,1785690969
234,vector,,1785690969
235,ungrounded,,1785690969
235,lexical,,1785690969
235,vector,,1785690969
236,ungrounded,,1785690969
236,lexical,,1785690969
236,vector,,1785690969
237,ungrounded,,1785690969
237,lexical,,1785690969
237,vector,,1785690969
238,ungrounded,,1785690969
238,lexical,,1785690969
238,vector,,1785690969
239,ungrounded,,1785690969
239,lexical,,1785690969
239,vector,,1785690969
240,ungrounded,,1785690969
240,lexical,,1785690969
240,vector,,1785690969
241,ungrounded,,1785690969
241,lexical,,1785690969
241,vector,,1785690969
242,ungrounded,,1785690969
242,lexical,,1785690969
242,vector,,1785690969
243,ungrounded,,1785690969
243,lexical,,1785690969
243,vector,,1785690969
244,ungrounded,,1785690969
244,lexical,,1785690969
244,vector,,1785690969
245,ungrounded,,1785690969
245,lexical,,1785690969
245,vector,,1785690969
246,ungrounded,,1785690969
246,lexical,,1785690969
246,vector,,1785690969
247,ungrounded,,1785690969
247,lexical,,1785690969
247,vector,,1785690969
248,ungrounded,,1785690969
248,lexical,,1785690969
248,vector,,1785690969
249,ungrounded,,1785690969
249,lexical,,1785690969
249,vector,,1785690969
250,ungrounded,,1785690969
250,lexical,,1785690969
250,vector,,1785690969
251,ungrounded,,1785690969
251,lexical,,1785690969
251,vector,,1785690969
252,ungrounded,,1785690969
252,lexical,,1785690969
252,vector,,1785690969
253,ungrounded,,1785690969
253,lexical,,1785690969
253,vector,,1785690969
254,ungrounded,,1785690970
254,lexical,,1785690970
254,vector,,1785690970
255,ungrounded,,1785690970
255,lexical,,1785690970
255,vector,,1785690970
256,ungrounded,,1785690970
256,lexical,,1785690970
256,vector,,1785690970
257,ungrounded,,1785690970
257,lexical,,1785690970
257,vector,,1785690970
258,ungrounded,,1785690970
258,lexical,,1785690970
258,vector,,1785690970
259,ungrounded,,1785690970
259,lexical,,1785690970
259,vector,,1785690970
260,ungrounded,,1785690970
260,lexical,,1785690970
260,vector,,1785690970
261,ungrounded,,1785690970
261,lexical,,1785690970
261,vector,,1785690970
262,ungrounded,,1785690970
262,lexical,,1785690970
262,vector,,1785690970
263,ungrounded,,1785690970
263,lexical,,1785690970
263,vector,,1785690970
264,ungrounded,,1785690970
264,lexical,,1785690970
264,vector,,1785690970
265,ungrounded,,1785690970
265,lexical,,1785690970
265,vector,,1785690970
266,ungrounded,,1785690970
266,lexical,,1785690970
266,vector,,1785690970
267,ungrounded,,1785690970
267,lexical,,1785690970
267,vector,,1785690970
268,ungrounded,,1785690970
268,lexical,,1785690970
268,vector,,1785690970
269,ungrounded,,1785690970
269,lexical,,1785690970
269,vector,,1785690970
270,ungrounded,,1785690970
270,lexical,,1785690970
270,vector,,1785690970
271,ungrounded,,1785690970
271,lexical,,1785690970
271,vector,,1785690970
272,ungrounded,,1785690970
272,lexical,,1785690970
272,vector,,1785690970
273,ungrounded,,1785690970
273,lexical,,1785690970
273,vector,,1785690970
274,ungrounded,,1785690970
274,lexical,,1785690970
274,vector,,1785690970
275,ungrounded,,1785690970
275,lexical,,1785690970
275,vector,,1785690970
276,ungrounded,,1785690970
276,lexical,,1785690970
276,vector,,1785690970
277,ungrounded,,1785690970
277,lexical,,1785690970
277,vector,,1785690970
278,ungrounded,,1785690970
278,lexical,,1785690970
278,vector,,1785690970
279,ungrounded,,1785690970
279,lexical,,1785690970
279,vector,,1785690970
280,ungrounded,,1785690970
280,lexical,,1785690970
280,vector,,1785690970
281,ungrounded,,1785690970
281,lexical,,1785690970
281,vector,,1785690970
282,ungrounded,,1785690970
282,lexical,,1785690970
282,vector,,1785690970
283,ungrounded,,1785690970
283,lexical,,1785690970
283,vector,,1785690970
284,ungrounded,,1785690970
284,lexical,,1785690970
284,vector,,1785690970
285,ungrounded,,1785690971
285,lexical,,1785690971
285,vector,,1785690971
286,ungrounded,,1785690971
286,lexical,,1785690971
286,vector,,1785690971
287,ungrounded,,1785690971
287,lexical,,1785690971
287,vector,,1785690971
288,ungrounded,,1785690971
288,lexical,,1785690971
288,vector,,1785690971
289,ungrounded,,1785690971
289,lexical,,1785690971
289,vector,,1785690971
290,ungrounded,,1785690971
290,lexical,,1785690971
290,vector,,1785690971
291,ungrounded,,1785690971
291,lexical,,1785690971
291,vector,,1785690971
292,ungrounded,,1785690971
292,lexical,,1785690971
292,vector,,1785690971
293,ungrounded,,1785690971
293,lexical,,1785690971
293,vector,,1785690971
294,ungrounded,,1785690971
294,lexical,,1785690971
294,vector,,1785690971
295,ungrounded,,1785690971
295,lexical,,1785690971
295,vector,,1785690971
296,ungrounded,,1785690971
296,lexical,,1785690971
296,vector,,1785690971
297,ungrounded,,1785690971
297,lexical,,1785690971
297,vector,,1785690971
298,ungrounded,,1785690971
298,lexical,,1785690971
298,vector,,1785690971
299,ungrounded,,1785690971
299,lexical,,1785690971
299,vector,,1785690971
300,ungrounded,,1785690971
300,lexical,,1785690971
300,vector,,1785690971
301,ungrounded,,1785690971
301,lexical,,1785690971
301,vector,,1785690971
302,ungrounded,,1785690971
302,lexical,,1785690971
302,vector,,1785690971
303,ungrounded,,1785690971
303,lexical,,1785690971
303,vector,,1785690971
304,ungrounded,,1785690971
304,lexical,,1785690971
304,vector,,1785690971
305,ungrounded,,1785690971
305,lexical,,1785690971
305,vector,,1785690971
306,ungrounded,,1785690971
306,lexical,,1785690971
306,vector,,1785690971
307,ungrounded,,1785690971
307,lexical,,1785690971
307,vector,,1785690971
308,ungrounded,,1785690971
308,lexical,,1785690971
308,vector,,1785690971
309,ungrounded,,1785690971
309,lexical,,1785690971
309,vector,,1785690971
310,ungrounded,,1785690971
310,lexical,,1785690971
310,vector,,1785690971
311,ungrounded,,1785690971
311,lexical,,1785690971
311,vector,,1785690971
312,ungrounded,,1785690971
312,lexical,,1785690971
312,vector,,1785690971
313,ungrounded,,1785690971
313,lexical,,1785690971
313,vector,,1785690971
314,ungrounded,,1785690971
314,lexical,,1785690971
314,vector,,1785690971
315,ungrounded,,1785690971
315,lexical,,1785690971
315,vector,,1785690971
316,ungrounded,,1785690971
316,lexical,,1785690971
316,vector,,1785690971
317,ungrounded,,1785690972
317,lexical,,1785690972
317,vector,,1785690972
318,ungrounded,,1785690972
318,lexical,,1785690972
318,vector,,1785690972
319,ungrounded,,1785690972
319,lexical,,1785690972
319,vector,,1785690972
320,ungrounded,,1785690972
320,lexical,,1785690972
320,vector,,1785690972
321,ungrounded,,1785690972
321,lexical,,1785690972
321,vector,,1785690972
322,ungrounded,,1785690972
322,lexical,,1785690972
322,vector,,1785690972
323,ungrounded,,1785690972
323,lexical,,1785690972
323,vector,,1785690972
324,ungrounded,,1785690972
324,lexical,,1785690972
324,vector,,1785690972
325,ungrounded,,1785690972
325,lexical,,1785690972
325,vector,,1785690972
326,ungrounded,,1785690972
326,lexical,,1785690972
326,vector,,1785690972
327,ungrounded,,1785690972
327,lexical,,1785690972
327,vector,,1785690972
328,ungrounded,,1785690972
328,lexical,,1785690972
328,vector,,1785690972
329,ungrounded,,1785690972
329,lexical,,1785690972
329,vector,,1785690972
330,ungrounded,,1785690972
330,lexical,,1785690972
330,vector,,1785690972
331,ungrounded,,1785690972
331,lexical,,1785690972
331,vector,,1785690972
332,ungrounded,,1785690972
332,lexical,,1785690972
332,vector,,1785690972
333,ungrounded,,1785690972
333,lexical,,1785690972
333,vector,,1785690972
334,ungrounded,,1785690972
334,lexical,,1785690972
334,vector,,1785690972
335,ungrounded,,1785690972
335,lexical,,1785690972
335,vector,,1785690972
336,ungrounded,,1785690972
336,lexical,,1785690972
336,vector,,1785690972
337,ungrounded,,1785690972
337,lexical,,1785690972
337,vector,,1785690972
338,ungrounded,,1785690972
338,lexical,,1785690972
338,vector,,1785690972
339,ungrounded,,1785690972
339,lexical,,1785690972
339,vector,,1785690972
340,ungrounded,,1785690972
340,lexical,,1785690972
340,vector,,1785690972
341,ungrounded,,1785690972
341,lexical,,1785690973
341,vector,,1785690973
342,ungrounded,,1785690973
342,lexical,,1785690973
342,vector,,1785690973
343,ungrounded,,1785690973
343,lexical,,1785690973
343,vector,,1785690973
344,ungrounded,,1785690973
344,lexical,,1785690973
344,vector,,1785690973
345,ungrounded,,1785690973
345,lexical,,1785690973
345,vector,,1785690973
346,ungrounded,,1785690973
346,lexical,,1785690973
346,vector,,1785690973
347,ungrounded,,1785690973
347,lexical,,1785690973
347,vector,,1785690973
348,ungrounded,,1785690973
348,lexical,,1785690973
348,vector,,1785690973
349,ungrounded,,1785690973
349,lexical,,1785690973
349,vector,,1785690973
350,ungrounded,,1785690973
350,lexical,,1785690973
350,vector,,1785690973
351,ungrounded,,1785690973
351,lexical,,1785690973
351,vector,,1785690973
352,ungrounded,,1785690973
352,lexical,,1785690973
352,vector,,1785690973
353,ungrounded,,1785690973
353,lexical,,1785690973
353,vector,,1785690973
354,ungrounded,,1785690973
354,lexical,,1785690973
354,vector,,1785690973
355,ungrounded,,1785690973
355,lexical,,1785690973
355,vector,,1785690973
356,ungrounded,,1785690973
356,lexical,,1785690973
356,vector,,1785690973
357,ungrounded,,1785690973
357,lexical,,1785690973
357,vector,,1785690973
358,ungrounded,,1785690973
358,lexical,,1785690973
358,vector,,1785690973
359,ungrounded,,1785690973
359,lexical,,1785690973
359,vector,,1785690973
360,ungrounded,,1785690973
360,lexical,,1785690973
360,vector,,1785690973
361,ungrounded,,1785690973
361,lexical,,1785690973
361,vector,,1785690973
362,ungrounded,,1785690973
362,lexical,,1785690973
362,vector,,1785690973
363,ungrounded,,1785690973
363,lexical,,1785690973
363,vector,,1785690973
364,ungrounded,,1785690973
364,lexical,,1785690973
364,vector,,1785690973
365,ungrounded,,1785690973
365,lexical,,1785690973
365,vector,,1785690973
366,ungrounded,,1785690973
366,lexical,,1785690973
366,vector,,1785690973
367,ungrounded,,1785690973
367,lexical,,1785690973
367,vector,,1785690973
368,ungrounded,,1785690973
368,lexical,,1785690973
368,vector,,1785690973
369,ungrounded,,1785690973
369,lexical,,1785690973
369,vector,,1785690973
370,ungrounded,,1785690973
370,lexical,,1785690973
370,vector,,1785690973
371,ungrounded,,1785690974
371,lexical,,1785690974
371,vector,,1785690974
372,ungrounded,,1785690974
372,lexical,,1785690974
372,vector,,1785690974
373,ungrounded,,1785690974
373,lexical,,1785690974
373,vector,,1785690974
374,ungrounded,,1785690974
374,lexical,,1785690974
374,vector,,1785690974
375,ungrounded,,1785690974
375,lexical,,1785690974
375,vector,,1785690974
376,ungrounded,,1785690974
376,lexical,,1785690974
376,vector,,1785690974
377,ungrounded,,1785690974
377,lexical,,1785690974
377,vector,,1785690974
378,ungrounded,,1785690974
378,lexical,,1785690974
378,vector,,1785690974
379,ungrounded,,1785690974
379,lexical,,1785690974
379,vector,,1785690974
380,ungrounded,,1785690974
380,lexical,,1785690974
380,vector,,1785690974
381,ungrounded,,1785690974
381,lexical,,1785690974
381,vector,,1785690974
382,ungrounded,,1785690974
382,lexical,,1785690974
382,vector,,1785690974
383,ungrounded,,1785690974
383,lexical,,1785690974
383,vector,,1785690974
384,ungrounded,,1785690974
384,lexical,,1785690974
384,vector,,1785690974
385,ungrounded,,1785690974
385,lexical,,1785690974
385,vector,,1785690974
386,ungrounded,,1785690974
386,lexical,,1785690974
386,vector,,1785690974
387,ungrounded,,1785690974
387,lexical,,1785690974
387,vector,,1785690974
388,ungrounded,,1785690974
388,lexical,,1785690974
388,vector,,1785690974
389,ungrounded,,1785690974
389,lexical,,1785690974
389,vector,,1785690974
390,ungrounded,,1785690974
390,lexical,,1785690974
390,vector,,1785690974
391,ungrounded,,1785690974
391,lexical,,1785690974
391,vector,,1785690974
392,ungrounded,,1785690974
392,lexical,,1785690974
392,vector,,1785690974
393,ungrounded,,1785690974
393,lexical,,1785690974
393,vector,,1785690974
394,ungrounded,,1785690974
394,lexical,,1785690974
394,vector,,1785690974
395,ungrounded,,1785690974
395,lexical,,1785690974
395,vector,,1785690974
396,ungrounded,,1785690974
396,lexical,,1785690974
396,vector,,1785690974
397,ungrounded,,1785690974
397,lexical,,1785690974
397,vector,,1785690974
398,ungrounded,,1785690974
398,lexical,,1785690974
398,vector,,1785690974
399,ungrounded,,1785690974
399,lexical,,1785690974
399,vector,,1785690974
400,ungrounded,,1785690974
400,lexical,,1785690974
400,vector,,1785690974
401,ungrounded,,1785690974
401,lexical,,1785690974
401,vector,,1785690974
402,ungrounded,,1785690974
402,lexical,,1785690975
402,vector,,1785690975
403,ungrounded,,1785690975
403,lexical,,1785690975
403,vector,,1785690975
404,ungrounded,,1785690975
404,lexical,,1785690975
404,vector,,1785690975
405,ungrounded,,1785690975
405,lexical,,1785690975
405,vector,,1785690975
406,ungrounded,,1785690975
406,lexical,,1785690975
406,vector,,1785690975
407,ungrounded,,1785690975
407,lexical,,1785690975
407,vector,,1785690975
408,ungrounded,,1785690975
408,lexical,,1785690975
408,vector,,1785690975
409,ungrounded,,1785690975
409,lexical,,1785690975
409,vector,,1785690975
410,ungrounded,,1785690975
410,lexical,,1785690975
410,vector,,1785690975
411,ungrounded,,1785690975
411,lexical,,1785690975
411,vector,,1785690975
412,ungrounded,,1785690975
412,lexical,,1785690975
412,vector,,1785690975
413,ungrounded,,1785690975
413,lexical,,1785690975
413,vector,,1785690975
414,ungrounded,,1785690975
414,lexical,,1785690975
414,vector,,1785690975
415,ungrounded,,1785690975
415,lexical,,1785690975
415,vector,,1785690975
416,ungrounded,,1785690975
416,lexical,,1785690975
416,vector,,1785690975
417,ungrounded,,1785690975
417,lexical,,1785690975
417,vector,,1785690975
418,ungrounded,,1785690975
418,lexical,,1785690975
418,vector,,1785690975
419,ungrounded,,1785690975
419,lexical,,1785690975
419,vector,,1785690975
420,ungrounded,,1785690975
420,lexical,,1785690975
420,vector,,1785690975
421,ungrounded,,1785690975
421,lexical,,1785690975
421,vector,,1785690975
422,ungrounded,,1785690975
422,lexical,,1785690975
422,vector,,1785690975
423,ungrounded,,1785690975
423,lexical,,1785690975
423,vector,,1785690975
424,ungrounded,,1785690975
424,lexical,,1785690975
424,vector,,1785690975
425,ungrounded,,1785690975
425,lexical,,1785690975
425,vector,,1785690975
426,ungrounded,,1785690975
426,lexical,,1785690975
426,vector,,1785690975
427,ungrounded,,1785690975
427,lexical,,1785690975
427,vector,,1785690975
428,ungrounded,,1785690975
428,lexical,,1785690975
428,vector,,1785690975
429,ungrounded,,1785690975
429,lexical,,1785690975
429,vector,,1785690975
430,ungrounded,,1785690975
430,lexical,,1785690975
430,vector,,1785690975
431,ungrounded,,1785690975
431,lexical,,1785690975
431,vector,,1785690975
432,ungrounded,,1785690975
432,lexical,,1785690975
432,vector,,1785690975
433,ungrounded,,1785690975
433,lexical,,1785690975
433,vector,,1785690975
434,ungrounded,,1785690976
434,lexical,,1785690976
434,vector,,1785690976
435,ungrounded,,1785690976
435,lexical,,1785690976
435,vector,,1785690976
436,ungrounded,,1785690976
436,lexical,,1785690976
436,vector,,1785690976
437,ungrounded,,1785690976
437,lexical,,1785690976
437,vector,,1785690976
438,ungrounded,,1785690976
438,lexical,,1785690976
438,vector,,1785690976
439,ungrounded,,1785690976
439,lexical,,1785690976
439,vector,,1785690976
440,ungrounded,,1785690976
440,lexical,,1785690976
440,vector,,1785690976
441,ungrounded,,1785690976
441,lexical,,1785690976
441,vector,,1785690976
442,ungrounded,,1785690976
442,lexical,,1785690976
442,vector,,1785690976
443,ungrounded,,1785690976
443,lexical,,1785690976
443,vector,,1785690976
444,ungrounded,,1785690976
444,lexical,,1785690976
444,vector,,1785690976
445,ungrounded,,1785690976
445,lexical,,1785690976
445,vector,,1785690976
446,ungrounded,,1785690976
446,lexical,,1785690976
446,vector,,1785690976
447,ungrounded,,1785690976
447,lexical,,1785690976
447,vector,,1785690976
448,ungrounded,,1785690976
448,lexical,,1785690976
448,vector,,1785690976
449,ungrounded,,1785690976
449,lexical,,1785690976
449,vector,,1785690976
450,ungrounded,,1785690976
450,lexical,,1785690976
450,vector,,1785690976
451,ungrounded,,1785690976
451,lexical,,1785690976
451,vector,,1785690976
452,ungrounded,,1785690976
452,lexical,,1785690976
452,vector,,1785690976
453,ungrounded,,1785690976
453,lexical,,1785690976
453,vector,,1785690976
454,ungrounded,,1785690976
454,lexical,,1785690976
454,vector,,1785690976
455,ungrounded,,1785690976
455,lexical,,1785690976
455,vector,,1785690976
456,ungrounded,,1785690976
456,lexical,,1785690976
456,vector,,1785690976
457,ungrounded,,1785690976
457,lexical,,1785690976
457,vector,,1785690976
458,ungrounded,,1785690976
458,lexical,,1785690976
458,vector,,1785690976
459,ungrounded,,1785690976
459,lexical,,1785690976
459,vector,,1785690976
460,ungrounded,,1785690976
460,lexical,,1785690976
460,vector,,1785690976
461,ungrounded,,1785690976
461,lexical,,1785690976
461,vector,,1785690976
462,ungrounded,,1785690976
462,lexical,,1785690976
462,vector,,1785690976
463,ungrounded,,1785690976
463,lexical,,1785690976
463,vector,,1785690976
464,ungrounded,,1785690976
464,lexical,,1785690976
464,vector,,1785690976
465,ungrounded,,1785690976
465,lexical,,1785690976
465,vector,,1785690976
466,ungrounded,,1785690977
466,lexical,,1785690977
466,vector,,1785690977
467,ungrounded,,1785690977
467,lexical,,1785690977
467,vector,,1785690977
468,ungrounded,,1785690977
468,lexical,,1785690977
468,vector,,1785690977
469,ungrounded,,1785690977
469,lexical,,1785690977
469,vector,,1785690977
470,ungrounded,,1785690977
470,lexical,,1785690977
470,vector,,1785690977
471,ungrounded,,1785690977
471,lexical,,1785690977
471,vector,,1785690977
472,ungrounded,,1785690977
472,lexical,,1785690977
472,vector,,1785690977
473,ungrounded,,1785690977
473,lexical,,1785690977
473,vector,,1785690977
474,ungrounded,,1785690977
474,lexical,,1785690977
474,vector,,1785690977
475,ungrounded,,1785690977
475,lexical,,1785690977
475,vector,,1785690977
476,ungrounded,,1785690977
476,lexical,,1785690977
476,vector,,1785690977
477,ungrounded,,1785690977
477,lexical,,1785690977
477,vector,,1785690977
478,ungrounded,,1785690977
478,lexical,,1785690977
478,vector,,1785690977
479,ungrounded,,1785690977
479,lexical,,1785690977
479,vector,,1785690977
480,ungrounded,,1785690977
480,lexical,,1785690977
480,vector,,1785690977
481,ungrounded,,1785690977
481,lexical,,1785690977
481,vector,,1785690977
482,ungrounded,,1785690977
482,lexical,,1785690977
482,vector,,1785690977
483,ungrounded,,1785690977
483,lexical,,1785690977
483,vector,,1785690977
484,ungrounded,,1785690977
484,lexical,,1785690977
484,vector,,1785690977
485,ungrounded,,1785690977
485,lexical,,1785690977
485,vector,,1785690977
486,ungrounded,,1785690977
486,lexical,,1785690977
486,vector,,1785690977
487,ungrounded,,1785690977
487,lexical,,1785690977
487,vector,,1785690977
488,ungrounded,,1785690977
488,lexical,,1785690977
488,vector,,1785690977
489,ungrounded,,1785690977
489,lexical,,1785690977
489,vector,,1785690977
490,ungrounded,,1785690977
490,lexical,,1785690977
490,vector,,1785690977
491,ungrounded,,1785690977
491,lexical,,1785690977
491,vector,,1785690977
492,ungrounded,,1785690977
492,lexical,,1785690977
492,vector,,1785690977
493,ungrounded,,1785690977
493,lexical,,1785690977
493,vector,,1785690977
494,ungrounded,,1785690977
494,lexical,,1785690977
494,vector,,1785690977
495,ungrounded,,1785690977
495,lexical,,1785690977
495,vector,,1785690977
496,ungrounded,,1785690977
496,lexical,,1785690977
496,vector,,1785690977
497,ungrounded,,1785690978
497,lexical,,1785690978
497,vector,,1785690978
498,ungrounded,,1785690978
498,lexical,,1785690978
498,vector,,1785690978
499,ungrounded,,1785690978
499,lexical,,1785690978
499,vector,,1785690978
500,ungrounded,,1785690978
500,lexical,,1785690978
500,vector,,1785690978
501,ungrounded,,1785690978
501,lexical,,1785690978
501,vector,,1785690978
502,ungrounded,,1785690978
502,lexical,,1785690978
502,vector,,1785690978
503,ungrounded,,1785690978
503,lexical,,1785690978
503,vector,,1785690978
504,ungrounded,,1785690978
504,lexical,,1785690978
504,vector,,1785690978
505,ungrounded,,1785690978
505,lexical,,1785690978
505,vector,,1785690978
506,ungrounded,,1785690978
506,lexical,,1785690978
506,vector,,1785690978
507,ungrounded,,1785690978
507,lexical,,1785690978
507,vector,,1785690978
508,ungrounded,,1785690978
508,lexical,,1785690978
508,vector,,1785690978
509,ungrounded,,1785690978
509,lexical,,1785690978
509,vector,,1785690978
510,ungrounded,,1785690978
510,lexical,,1785690978
510,vector,,1785690978
511,ungrounded,,1785690978
511,lexical,,1785690978
511,vector,,1785690978
512,ungrounded,,1785690978
512,lexical,,1785690978
512,vector,,1785690978
513,ungrounded,,1785690978
513,lexical,,1785690978
513,vector,,1785690978
514,ungrounded,,1785690978
514,lexical,,1785690978
514,vector,,1785690978
515,ungrounded,,1785690978
515,lexical,,1785690978
515,vector,,1785690978
516,ungrounded,,1785690978
516,lexical,,1785690978
516,vector,,1785690978
517,ungrounded,,1785690978
517,lexical,,1785690978
517,vector,,1785690978
518,ungrounded,,1785690978
518,lexical,,1785690978
518,vector,,1785690978
519,ungrounded,,1785690978
519,lexical,,1785690978
519,vector,,1785690978
520,ungrounded,,1785690978
520,lexical,,1785690978
520,vector,,1785690978
521,ungrounded,,1785690978
521,lexical,,1785690978
521,vector,,1785690978
522,ungrounded,,1785690978
522,lexical,,1785690978
522,vector,,1785690978
523,ungrounded,,1785690978
523,lexical,,1785690978
523,vector,,1785690978
524,ungrounded,,1785690978
524,lexical,,1785690978
524,vector,,1785690978
525,ungrounded,,1785690978
525,lexical,,1785690978
525,vector,,1785690978
526,ungrounded,,1785690978
526,lexical,,1785690978
526,vector,,1785690978
527,ungrounded,,1785690978
527,lexical,,1785690978
527,vector,,1785690978
528,ungrounded,,1785690979
528,lexical,,1785690979
528,vector,,1785690979
529,ungrounded,,1785690979
529,lexical,,1785690979
529,vector,,1785690979
530,ungrounded,,1785690979
530,lexical,,1785690979
530,vector,,1785690979
531,ungrounded,,1785690979
531,lexical,,1785690979
531,vector,,1785690979
532,ungrounded,,1785690979
532,lexical,,1785690979
532,vector,,1785690979
533,ungrounded,,1785690979
533,lexical,,1785690979
533,vector,,1785690979
534,ungrounded,,1785690979
534,lexical,,1785690979
534,vector,,1785690979
535,ungrounded,,1785690979
535,lexical,,1785690979
535,vector,,1785690979
536,ungrounded,,1785690979
536,lexical,,1785690979
536,vector,,1785690979
537,ungrounded,,1785690979
537,lexical,,1785690979
537,vector,,1785690979
538,ungrounded,,1785690979
538,lexical,,1785690979
538,vector,,1785690979
539,ungrounded,,1785690979
539,lexical,,1785690979
539,vector,,1785690979
540,ungrounded,,1785690979
540,lexical,,1785690979
540,vector,,1785690979
541,ungrounded,,1785690979
541,lexical,,1785690979
541,vector,,1785690979
542,ungrounded,,1785690979
542,lexical,,1785690979
542,vector,,1785690979
543,ungrounded,,1785690979
543,lexical,,1785690979
543,vector,,1785690979
544,ungrounded,,1785690979
544,lexical,,1785690979
544,vector,,1785690979
545,ungrounded,,1785690979
545,lexical,,1785690979
545,vector,,1785690979
546,ungrounded,,1785690979
546,lexical,,1785690979
546,vector,,1785690979
547,ungrounded,,1785690979
547,lexical,,1785690979
547,vector,,1785690979
548,ungrounded,,1785690979
548,lexical,,1785690979
548,vector,,1785690979
549,ungrounded,,1785690979
549,lexical,,1785690979
549,vector,,1785690979
550,ungrounded,,1785690979
550,lexical,,1785690979
550,vector,,1785690979
551,ungrounded,,1785690979
551,lexical,,1785690979
551,vector,,1785690979
552,ungrounded,,1785690979
552,lexical,,1785690979
552,vector,,1785690979
553,ungrounded,,1785690979
553,lexical,,1785690979
553,vector,,1785690979
554,ungrounded,,1785690979
554,lexical,,1785690979
554,vector,,1785690979
555,ungrounded,,1785690979
555,lexical,,1785690979
555,vector,,1785690979
556,ungrounded,,1785690979
556,lexical,,1785690979
556,vector,,1785690979
557,ungrounded,,1785690979
557,lexical,,1785690979
557,vector,,1785690979
558,ungrounded,,1785690979
558,lexical,,1785690979
558,vector,,1785690979
559,ungrounded,,1785690979
559,lexical,,1785690979
559,vector,,1785690979
560,ungrounded,,1785690979
560,lexical,,1785690980
560,vector,,1785690980
561,ungrounded,,1785690980
561,lexical,,1785690980
561,vector,,1785690980
562,ungrounded,,1785690980
562,lexical,,1785690980
562,vector,,1785690980
563,ungrounded,,1785690980
563,lexical,,1785690980
563,vector,,1785690980
564,ungrounded,,1785690980
564,lexical,,1785690980
564,vector,,1785690980
565,ungrounded,,1785690980
565,lexical,,1785690980
565,vector,,1785690980
566,ungrounded,,1785690980
566,lexical,,1785690980
566,vector,,1785690980
567,ungrounded,,1785690980
567,lexical,,1785690980
567,vector,,1785690980
568,ungrounded,,1785690980
568,lexical,,1785690980
568,vector,,1785690980
569,ungrounded,,1785690980
569,lexical,,1785690980
569,vector,,1785690980
570,ungrounded,,1785690980
570,lexical,,1785690980
570,vector,,1785690980
571,ungrounded,,1785690980
571,lexical,,1785690980
571,vector,,1785690980
572,ungrounded,,1785690980
572,lexical,,1785690980
572,vector,,1785690980
573,ungrounded,,1785690980
573,lexical,,1785690980
573,vector,,1785690980
574,ungrounded,,1785690980
574,lexical,,1785690980
574,vector,,1785690980
575,ungrounded,,1785690980
575,lexical,,1785690980
575,vector,,1785690980
576,ungrounded,,1785690980
576,lexical,,1785690980
576,vector,,1785690980
577,ungrounded,,1785690980
577,lexical,,1785690980
577,vector,,1785690980
578,ungrounded,,1785690980
578,lexical,,1785690980
578,vector,,1785690980
579,ungrounded,,1785690980
579,lexical,,1785690980
579,vector,,1785690980
580,ungrounded,,1785690980
580,lexical,,1785690980
580,vector,,1785690980
581,ungrounded,,1785690980
581,lexical,,1785690980
581,vector,,1785690980
582,ungrounded,,1785690980
582,lexical,,1785690980
582,vector,,1785690980
583,ungrounded,,1785690980
583,lexical,,1785690980
583,vector,,1785690980
584,ungrounded,,1785690980
584,lexical,,1785690980
584,vector,,1785690980
585,ungrounded,,1785690980
585,lexical,,1785690980
585,vector,,1785690980
586,ungrounded,,1785690980
586,lexical,,1785690980
586,vector,,1785690980
587,ungrounded,,1785690980
587,lexical,,1785690980
587,vector,,1785690980
588,ungrounded,,1785690980
588,lexical,,1785690980
588,vector,,1785690980
589,ungrounded,,1785690980
589,lexical,,1785690980
589,vector,,1785690980
590,ungrounded,,1785690980
590,lexical,,1785690980
590,vector,,1785690980
591,ungrounded,,1785690980
591,lexical,,1785690980
591,vector,,1785690980
592,ungrounded,,1785690981
592,lexical,,1785690981
592,vector,,1785690981
593,ungrounded,,1785690981
593,lexical,,1785690981
593,vector,,1785690981
594,ungrounded,,1785690981
594,lexical,,1785690981
594,vector,,1785690981
595,ungrounded,,1785690981
595,lexical,,1785690981
595,vector,,1785690981
596,ungrounded,,1785690981
596,lexical,,1785690981
596,vector,,1785690981
597,ungrounded,,1785690981
597,lexical,,1785690981
597,vector,,1785690981
598,ungrounded,,1785690981
598,lexical,,1785690981
598,vector,,1785690981
599,ungrounded,,1785690981
599,lexical,,1785690981
599,vector,,1785690981
600,ungrounded,,1785690981
600,lexical,,1785690981
600,vector,,1785690981
601,ungrounded,,1785690981
601,lexical,,1785690981
601,vector,,1785690981
602,ungrounded,,1785690981
602,lexical,,1785690981
602,vector,,1785690981
603,ungrounded,,1785690981
603,lexical,,1785690981
603,vector,,1785690981
604,ungrounded,,1785690981
604,lexical,,1785690981
604,vector,,1785690981
605,ungrounded,,1785690981
605,lexical,,1785690981
605,vector,,1785690981
606,ungrounded,,1785690981
606,lexical,,1785690981
606,vector,,1785690981
607,ungrounded,,1785690981
607,lexical,,1785690981
607,vector,,1785690981
608,ungrounded,,1785690981
608,lexical,,1785690981
608,vector,,1785690981
609,ungrounded,,1785690981
609,lexical,,1785690981
609,vector,,1785690981
610,ungrounded,,1785690981
610,lexical,,1785690981
610,vector,,1785690981
611,ungrounded,,1785690981
611,lexical,,1785690981
611,vector,,1785690981
612,ungrounded,,1785690981
612,lexical,,1785690981
612,vector,,1785690981
613,ungrounded,,1785690981
613,lexical,,1785690981
613,vector,,1785690981
614,ungrounded,,1785690981
614,lexical,,1785690981
614,vector,,1785690981
615,ungrounded,,1785690981
615,lexical,,1785690981
615,vector,,1785690981
616,ungrounded,,1785690981
616,lexical,,1785690981
616,vector,,1785690981
617,ungrounded,,1785690981
617,lexical,,1785690981
617,vector,,1785690981
618,ungrounded,,1785690981
618,lexical,,1785690981
618,vector,,1785690981
619,ungrounded,,1785690981
619,lexical,,1785690981
619,vector,,1785690981
620,ungrounded,,1785690981
620,lexical,,1785690981
620,vector,,1785690981
621,ungrounded,,1785690981
621,lexical,,1785690981
621,vector,,1785690981
622,ungrounded,,1785690981
622,lexical,,1785690981
622,vector,,1785690981
623,ungrounded,,1785690981
623,lexical,,1785690981
623,vector,,1785690981
624,ungrounded,,1785690982
624,lexical,,1785690982
624,vector,,1785690982
625,ungrounded,,1785690982
625,lexical,,1785690982
625,vector,,1785690982
626,ungrounded,,1785690982
626,lexical,,1785690982
626,vector,,1785690982
627,ungrounded,,1785690982
627,lexical,,1785690982
627,vector,,1785690982
628,ungrounded,,1785690982
628,lexical,,1785690982
628,vector,,1785690982
629,ungrounded,,1785690982
629,lexical,,1785690982
629,vector,,1785690982
630,ungrounded,,1785690982
630,lexical,,1785690982
630,vector,,1785690982
631,ungrounded,,1785690982
631,lexical,,1785690982
631,vector,,1785690982
632,ungrounded,,1785690982
632,lexical,,1785690982
632,vector,,1785690982
633,ungrounded,,1785690982
633,lexical,,1785690982
633,vector,,1785690982
634,ungrounded,,1785690982
634,lexical,,1785690982
634,vector,,1785690982
635,ungrounded,,1785690982
635,lexical,,1785690982
635,vector,,1785690982
636,ungrounded,,1785690982
636,lexical,,1785690982
636,vector,,1785690982
637,ungrounded,,1785690982
637,lexical,,1785690982
637,vector,,1785690982
638,ungrounded,,1785690982
638,lexical,,1785690982
638,vector,,1785690982
639,ungrounded,,1785690982
639,lexical,,1785690982
639,vector,,1785690982
640,ungrounded,,1785690982
640,lexical,,1785690982
640,vector,,1785690982
641,ungrounded,,1785690982
641,lexical,,1785690982
641,vector,,1785690982
642,ungrounded,,1785690982
642,lexical,,1785690982
642,vector,,1785690982
643,ungrounded,,1785690982
643,lexical,,1785690982
643,vector,,1785690982
644,ungrounded,,1785690982
644,lexical,,1785690982
644,vector,,1785690982
645,ungrounded,,1785690982
645,lexical,,1785690982
645,vector,,1785690982
646,ungrounded,,1785690982
646,lexical,,1785690982
646,vector,,1785690982
647,ungrounded,,1785690982
647,lexical,,1785690982
647,vector,,1785690982
648,ungrounded,,1785690982
648,lexical,,1785690982
648,vector,,1785690982
649,ungrounded,,1785690983
649,lexical,,1785690983
649,vector,,1785690983
650,ungrounded,,1785690983
650,lexical,,1785690983
650,vector,,1785690983
651,ungrounded,,1785690983
651,lexical,,1785690983
651,vector,,1785690983
652,ungrounded,,1785690983
652,lexical,,1785690983
652,vector,,1785690983
653,ungrounded,,1785690983
653,lexical,,1785690983
653,vector,,1785690983
654,ungrounded,,1785690983
654,lexical,,1785690983
654,vector,,1785690983
655,ungrounded,,1785690983
655,lexical,,1785690983
655,vector,,1785690983
656,ungrounded,,1785690983
656,lexical,,1785690983
656,vector,,1785690983
657,ungrounded,,1785690983
657,lexical,,1785690983
657,vector,,1785690983
658,ungrounded,,1785690983
658,lexical,,1785690983
658,vector,,1785690983
659,ungrounded,,1785690983
659,lexical,,1785690983
659,vector,,1785690983
660,ungrounded,,1785690983
660,lexical,,1785690983
660,vector,,1785690983
661,ungrounded,,1785690983
661,lexical,,1785690983
661,vector,,1785690983
662,ungrounded,,1785690983
662,lexical,,1785690983
662,vector,,1785690983
663,ungrounded,,1785690983
663,lexical,,1785690983
663,vector,,1785690983
664,ungrounded,,1785690983
664,lexical,,1785690983
664,vector,,1785690983
665,ungrounded,,1785690983
665,lexical,,1785690983
665,vector,,1785690983
666,ungrounded,,1785690983
666,lexical,,1785690983
666,vector,,1785690983
667,ungrounded,,1785690983
667,lexical,,1785690983
667,vector,,1785690983
668,ungrounded,,1785690983
668,lexical,,1785690983
668,vector,,1785690983
669,ungrounded,,1785690983
669,lexical,,1785690983
669,vector,,1785690983
670,ungrounded,,1785690983
670,lexical,,1785690983
670,vector,,1785690983
671,ungrounded,,1785690983
671,lexical,,1785690983
671,vector,,1785690983
672,ungrounded,,1785690983
672,lexical,,1785690983
672,vector,,1785690983
673,ungrounded,,1785690983
673,lexical,,1785690983
673,vector,,1785690983
674,ungrounded,,1785690983
674,lexical,,1785690983
674,vector,,1785690983
675,ungrounded,,1785690983
675,lexical,,1785690983
675,vector,,1785690983
676,ungrounded,,1785690983
676,lexical,,1785690983
676,vector,,1785690983
677,ungrounded,,1785690983
677,lexical,,1785690983
677,vector,,1785690983
678,ungrounded,,1785690983
678,lexical,,1785690983
678,vector,,1785690983
679,ungrounded,,1785690983
679,lexical,,1785690983
679,vector,,1785690983
680,ungrounded,,1785690984
680,lexical,,1785690984
680,vector,,1785690984
681,ungrounded,,1785690984
681,lexical,,1785690984
681,vector,,1785690984
682,ungrounded,,1785690984
682,lexical,,1785690984
682,vector,,1785690984
683,ungrounded,,1785690984
683,lexical,,1785690984
683,vector,,1785690984
684,ungrounded,,1785690984
684,lexical,,1785690984
684,vector,,1785690984
685,ungrounded,,1785690984
685,lexical,,1785690984
685,vector,,1785690984
686,ungrounded,,1785690984
686,lexical,,1785690984
686,vector,,1785690984
687,ungrounded,,1785690984
687,lexical,,1785690984
687,vector,,1785690984
688,ungrounded,,1785690984
688,lexical,,1785690984
688,vector,,1785690984
689,ungrounded,,1785690984
689,lexical,,1785690984
689,vector,,1785690984
690,ungrounded,,1785690984
690,lexical,,1785690984
690,vector,,1785690984
691,ungrounded,,1785690984
691,lexical,,1785690984
691,vector,,1785690984
692,ungrounded,,1785690984
692,lexical,,1785690984
692,vector,,1785690984
693,ungrounded,,1785690984
693,lexical,,1785690984
693,vector,,1785690984
694,ungrounded,,1785690984
694,lexical,,1785690984
694,vector,,1785690984
695,ungrounded,,1785690984
695,lexical,,1785690984
695,vector,,1785690984
696,ungrounded,,1785690984
696,lexical,,1785690984
696,vector,,1785690984
697,ungrounded,,1785690984
697,lexical,,1785690984
697,vector,,1785690984
698,ungrounded,,1785690984
698,lexical,,1785690984
698,vector,,1785690984
699,ungrounded,,1785690984
699,lexical,,1785690984
699,vector,,1785690984
700,ungrounded,,1785690984
700,lexical,,1785690984
700,vector,,1785690984
701,ungrounded,,1785690984
701,lexical,,1785690984
701,vector,,1785690984
702,ungrounded,,1785690984
702,lexical,,1785690984
702,vector,,1785690984
703,ungrounded,,1785690984
703,lexical,,1785690984
703,vector,,1785690984
704,ungrounded,,1785690984
704,lexical,,1785690984
704,vector,,1785690984
705,ungrounded,,1785690984
705,lexical,,1785690984
705,vector,,1785690984
706,ungrounded,,1785690984
706,lexical,,1785690984
706,vector,,1785690984
707,ungrounded,,1785690984
707,lexical,,1785690984
707,vector,,1785690984
708,ungrounded,,1785690984
708,lexical,,1785690984
708,vector,,1785690984
709,ungrounded,,1785690984
709,lexical,,1785690984
709,vector,,1785690984
710,ungrounded,,1785690985
710,lexical,,1785690985
710,vector,,1785690985
711,ungrounded,,1785690985
711,lexical,,1785690985
711,vector,,1785690985
712,ungrounded,,1785690985
712,lexical,,1785690985
712,vector,,1785690985
713,ungrounded,,1785690985
713,lexical,,1785690985
713,vector,,1785690985
714,ungrounded,,1785690985
714,lexical,,1785690985
714,vector,,1785690985
715,ungrounded,,1785690985
715,lexical,,1785690985
715,vector,,1785690985
716,ungrounded,,1785690985
716,lexical,,1785690985
716,vector,,1785690985
717,ungrounded,,1785690985
717,lexical,,1785690985
717,vector,,1785690985
718,ungrounded,,1785690985
718,lexical,,1785690985
718,vector,,1785690985
719,ungrounded,,1785690985
719,lexical,,1785690985
719,vector,,1785690985
720,ungrounded,,1785690985
720,lexical,,1785690985
720,vector,,1785690985
721,ungrounded,,1785690985
721,lexical,,1785690985
721,vector,,1785690985
722,ungrounded,,1785690985
722,lexical,,1785690985
722,vector,,1785690985
723,ungrounded,,1785690985
723,lexical,,1785690985
723,vector,,1785690985
724,ungrounded,,1785690985
724,lexical,,1785690985
724,vector,,1785690985
725,ungrounded,,1785690985
725,lexical,,1785690985
725,vector,,1785690985
726,ungrounded,,1785690985
726,lexical,,1785690985
726,vector,,1785690985
727,ungrounded,,1785690985
727,lexical,,1785690985
727,vector,,1785690985
728,ungrounded,,1785690985
728,lexical,,1785690985
728,vector,,1785690985
729,ungrounded,,1785690985
729,lexical,,1785690985
729,vector,,1785690985
730,ungrounded,,1785690985
730,lexical,,1785690985
730,vector,,1785690985
731,ungrounded,,1785690985
731,lexical,,1785690985
731,vector,,1785690985
732,ungrounded,,1785690985
732,lexical,,1785690985
732,vector,,1785690985
733,ungrounded,,1785690985
733,lexical,,1785690985
733,vector,,1785690985
734,ungrounded,,1785690985
734,lexical,,1785690985
734,vector,,1785690986
735,ungrounded,,1785690986
735,lexical,,1785690986
735,vector,,1785690986
736,ungrounded,,1785690986
736,lexical,,1785690986
736,vector,,1785690986
737,ungrounded,,1785690986
737,lexical,,1785690986
737,vector,,1785690986
738,ungrounded,,1785690986
738,lexical,,1785690986
738,vector,,1785690986
739,ungrounded,,1785690986
739,lexical,,1785690986
739,vector,,1785690986
740,ungrounded,,1785690986
740,lexical,,1785690986
740,vector,,1785690986
741,ungrounded,,1785690986
741,lexical,,1785690986
741,vector,,1785690986
742,ungrounded,,1785690986
742,lexical,,1785690986
742,vector,,1785690986
743,ungrounded,,1785690986
743,lexical,,1785690986
743,vector,,1785690986
744,ungrounded,,1785690986
744,lexical,,1785690986
744,vector,,1785690986
745,ungrounded,,1785690986
745,lexical,,1785690986
745,vector,,1785690986
746,ungrounded,,1785690986
746,lexical,,1785690986
746,vector,,1785690986
747,ungrounded,,1785690986
747,lexical,,1785690986
747,vector,,1785690986
748,ungrounded,,1785690986
748,lexical,,1785690986
748,vector,,1785690986
749,ungrounded,,1785690986
749,lexical,,1785690986
749,vector,,1785690986
750,ungrounded,,1785690986
750,lexical,,1785690986
750,vector,,1785690986
751,ungrounded,,1785690986
751,lexical,,1785690986
751,vector,,1785690986
752,ungrounded,,1785690986
752,lexical,,1785690986
752,vector,,1785690986
753,ungrounded,,1785690986
753,lexical,,1785690986
753,vector,,1785690986
754,ungrounded,,1785690986
754,lexical,,1785690986
754,vector,,1785690986
755,ungrounded,,1785690986
755,lexical,,1785690986
755,vector,,1785690986
756,ungrounded,,1785690986
756,lexical,,1785690986
756,vector,,1785690986
757,ungrounded,,1785690986
757,lexical,,1785690986
757,vector,,1785690986
758,ungrounded,,1785690986
758,lexical,,1785690986
758,vector,,1785690986
759,ungrounded,,1785690986
759,lexical,,1785690986
759,vector,,1785690986
760,ungrounded,,1785690986
760,lexical,,1785690986
760,vector,,1785690986
761,ungrounded,,1785690986
761,lexical,,1785690986
761,vector,,1785690986
762,ungrounded,,1785690986
762,lexical,,1785690986
762,vector,,1785690986
763,ungrounded,,1785690986
763,lexical,,1785690986
763,vector,,1785690986
764,ungrounded,,1785690986
764,lexical,,1785690986
764,vector,,1785690986
765,ungrounded,,1785690986
765,lexical,,1785690987
765,vector,,1785690987
766,ungrounded,,1785690987
766,lexical,,1785690987
766,vector,,1785690987
767,ungrounded,,1785690987
767,lexical,,1785690987
767,vector,,1785690987
768,ungrounded,,1785690987
768,lexical,,1785690987
768,vector,,1785690987
769,ungrounded,,1785690987
769,lexical,,1785690987
769,vector,,1785690987
770,ungrounded,,1785690987
770,lexical,,1785690987
770,vector,,1785690987
771,ungrounded,,1785690987
771,lexical,,1785690987
771,vector,,1785690987
772,ungrounded,,1785690987
772,lexical,,1785690987
772,vector,,1785690987
773,ungrounded,,1785690987
773,lexical,,1785690987
773,vector,,1785690987
774,ungrounded,,1785690987
774,lexical,,1785690987
774,vector,,1785690987
775,ungrounded,,1785690987
775,lexical,,1785690987
775,vector,,1785690987
776,ungrounded,,1785690987
776,lexical,,1785690987
776,vector,,1785690987
777,ungrounded,,1785690987
777,lexical,,1785690987
777,vector,,1785690987
778,ungrounded,,1785690987
778,lexical,,1785690987
778,vector,,1785690987
779,ungrounded,,1785690987
779,lexical,,1785690987
779,vector,,1785690987
780,ungrounded,,1785690987
780,lexical,,1785690987
780,vector,,1785690987
781,ungrounded,,1785690987
781,lexical,,1785690987
781,vector,,1785690987
782,ungrounded,,1785690987
782,lexical,,1785690987
782,vector,,1785690987
783,ungrounded,,1785690987
783,lexical,,1785690987
783,vector,,1785690987
784,ungrounded,,1785690987
784,lexical,,1785690987
784,vector,,1785690987
785,ungrounded,,1785690987
785,lexical,,1785690987
785,vector,,1785690987
786,ungrounded,,1785690987
786,lexical,,1785690987
786,vector,,1785690987
787,ungrounded,,1785690987
787,lexical,,1785690987
787,vector,,1785690987
788,ungrounded,,1785690987
788,lexical,,1785690987
788,vector,,1785690987
789,ungrounded,,1785690987
789,lexical,,1785690987
789,vector,,1785690987
790,ungrounded,,1785690987
790,lexical,,1785690987
790,vector,,1785690987
791,ungrounded,,1785690987
791,lexical,,1785690987
791,vector,,1785690987
792,ungrounded,,1785690987
792,lexical,,1785690987
792,vector,,1785690987
793,ungrounded,,1785690987
793,lexical,,1785690987
793,vector,,1785690987
794,ungrounded,,1785690987
794,lexical,,1785690987
794,vector,,1785690987
795,ungrounded,,1785690987
795,lexical,,1785690987
795,vector,,1785690987
796,ungrounded,,1785690987
796,lexical,,1785690987
796,vector,,1785690987
797,ungrounded,,1785690988
797,lexical,,1785690988
797,vector,,1785690988
798,ungrounded,,1785690988
798,lexical,,1785690988
798,vector,,1785690988
799,ungrounded,,1785690988
799,lexical,,1785690988
799,vector,,1785690988
800,ungrounded,,1785690988
800,lexical,,1785690988
800,vector,,1785690988
801,ungrounded,,1785690988
801,lexical,,1785690988
801,vector,,1785690988
802,ungrounded,,1785690988
802,lexical,,1785690988
802,vector,,1785690988
803,ungrounded,,1785690988
803,lexical,,1785690988
803,vector,,1785690988
804,ungrounded,,1785690988
804,lexical,,1785690988
804,vector,,1785690988
805,ungrounded,,1785690988
805,lexical,,1785690988
805,vector,,1785690988
806,ungrounded,,1785690988
806,lexical,,1785690988
806,vector,,1785690988
807,ungrounded,,1785690988
807,lexical,,1785690988
807,vector,,1785690988
808,ungrounded,,1785690988
808,lexical,,1785690988
808,vector,,1785690988
809,ungrounded,,1785690988
809,lexical,,1785690988
809,vector,,1785690988
810,ungrounded,,1785690988
810,lexical,,1785690988
810,vector,,1785690988
811,ungrounded,,1785690988
811,lexical,,1785690988
811,vector,,1785690988
812,ungrounded,,1785690988
812,lexical,,1785690988
812,vector,,1785690988
813,ungrounded,,1785690988
813,lexical,,1785690988
813,vector,,1785690988
814,ungrounded,,1785690988
814,lexical,,1785690988
814,vector,,1785690988
815,ungrounded,,1785690988
815,lexical,,1785690988
815,vector,,1785690988
816,ungrounded,,1785690988
816,lexical,,1785690988
816,vector,,1785690988
817,ungrounded,,1785690988
817,lexical,,1785690988
817,vector,,1785690988
818,ungrounded,,1785690988
818,lexical,,1785690988
818,vector,,1785690988
819,ungrounded,,1785690988
819,lexical,,1785690988
819,vector,,1785690988
820,ungrounded,,1785690988
820,lexical,,1785690988
820,vector,,1785690988
821,ungrounded,,1785690988
821,lexical,,1785690988
821,vector,,1785690988
822,ungrounded,,1785690988
822,lexical,,1785690988
822,vector,,1785690988
823,ungrounded,,1785690988
823,lexical,,1785690988
823,vector,,1785690988
824,ungrounded,,1785690988
824,lexical,,1785690988
824,vector,,1785690989
825,ungrounded,,1785690989
825,lexical,,1785690989
825,vector,,1785690989
826,ungrounded,,1785690989
826,lexical,,1785690989
826,vector,,1785690989
827,ungrounded,,1785690989
827,lexical,,1785690989
827,vector,,1785690989
828,ungrounded,,1785690989
828,lexical,,1785690989
828,vector,,1785690989
829,ungrounded,,1785690989
829,lexical,,1785690989
829,vector,,1785690989
830,ungrounded,,1785690989
830,lexical,,1785690989
830,vector,,1785690989
831,ungrounded,,1785690989
831,lexical,,1785690989
831,vector,,1785690989
832,ungrounded,,1785690989
832,lexical,,1785690989
832,vector,,1785690989
833,ungrounded,,1785690989
833,lexical,,1785690989
833,vector,,1785690989
834,ungrounded,,1785690989
834,lexical,,1785690989
834,vector,,1785690989
835,ungrounded,,1785690989
835,lexical,,1785690989
835,vector,,1785690989
836,ungrounded,,1785690989
836,lexical,,1785690989
836,vector,,1785690989
837,ungrounded,,1785690989
837,lexical,,1785690989
837,vector,,1785690989
838,ungrounded,,1785690989
838,lexical,,1785690989
838,vector,,1785690989
839,ungrounded,,1785690989
839,lexical,,1785690989
839,vector,,1785690989
840,ungrounded,,1785690990
840,lexical,,1785690990
840,vector,,1785690990
841,ungrounded,,1785690990
841,lexical,,1785690990
841,vector,,1785690990
842,ungrounded,,1785690990
842,lexical,,1785690990
842,vector,,1785690990
843,ungrounded,,1785690990
843,lexical,,1785690990
843,vector,,1785690990
844,ungrounded,,1785690990
844,lexical,,1785690990
844,vector,,1785690990
845,ungrounded,,1785690990
845,lexical,,1785690990
845,vector,,1785690990
846,ungrounded,,1785690990
846,lexical,,1785690990
846,vector,,1785690990
847,ungrounded,,1785690990
847,lexical,,1785690990
847,vector,,1785690990
848,ungrounded,,1785690990
848,lexical,,1785690990
848,vector,,1785690990
849,ungrounded,,1785690990
849,lexical,,1785690990
849,vector,,1785690990
850,ungrounded,,1785690990
850,lexical,,1785690990
850,vector,,1785690990
851,ungrounded,,1785690990
851,lexical,,1785690990
851,vector,,1785690990
852,ungrounded,,1785690990
852,lexical,,1785690990
852,vector,,1785690990
853,ungrounded,,1785690990
853,lexical,,1785690990
853,vector,,1785690990
854,ungrounded,,1785690990
854,lexical,,1785690990
854,vector,,1785690990
855,ungrounded,,1785690990
855,lexical,,1785690990
855,vector,,1785690990
856,ungrounded,,1785690990
856,lexical,,1785690990
856,vector,,1785690990
857,ungrounded,,1785690990
857,lexical,,1785690990
857,vector,,1785690990
858,ungrounded,,1785690990
858,lexical,,1785690990
858,vector,,1785690990
859,ungrounded,,1785690990
859,lexical,,1785690990
859,vector,,1785690990
860,ungrounded,,1785690990
860,lexical,,1785690990
860,vector,,1785690990
861,ungrounded,,1785690990
861,lexical,,1785690990
861,vector,,1785690990
862,ungrounded,,1785690990
862,lexical,,1785690990
862,vector,,1785690990
863,ungrounded,,1785690990
863,lexical,,1785690990
863,vector,,1785690990
864,ungrounded,,1785690990
864,lexical,,1785690990
864,vector,,1785690990
865,ungrounded,,1785690990
865,lexical,,1785690990
865,vector,,1785690990
866,ungrounded,,1785690990
866,lexical,,1785690990
866,vector,,1785690990
867,ungrounded,,1785690990
867,lexical,,1785690990
867,vector,,1785690990
868,ungrounded,,1785690991
868,lexical,,1785690991
868,vector,,1785690991
869,ungrounded,,1785690991
869,lexical,,1785690991
869,vector,,1785690991
870,ungrounded,,1785690991
870,lexical,,1785690991
870,vector,,1785690991
871,ungrounded,,1785690991
871,lexical,,1785690991
871,vector,,1785690991
872,ungrounded,,1785690991
872,lexical,,1785690991
872,vector,,1785690991
873,ungrounded,,1785690991
873,lexical,,1785690991
873,vector,,1785690991
874,ungrounded,,1785690991
874,lexical,,1785690991
874,vector,,1785690991
875,ungrounded,,1785690991
875,lexical,,1785690991
875,vector,,1785690991
876,ungrounded,,1785690991
876,lexical,,1785690991
876,vector,,1785690991
877,ungrounded,,1785690991
877,lexical,,1785690991
877,vector,,1785690991
878,ungrounded,,1785690991
878,lexical,,1785690991
878,vector,,1785690991
879,ungrounded,,1785690991
879,lexical,,1785690991
879,vector,,1785690991
880,ungrounded,,1785690991
880,lexical,,1785690991
880,vector,,1785690991
881,ungrounded,,1785690991
881,lexical,,1785690991
881,vector,,1785690991
882,ungrounded,,1785690991
882,lexical,,1785690991
882,vector,,1785690991
883,ungrounded,,1785690991
883,lexical,,1785690991
883,vector,,1785690991
884,ungrounded,,1785690991
884,lexical,,1785690991
884,vector,,1785690991
885,ungrounded,,1785690991
885,lexical,,1785690991
885,vector,,1785690991
886,ungrounded,,1785690991
886,lexical,,1785690991
886,vector,,1785690991
887,ungrounded,,1785690991
887,lexical,,1785690991
887,vector,,1785690991
888,ungrounded,,1785690991
888,lexical,,1785690991
888,vector,,1785690991
889,ungrounded,,1785690991
889,lexical,,1785690991
889,vector,,1785690991
890,ungrounded,,1785690991
890,lexical,,1785690991
890,vector,,1785690991
891,ungrounded,,1785690991
891,lexical,,1785690991
891,vector,,1785690991
892,ungrounded,,1785690991
892,lexical,,1785690991
892,vector,,1785690991
893,ungrounded,,1785690991
893,lexical,,1785690991
893,vector,,1785690991
894,ungrounded,,1785690991
894,lexical,,1785690991
894,vector,,1785690991
895,ungrounded,,1785690991
895,lexical,,1785690991
895,vector,,1785690991
896,ungrounded,,1785690991
896,lexical,,1785690991
896,vector,,1785690991
897,ungrounded,,1785690992
897,lexical,,1785690992
897,vector,,1785690992
898,ungrounded,,1785690992
898,lexical,,1785690992
898,vector,,1785690992
899,ungrounded,,1785690992
899,lexical,,1785690992
899,vector,,1785690992
900,ungrounded,,1785690992
900,lexical,,1785690992
900,vector,,1785690992
901,ungrounded,,1785690992
901,lexical,,1785690992
901,vector,,1785690992
902,ungrounded,,1785690992
902,lexical,,1785690992
902,vector,,1785690992
903,ungrounded,,1785690992
903,lexical,,1785690992
903,vector,,1785690992
904,ungrounded,,1785690992
904,lexical,,1785690992
904,vector,,1785690992
905,ungrounded,,1785690992
905,lexical,,1785690992
905,vector,,1785690992
906,ungrounded,,1785690992
906,lexical,,1785690992
906,vector,,1785690992
907,ungrounded,,1785690992
907,lexical,,1785690992
907,vector,,1785690992
908,ungrounded,,1785690992
908,lexical,,1785690992
908,vector,,1785690992
909,ungrounded,,1785690992
909,lexical,,1785690992
909,vector,,1785690992
910,ungrounded,,1785690992
910,lexical,,1785690992
910,vector,,1785690992
911,ungrounded,,1785690992
911,lexical,,1785690992
911,vector,,1785690992
912,ungrounded,,1785690992
912,lexical,,1785690992
912,vector,,1785690992
913,ungrounded,,1785690992
913,lexical,,1785690992
913,vector,,1785690992
914,ungrounded,,1785690992
914,lexical,,1785690992
914,vector,,1785690992
915,ungrounded,,1785690992
915,lexical,,1785690992
915,vector,,1785690992
916,ungrounded,,1785690992
916,lexical,,1785690992
916,vector,,1785690992
917,ungrounded,,1785690992
917,lexical,,1785690992
917,vector,,1785690992
918,ungrounded,,1785690992
918,lexical,,1785690992
918,vector,,1785690992
919,ungrounded,,1785690992
919,lexical,,1785690992
919,vector,,1785690992
920,ungrounded,,1785690992
920,lexical,,1785690992
920,vector,,1785690992
921,ungrounded,,1785690992
921,lexical,,1785690992
921,vector,,1785690992
922,ungrounded,,1785690992
922,lexical,,1785690992
922,vector,,1785690992
923,ungrounded,,1785690992
923,lexical,,1785690992
923,vector,,1785690992
924,ungrounded,,1785690992
924,lexical,,1785690992
924,vector,,1785690992
925,ungrounded,,1785690992
925,lexical,,1785690992
925,vector,,1785690992
926,ungrounded,,1785690992
926,lexical,,1785690992
926,vector,,1785690992
927,ungrounded,,1785690993
927,lexical,,1785690993
927,vector,,1785690993
928,ungrounded,,1785690993
928,lexical,,1785690993
928,vector,,1785690993
929,ungrounded,,1785690993
929,lexical,,1785690993
929,vector,,1785690993
930,ungrounded,,1785690993
930,lexical,,1785690993
930,vector,,1785690993
931,ungrounded,,1785690993
931,lexical,,1785690993
931,vector,,1785690993
932,ungrounded,,1785690993
932,lexical,,1785690993
932,vector,,1785690993
933,ungrounded,,1785690993
933,lexical,,1785690993
933,vector,,1785690993
934,ungrounded,,1785690993
934,lexical,,1785690993
934,vector,,1785690993
935,ungrounded,,1785690993
935,lexical,,1785690993
935,vector,,1785690993
936,ungrounded,,1785690993
936,lexical,,1785690993
936,vector,,1785690993
937,ungrounded,,1785690993
937,lexical,,1785690993
937,vector,,1785690993
938,ungrounded,,1785690993
938,lexical,,1785690993
938,vector,,1785690993
939,ungrounded,,1785690993
939,lexical,,1785690993
939,vector,,1785690993
940,ungrounded,,1785690993
940,lexical,,1785690993
940,vector,,1785690993
941,ungrounded,,1785690993
941,lexical,,1785690993
941,vector,,1785690993
942,ungrounded,,1785690993
942,lexical,,1785690993
942,vector,,1785690993
943,ungrounded,,1785690993
943,lexical,,1785690993
943,vector,,1785690993
944,ungrounded,,1785690993
944,lexical,,1785690993
944,vector,,1785690993
945,ungrounded,,1785690993
945,lexical,,1785690993
945,vector,,1785690993
946,ungrounded,,1785690993
946,lexical,,1785690993
946,vector,,1785690993
947,ungrounded,,1785690993
947,lexical,,1785690993
947,vector,,1785690993
948,ungrounded,,1785690993
948,lexical,,1785690993
948,vector,,1785690993
949,ungrounded,,1785690993
949,lexical,,1785690993
949,vector,,1785690993
950,ungrounded,,1785690993
950,lexical,,1785690993
950,vector,,1785690993
951,ungrounded,,1785690993
951,lexical,,1785690993
951,vector,,1785690993
952,ungrounded,,1785690993
952,lexical,,1785690993
952,vector,,1785690993
953,ungrounded,,1785690993
953,lexical,,1785690993
953,vector,,1785690993
954,ungrounded,,1785690993
954,lexical,,1785690993
954,vector,,1785690993
955,ungrounded,,1785690993
955,lexical,,1785690993
955,vector,,1785690993
956,ungrounded,,1785690993
956,lexical,,1785690993
956,vector,,1785690993
957,ungrounded,,1785690993
957,lexical,,1785690993
957,vector,,1785690993
958,ungrounded,,1785690994
958,lexical,,1785690994
958,vector,,1785690994
959,ungrounded,,1785690994
959,lexical,,1785690994
959,vector,,1785690994
960,ungrounded,,1785690994
960,lexical,,1785690994
960,vector,,1785690994
961,ungrounded,,1785690994
961,lexical,,1785690994
961,vector,,1785690994
962,ungrounded,,1785690994
962,lexical,,1785690994
962,vector,,1785690994
963,ungrounded,,1785690994
963,lexical,,1785690994
963,vector,,1785690994
964,ungrounded,,1785690994
964,lexical,,1785690994
964,vector,,1785690994
965,ungrounded,,1785690994
965,lexical,,1785690994
965,vector,,1785690994
966,ungrounded,,1785690994
966,lexical,,1785690994
966,vector,,1785690994
967,ungrounded,,1785690994
967,lexical,,1785690994
967,vector,,1785690994
968,ungrounded,,1785690994
968,lexical,,1785690994
968,vector,,1785690994
969,ungrounded,,1785690994
969,lexical,,1785690994
969,vector,,1785690994
970,ungrounded,,1785690994
970,lexical,,1785690994
970,vector,,1785690994
971,ungrounded,,1785690994
971,lexical,,1785690994
971,vector,,1785690994
972,ungrounded,,1785690994
972,lexical,,1785690994
972,vector,,1785690994
973,ungrounded,,1785690994
973,lexical,,1785690994
973,vector,,1785690994
974,ungrounded,,1785690994
974,lexical,,1785690994
974,vector,,1785690994
975,ungrounded,,1785690994
975,lexical,,1785690994
975,vector,,1785690994
976,ungrounded,,1785690994
976,lexical,,1785690994
976,vector,,1785690994
977,ungrounded,,1785690994
977,lexical,,1785690994
977,vector,,1785690994
978,ungrounded,,1785690994
978,lexical,,1785690994
978,vector,,1785690994
979,ungrounded,,1785690994
979,lexical,,1785690994
979,vector,,1785690994
980,ungrounded,,1785690994
980,lexical,,1785690994
980,vector,,1785690994
981,ungrounded,,1785690994
981,lexical,,1785690994
981,vector,,1785690994
982,ungrounded,,1785690994
982,lexical,,1785690994
982,vector,,1785690994
983,ungrounded,,1785690994
983,lexical,,1785690994
983,vector,,1785690994
984,ungrounded,,1785690994
984,lexical,,1785690994
984,vector,,1785690994
985,ungrounded,,1785690994
985,lexical,,1785690994
985,vector,,1785690994
986,ungrounded,,1785690994
986,lexical,,1785690994
986,vector,,1785690994
987,ungrounded,,1785690994
987,lexical,,1785690994
987,vector,,1785690994
988,ungrounded,,1785690994
988,lexical,,1785690994
988,vector,,1785690994
989,ungrounded,,1785690994
989,lexical,,1785690995
989,vector,,1785690995
990,ungrounded,,1785690995
990,lexical,,1785690995
990,vector,,1785690995
991,ungrounded,,1785690995
991,lexical,,1785690995
991,vector,,1785690995
992,ungrounded,,1785690995
992,lexical,,1785690995
992,vector,,1785690995
993,ungrounded,,1785690995
993,lexical,,1785690995
993,vector,,1785690995
994,ungrounded,,1785690995
994,lexical,,1785690995
994,vector,,1785690995
995,ungrounded,,1785690995
995,lexical,,1785690995
995,vector,,1785690995
996,ungrounded,,1785690995
996,lexical,,1785690995
996,vector,,1785690995
997,ungrounded,,1785690995
997,lexical,,1785690995
997,vector,,1785690995
998,ungrounded,,1785690995
998,lexical,,1785690995
998,vector,,1785690995
999,ungrounded,,1785690995
999,lexical,,1785690995
999,vector,,1785690995
1000,ungrounded,,1785690995
1000,lexical,,1785690995
1000,vector,,1785690995
1001,ungrounded,,1785690995
1001,lexical,,1785690995
1001,vector,,1785690995
1002,ungrounded,,1785690995
1002,lexical,,1785690995
1002,vector,,1785690995
1003,ungrounded,,1785690995
1003,lexical,,1785690995
1003,vector,,1785690995
1004,ungrounded,,1785690995
1004,lexical,,1785690995
1004,vector,,1785690995
1005,ungrounded,,1785690995
1005,lexical,,1785690995
1005,vector,,1785690995
1006,ungrounded,,1785690995
1006,lexical,,1785690995
1006,vector,,1785690995
1007,ungrounded,,1785690995
1007,lexical,,1785690995
1007,vector,,1785690995
1008,ungrounded,,1785690995
1008,lexical,,1785690995
1008,vector,,1785690995
1009,ungrounded,,1785690995
1009,lexical,,1785690995
1009,vector,,1785690995
1010,ungrounded,,1785690995
1010,lexical,,1785690995
1010,vector,,1785690995
1011,ungrounded,,1785690995
1011,lexical,,1785690995
1011,vector,,1785690995
1012,ungrounded,,1785690995
1012,lexical,,1785690995
1012,vector,,1785690995
1013,ungrounded,,1785690995
1013,lexical,,1785690995
1013,vector,,1785690995
1014,ungrounded,,1785690995
1014,lexical,,1785690995
1014,vector,,1785690995
1015,ungrounded,,1785690995
1015,lexical,,1785690995
1015,vector,,1785690995
1016,ungrounded,,1785690995
1016,lexical,,1785690995
1016,vector,,1785690995
1017,ungrounded,,1785690995
1017,lexical,,1785690995
1017,vector,,1785690995
1018,ungrounded,,1785690995
1018,lexical,,1785690995
1018,vector,,1785690995
1019,ungrounded,,1785690995
1019,lexical,,1785690995
1019,vector,,1785690995
1020,ungrounded,,1785690995
1020,lexical,,1785690995
1020,vector,,1785690995
1021,ungrounded,,1785690996
1021,lexical,,1785690996
1021,vector,,1785690996
1022,ungrounded,,1785690996
1022,lexical,,1785690996
1022,vector,,1785690996
1023,ungrounded,,1785690996
1023,lexical,,1785690996
1023,vector,,1785690996
1024,ungrounded,,1785690996
1024,lexical,,1785690996
1024,vector,,1785690996
1025,ungrounded,,1785690996
1025,lexical,,1785690996
1025,vector,,1785690996
1026,ungrounded,,1785690996
1026,lexical,,1785690996
1026,vector,,1785690996
1027,ungrounded,,1785690996
1027,lexical,,1785690996
1027,vector,,1785690996
1028,ungrounded,,1785690996
1028,lexical,,1785690996
1028,vector,,1785690996
1029,ungrounded,,1785690996
1029,lexical,,1785690996
1029,vector,,1785690996
1030,ungrounded,,1785690996
1030,lexical,,1785690996
1030,vector,,1785690996
1031,ungrounded,,1785690996
1031,lexical,,1785690996
1031,vector,,1785690996
1032,ungrounded,,1785690996
1032,lexical,,1785690996
1032,vector,,1785690996
1033,ungrounded,,1785690996
1033,lexical,,1785690996
1033,vector,,1785690996
1034,ungrounded,,1785690996
1034,lexical,,1785690996
1034,vector,,1785690996
1035,ungrounded,,1785690996
1035,lexical,,1785690996
1035,vector,,1785690996
1036,ungrounded,,1785690996
1036,lexical,,1785690996
1036,vector,,1785690996
1037,ungrounded,,1785690996
1037,lexical,,1785690996
1037,vector,,1785690996
1038,ungrounded,,1785690996
1038,lexical,,1785690996
1038,vector,,1785690996
1039,ungrounded,,1785690996
1039,lexical,,1785690996
1039,vector,,1785690996
1040,ungrounded,,1785690996
1040,lexical,,1785690996
1040,vector,,1785690996
1041,ungrounded,,1785690996
1041,lexical,,1785690996
1041,vector,,1785690996
1042,ungrounded,,1785690996
1042,lexical,,1785690996
1042,vector,,1785690996
1043,ungrounded,,1785690996
1043,lexical,,1785690996
1043,vector,,1785690996
1044,ungrounded,,1785690996
1044,lexical,,1785690996
1044,vector,,1785690996
1045,ungrounded,,1785690996
1045,lexical,,1785690996
1045,vector,,1785690996
1046,ungrounded,,1785690996
1046,lexical,,1785690996
1046,vector,,1785690996
1047,ungrounded,,1785690996
1047,lexical,,1785690996
1047,vector,,1785690996
1048,ungrounded,,1785690996
1048,lexical,,1785690996
1048,vector,,1785690996
1049,ungrounded,,1785690996
1049,lexical,,1785690996
1049,vector,,1785690996
1050,ungrounded,,1785690997
1050,lexical,,1785690997
1050,vector,,1785690997
1051,ungrounded,,1785690997
1051,lexical,,1785690997
1051,vector,,1785690997
1052,ungrounded,,1785690997
1052,lexical,,1785690997
1052,vector,,1785690997
1053,ungrounded,,1785690997
1053,lexical,,1785690997
1053,vector,,1785690997
1054,ungrounded,,1785690997
1054,lexical,,1785690997
1054,vector,,1785690997
1055,ungrounded,,1785690997
1055,lexical,,1785690997
1055,vector,,1785690997
1056,ungrounded,,1785690997
1056,lexical,,1785690997
1056,vector,,1785690997
1057,ungrounded,,1785690997
1057,lexical,,1785690997
1057,vector,,1785690997
1058,ungrounded,,1785690997
1058,lexical,,1785690997
1058,vector,,1785690997
1059,ungrounded,,1785690997
1059,lexical,,1785690997
1059,vector,,1785690997
1060,ungrounded,,1785690997
1060,lexical,,1785690997
1060,vector,,1785690997
1061,ungrounded,,1785690997
1061,lexical,,1785690997
1061,vector,,1785690997
1062,ungrounded,,1785690997
1062,lexical,,1785690997
1062,vector,,1785690997
1063,ungrounded,,1785690997
1063,lexical,,1785690997
1063,vector,,1785690997
1064,ungrounded,,1785690997
1064,lexical,,1785690997
1064,vector,,1785690997
1065,ungrounded,,1785690997
1065,lexical,,1785690997
1065,vector,,1785690997
1066,ungrounded,,1785690997
1066,lexical,,1785690997
1066,vector,,1785690997
1067,ungrounded,,1785690997
1067,lexical,,1785690997
1067,vector,,1785690997
1068,ungrounded,,1785690997
1068,lexical,,1785690997
1068,vector,,1785690997
1069,ungrounded,,1785690997
1069,lexical,,1785690997
1069,vector,,1785690997
1070,ungrounded,,1785690997
1070,lexical,,1785690997
1070,vector,,1785690997
1071,ungrounded,,1785690997
1071,lexical,,1785690997
1071,vector,,1785690997
1072,ungrounded,,1785690997
1072,lexical,,1785690997
1072,vector,,1785690997
1073,ungrounded,,1785690997
1073,lexical,,1785690997
1073,vector,,1785690997
1074,ungrounded,,1785690997
1074,lexical,,1785690997
1074,vector,,1785690997
1075,ungrounded,,1785690997
1075,lexical,,1785690997
1075,vector,,1785690997
1076,ungrounded,,1785690997
1076,lexical,,1785690997
1076,vector,,1785690997
1077,ungrounded,,1785690997
1077,lexical,,1785690997
1077,vector,,1785690997
1078,ungrounded,,1785690997
1078,lexical,,1785690997
1078,vector,,1785690997
1079,ungrounded,,1785690997
1079,lexical,,1785690997
1079,vector,,1785690997
1080,ungrounded,,1785690997
1080,lexical,,1785690997
1080,vector,,1785690997
1081,ungrounded,,1785690998
1081,lexical,,1785690998
1081,vector,,1785690998
1082,ungrounded,,1785690998
1082,lexical,,1785690998
1082,vector,,1785690998
1083,ungrounded,,1785690998
1083,lexical,,1785690998
1083,vector,,1785690998
1084,ungrounded,,1785690998
1084,lexical,,1785690998
1084,vector,,1785690998
1085,ungrounded,,1785690998
1085,lexical,,1785690998
1085,vector,,1785690998
1086,ungrounded,,1785690998
1086,lexical,,1785690998
1086,vector,,1785690998
1087,ungrounded,,1785690998
1087,lexical,,1785690998
1087,vector,,1785690998
1088,ungrounded,,1785690998
1088,lexical,,1785690998
1088,vector,,1785690998
1089,ungrounded,,1785690998
1089,lexical,,1785690998
1089,vector,,1785690998
1090,ungrounded,,1785690998
1090,lexical,,1785690998
1090,vector,,1785690998
1091,ungrounded,,1785690998
1091,lexical,,1785690998
1091,vector,,1785690998
1092,ungrounded,,1785690998
1092,lexical,,1785690998
1092,vector,,1785690998
1093,ungrounded,,1785690998
1093,lexical,,1785690998
1093,vector,,1785690998
1094,ungrounded,,1785690998
1094,lexical,,1785690998
1094,vector,,1785690998
1095,ungrounded,,1785690998
1095,lexical,,1785690998
1095,vector,,1785690998
1096,ungrounded,,1785690998
1096,lexical,,1785690998
1096,vector,,1785690998
1097,ungrounded,,1785690998
1097,lexical,,1785690998
1097,vector,,1785690998
1098,ungrounded,,1785690998
1098,lexical,,1785690998
1098,vector,,1785690998
1099,ungrounded,,1785690998
1099,lexical,,1785690998
1099,vector,,1785690998
1100,ungrounded,,1785690998
1100,lexical,,1785690998
1100,vector,,1785690998
1101,ungrounded,,1785690998
1101,lexical,,1785690998
1101,vector,,1785690998
1102,ungrounded,,1785690998
1102,lexical,,1785690998
1102,vector,,1785690998
1103,ungrounded,,1785690998
1103,lexical,,1785690998
1103,vector,,1785690998
1104,ungrounded,,1785690998
1104,lexical,,1785690998
1104,vector,,1785690998
1105,ungrounded,,1785690998
1105,lexical,,1785690998
1105,vector,,1785690998
1106,ungrounded,,1785690998
1106,lexical,,1785690998
1106,vector,,1785690998
1107,ungrounded,,1785690998
1107,lexical,,1785690998
1107,vector,,1785690998
1108,ungrounded,,1785690998
1108,lexical,,1785690998
1108,vector,,1785690998
1109,ungrounded,,1785690998
1109,lexical,,1785690998
1109,vector,,1785690998
1110,ungrounded,,1785690998
1110,lexical,,1785690998
1110,vector,,1785690998
1111,ungrounded,,1785690998
1111,lexical,,1785690998
1111,vector,,1785690998
1112,ungrounded,,1785690999
1112,lexical,,1785690999
1112,vector,,1785690999
1113,ungrounded,,1785690999
1113,lexical,,1785690999
1113,vector,,1785690999
1114,ungrounded,,1785690999
1114,lexical,,1785690999
1114,vector,,1785690999
1115,ungrounded,,1785690999
1115,lexical,,1785690999
1115,vector,,1785690999
1116,ungrounded,,1785690999
1116,lexical,,1785690999
1116,vector,,1785690999
1117,ungrounded,,1785690999
1117,lexical,,1785690999
1117,vector,,1785690999
1118,ungrounded,,1785690999
1118,lexical,,1785690999
1118,vector,,1785690999
1119,ungrounded,,1785690999
1119,lexical,,1785690999
1119,vector,,1785690999
1120,ungrounded,,1785690999
1120,lexical,,1785690999
1120,vector,,1785690999
1121,ungrounded,,1785690999
1121,lexical,,1785690999
1121,vector,,1785690999
1122,ungrounded,,1785690999
1122,lexical,,1785690999
1122,vector,,1785690999
1123,ungrounded,,1785690999
1123,lexical,,1785690999
1123,vector,,1785690999
1124,ungrounded,,1785690999
1124,lexical,,1785690999
1124,vector,,1785690999
1125,ungrounded,,1785690999
1125,lexical,,1785690999
1125,vector,,1785690999
1126,ungrounded,,1785690999
1126,lexical,,1785690999
1126,vector,,1785690999
1127,ungrounded,,1785690999
1127,lexical,,1785690999
1127,vector,,1785690999
1128,ungrounded,,1785690999
1128,lexical,,1785690999
1128,vector,,1785690999
1129,ungrounded,,1785690999
1129,lexical,,1785690999
1129,vector,,1785690999
1130,ungrounded,,1785690999
1130,lexical,,1785690999
1130,vector,,1785690999
1131,ungrounded,,1785690999
1131,lexical,,1785690999
1131,vector,,1785690999
1132,ungrounded,,1785690999
1132,lexical,,1785690999
1132,vector,,1785690999
1133,ungrounded,,1785690999
1133,lexical,,1785690999
1133,vector,,1785690999
1134,ungrounded,,1785690999
1134,lexical,,1785690999
1134,vector,,1785690999
1135,ungrounded,,1785690999
1135,lexical,,1785690999
1135,vector,,1785690999
1136,ungrounded,,1785690999
1136,lexical,,1785690999
1136,vector,,1785690999
1137,ungrounded,,1785690999
1137,lexical,,1785690999
1137,vector,,1785690999
1138,ungrounded,,1785690999
1138,lexical,,1785690999
1138,vector,,1785690999
1139,ungrounded,,1785690999
1139,lexical,,1785690999
1139,vector,,1785690999
1140,ungrounded,,1785690999
1140,lexical,,1785690999
1140,vector,,1785690999
1141,ungrounded,,1785690999
1141,lexical,,1785690999
1141,vector,,1785690999
1142,ungrounded,,1785690999
1142,lexical,,1785690999
1142,vector,,1785690999
1143,ungrounded,,1785691000
1143,lexical,,1785691000
1143,vector,,1785691000
1144,ungrounded,,1785691000
1144,lexical,,1785691000
1144,vector,,1785691000
1145,ungrounded,,1785691000
1145,lexical,,1785691000
1145,vector,,1785691000
1146,ungrounded,,1785691000
1146,lexical,,1785691000
1146,vector,,1785691000
1147,ungrounded,,1785691000
1147,lexical,,1785691000
1147,vector,,1785691000
1148,ungrounded,,1785691000
1148,lexical,,1785691000
1148,vector,,1785691000
1149,ungrounded,,1785691000
1149,lexical,,1785691000
1149,vector,,1785691000
1150,ungrounded,,1785691000
1150,lexical,,1785691000
1150,vector,,1785691000
1151,ungrounded,,1785691000
1151,lexical,,1785691000
1151,vector,,1785691000
1152,ungrounded,,1785691000
1152,lexical,,1785691000
1152,vector,,1785691000
1153,ungrounded,,1785691000
1153,lexical,,1785691000
1153,vector,,1785691000
1154,ungrounded,,1785691000
1154,lexical,,1785691000
1154,vector,,1785691000
1155,ungrounded,,1785691000
1155,lexical,,1785691000
1155,vector,,1785691000
1156,ungrounded,,1785691000
1156,lexical,,1785691000
1156,vector,,1785691000
1157,ungrounded,,1785691000
1157,lexical,,1785691000
1157,vector,,1785691000
1158,ungrounded,,1785691000
1158,lexical,,1785691000
1158,vector,,1785691000
1159,ungrounded,,1785691000
1159,lexical,,1785691000
1159,vector,,1785691000
1160,ungrounded,,1785691000
1160,lexical,,1785691000
1160,vector,,1785691000
1161,ungrounded,,1785691000
1161,lexical,,1785691000
1161,vector,,1785691000
1162,ungrounded,,1785691000
1162,lexical,,1785691000
1162,vector,,1785691000
1163,ungrounded,,1785691000
1163,lexical,,1785691000
1163,vector,,1785691000
1164,ungrounded,,1785691000
1164,lexical,,1785691000
1164,vector,,1785691000
1165,ungrounded,,1785691000
1165,lexical,,1785691000
1165,vector,,1785691000
1166,ungrounded,,1785691000
1166,lexical,,1785691000
1166,vector,,1785691000
1167,ungrounded,,1785691000
1167,lexical,,1785691000
1167,vector,,1785691000
1168,ungrounded,,1785691000
1168,lexical,,1785691000
1168,vector,,1785691000
1169,ungrounded,,1785691000
1169,lexical,,1785691000
1169,vector,,1785691000
1170,ungrounded,,1785691000
1170,lexical,,1785691000
1170,vector,,1785691000
1171,ungrounded,,1785691000
1171,lexical,,1785691000
1171,vector,,1785691000
1172,ungrounded,,1785691000
1172,lexical,,1785691000
1172,vector,,1785691000
1173,ungrounded,,1785691001
1173,lexical,,1785691001
1173,vector,,1785691001
1174,ungrounded,,1785691001
1174,lexical,,1785691001
1174,vector,,1785691001
1175,ungrounded,,1785691001
1175,lexical,,1785691001
1175,vector,,1785691001
1176,ungrounded,,1785691001
1176,lexical,,1785691001
1176,vector,,1785691001
1177,ungrounded,,1785691001
1177,lexical,,1785691001
1177,vector,,1785691001
1178,ungrounded,,1785691001
1178,lexical,,1785691001
1178,vector,,1785691001
1179,ungrounded,,1785691001
1179,lexical,,1785691001
1179,vector,,1785691001
1180,ungrounded,,1785691001
1180,lexical,,1785691001
1180,vector,,1785691001
1181,ungrounded,,1785691001
1181,lexical,,1785691001
1181,vector,,1785691001
1182,ungrounded,,1785691001
1182,lexical,,1785691001
1182,vector,,1785691001
1183,ungrounded,,1785691001
1183,lexical,,1785691001
1183,vector,,1785691001
1184,ungrounded,,1785691001
1184,lexical,,1785691001
1184,vector,,1785691001
1185,ungrounded,,1785691001
1185,lexical,,1785691001
1185,vector,,1785691001
1186,ungrounded,,1785691001
1186,lexical,,1785691001
1186,vector,,1785691001
1187,ungrounded,,1785691001
1187,lexical,,1785691001
1187,vector,,1785691001
1188,ungrounded,,1785691001
1188,lexical,,1785691001
1188,vector,,1785691001
1189,ungrounded,,1785691001
1189,lexical,,1785691001
1189,vector,,1785691001
1190,ungrounded,,1785691001
1190,lexical,,1785691001
1190,vector,,1785691001
1191,ungrounded,,1785691001
1191,lexical,,1785691001
1191,vector,,1785691001
1192,ungrounded,,1785691001
1192,lexical,,1785691001
1192,vector,,1785691001
1193,ungrounded,,1785691001
1193,lexical,,1785691001
1193,vector,,1785691001
1194,ungrounded,,1785691001
1194,lexical,,1785691001
1194,vector,,1785691001
1195,ungrounded,,1785691001
1195,lexical,,1785691001
1195,vector,,1785691001
1196,ungrounded,,1785691001
1196,lexical,,1785691001
1196,vector,,1785691001
1197,ungrounded,,1785691001
1197,lexical,,1785691001
1197,vector,,1785691001
1198,ungrounded,,1785691001
1198,lexical,,1785691001
1198,vector,,1785691001
1199,ungrounded,,1785691001
1199,lexical,,1785691001
1199,vector,,1785691001
1200,ungrounded,,1785691001
1200,lexical,,1785691001
1200,vector,,1785691001
1201,ungrounded,,1785691001
1201,lexical,,1785691001
1201,vector,,1785691001
1202,ungrounded,,1785691001
1202,lexical,,1785691001
1202,vector,,1785691001
1203,ungrounded,,1785691001
1203,lexical,,1785691001
1203,vector,,1785691001
1204,ungrounded,,1785691002
1204,lexical,,1785691002
1204,vector,,1785691002
1205,ungrounded,,1785691002
1205,lexical,,1785691002
1205,vector,,1785691002
1206,ungrounded,,1785691002
1206,lexical,,1785691002
1206,vector,,1785691002
1207,ungrounded,,1785691002
1207,lexical,,1785691002
1207,vector,,1785691002
1208,ungrounded,,1785691002
1208,lexical,,1785691002
1208,vector,,1785691002
1209,ungrounded,,1785691002
1209,lexical,,1785691002
1209,vector,,1785691002
1210,ungrounded,,1785691002
1210,lexical,,1785691002
1210,vector,,1785691002
1211,ungrounded,,1785691002
1211,lexical,,1785691002
1211,vector,,1785691002
1212,ungrounded,,1785691002
1212,lexical,,1785691002
1212,vector,,1785691002
1213,ungrounded,,1785691002
1213,lexical,,1785691002
1213,vector,,1785691002
1214,ungrounded,,1785691002
1214,lexical,,1785691002
1214,vector,,1785691002
1215,ungrounded,,1785691002
1215,lexical,,1785691002
1215,vector,,1785691002
1216,ungrounded,,1785691002
1216,lexical,,1785691002
1216,vector,,1785691002
1217,ungrounded,,1785691002
1217,lexical,,1785691002
1217,vector,,1785691002
1218,ungrounded,,1785691002
1218,lexical,,1785691002
1218,vector,,1785691002
1219,ungrounded,,1785691002
1219,lexical,,1785691002
1219,vector,,1785691002
1220,ungrounded,,1785691002
1220,lexical,,1785691002
1220,vector,,1785691002
1221,ungrounded,,1785691002
1221,lexical,,1785691002
1221,vector,,1785691002
1222,ungrounded,,1785691002
1222,lexical,,1785691002
1222,vector,,1785691002
1223,ungrounded,,1785691002
1223,lexical,,1785691002
1223,vector,,1785691002
1224,ungrounded,,1785691002
1224,lexical,,1785691002
1224,vector,,1785691002
1225,ungrounded,,1785691002
1225,lexical,,1785691002
1225,vector,,1785691002
1226,ungrounded,,1785691002
1226,lexical,,1785691002
1226,vector,,1785691002
1227,ungrounded,,1785691002
1227,lexical,,1785691002
1227,vector,,1785691002
1228,ungrounded,,1785691002
1228,lexical,,1785691002
1228,vector,,1785691002
1229,ungrounded,,1785691002
1229,lexical,,1785691002
1229,vector,,1785691002
1230,ungrounded,,1785691002
1230,lexical,,1785691002
1230,vector,,1785691002
1231,ungrounded,,1785691002
1231,lexical,,1785691002
1231,vector,,1785691002
1232,ungrounded,,1785691002
1232,lexical,,1785691002
1232,vector,,1785691002
1233,ungrounded,,1785691002
1233,lexical,,1785691002
1233,vector,,1785691002
1234,ungrounded,,1785691002
1234,lexical,,1785691002
1234,vector,,1785691003
1235,ungrounded,,1785691003
1235,lexical,,1785691003
1235,vector,,1785691003
1236,ungrounded,,1785691003
1236,lexical,,1785691003
1236,vector,,1785691003
1237,ungrounded,,1785691003
1237,lexical,,1785691003
1237,vector,,1785691003
1238,ungrounded,,1785691003
1238,lexical,,1785691003
1238,vector,,1785691003
1239,ungrounded,,1785691003
1239,lexical,,1785691003
1239,vector,,1785691003
1240,ungrounded,,1785691003
1240,lexical,,1785691003
1240,vector,,1785691003
1241,ungrounded,,1785691003
1241,lexical,,1785691003
1241,vector,,1785691003
1242,ungrounded,,1785691003
1242,lexical,,1785691003
1242,vector,,1785691003
1243,ungrounded,,1785691003
1243,lexical,,1785691003
1243,vector,,1785691003
1244,ungrounded,,1785691003
1244,lexical,,1785691003
1244,vector,,1785691003
1245,ungrounded,,1785691003
1245,lexical,,1785691003
1245,vector,,1785691003
1246,ungrounded,,1785691003
1246,lexical,,1785691003
1246,vector,,1785691003
1247,ungrounded,,1785691003
1247,lexical,,1785691003
1247,vector,,1785691003
1248,ungrounded,,1785691003
1248,lexical,,1785691003
1248,vector,,1785691003
1249,ungrounded,,1785691003
1249,lexical,,1785691003
1249,vector,,1785691003
1250,ungrounded,,1785691003
1250,lexical,,1785691003
1250,vector,,1785691003
1251,ungrounded,,1785691003
1251,lexical,,1785691003
1251,vector,,1785691003
1252,ungrounded,,1785691003
1252,lexical,,1785691003
1252,vector,,1785691003
1253,ungrounded,,1785691003
1253,lexical,,1785691003
1253,vector,,1785691003
1254,ungrounded,,1785691003
1254,lexical,,1785691003
1254,vector,,1785691003
1255,ungrounded,,1785691003
1255,lexical,,1785691003
1255,vector,,1785691003
1256,ungrounded,,1785691003
1256,lexical,,1785691003
1256,vector,,1785691003
1257,ungrounded,,1785691003
1257,lexical,,1785691003
1257,vector,,1785691003
1258,ungrounded,,1785691003
1258,lexical,,1785691003
1258,vector,,1785691003
1259,ungrounded,,1785691003
1259,lexical,,1785691003
1259,vector,,1785691003
1260,ungrounded,,1785691003
1260,lexical,,1785691003
1260,vector,,1785691003
1261,ungrounded,,1785691003
1261,lexical,,1785691003
1261,vector,,1785691003
1262,ungrounded,,1785691003
1262,lexical,,1785691003
1262,vector,,1785691003
1263,ungrounded,,1785691003
1263,lexical,,1785691003
1263,vector,,1785691003
1264,ungrounded,,1785691003
1264,lexical,,1785691004
1264,vector,,1785691004
1265,ungrounded,,1785691004
1265,lexical,,1785691004
1265,vector,,1785691004
1266,ungrounded,,1785691004
1266,lexical,,1785691004
1266,vector,,1785691004
1267,ungrounded,,1785691004
1267,lexical,,1785691004
1267,vector,,1785691004
1268,ungrounded,,1785691004
1268,lexical,,1785691004
1268,vector,,1785691004
1269,ungrounded,,1785691004
1269,lexical,,1785691004
1269,vector,,1785691004
1270,ungrounded,,1785691004
1270,lexical,,1785691004
1270,vector,,1785691004
1271,ungrounded,,1785691004
1271,lexical,,1785691004
1271,vector,,1785691004
1272,ungrounded,,1785691004
1272,lexical,,1785691004
1272,vector,,1785691004
1273,ungrounded,,1785691004
1273,lexical,,1785691004
1273,vector,,1785691004
1274,ungrounded,,1785691004
1274,lexical,,1785691004
1274,vector,,1785691004
1275,ungrounded,,1785691004
1275,lexical,,1785691004
1275,vector,,1785691004
1276,ungrounded,,1785691004
1276,lexical,,1785691004
1276,vector,,1785691004
1277,ungrounded,,1785691004
1277,lexical,,1785691004
1277,vector,,1785691004
1278,ungrounded,,1785691004
1278,lexical,,1785691004
1278,vector,,1785691004
1279,ungrounded,,1785691004
1279,lexical,,1785691004
1279,vector,,1785691004
1280,ungrounded,,1785691004
1280,lexical,,1785691004
1280,vector,,1785691004
1281,ungrounded,,1785691004
1281,lexical,,1785691004
1281,vector,,1785691004
1282,ungrounded,,1785691004
1282,lexical,,1785691004
1282,vector,,1785691004
1283,ungrounded,,1785691004
1283,lexical,,1785691004
1283,vector,,1785691004
1284,ungrounded,,1785691004
1284,lexical,,1785691004
1284,vector,,1785691004
1285,ungrounded,,1785691004
1285,lexical,,1785691004
1285,vector,,1785691004
1286,ungrounded,,1785691004
1286,lexical,,1785691004
1286,vector,,1785691004
1287,ungrounded,,1785691004
1287,lexical,,1785691004
1287,vector,,1785691004
1288,ungrounded,,1785691004
1288,lexical,,1785691004
1288,vector,,1785691004
1289,ungrounded,,1785691004
1289,lexical,,1785691004
1289,vector,,1785691004
1290,ungrounded,,1785691004
1290,lexical,,1785691004
1290,vector,,1785691004
1291,ungrounded,,1785691004
1291,lexical,,1785691004
1291,vector,,1785691004
1292,ungrounded,,1785691004
1292,lexical,,1785691004
1292,vector,,1785691004
1293,ungrounded,,1785691004
1293,lexical,,1785691004
1293,vector,,1785691004
1294,ungrounded,,1785691004
1294,lexical,,1785691005
1294,vector,,1785691005
1295,ungrounded,,1785691005
1295,lexical,,1785691005
1295,vector,,1785691005
1296,ungrounded,,1785691005
1296,lexical,,1785691005
1296,vector,,1785691005
1297,ungrounded,,1785691005
1297,lexical,,1785691005
1297,vector,,1785691005
1298,ungrounded,,1785691005
1298,lexical,,1785691005
1298,vector,,1785691005
1299,ungrounded,,1785691005
1299,lexical,,1785691005
1299,vector,,1785691005
1300,ungrounded,,1785691005
1300,lexical,,1785691005
1300,vector,,1785691005
1301,ungrounded,,1785691005
1301,lexical,,1785691005
1301,vector,,1785691005
1302,ungrounded,,1785691005
1302,lexical,,1785691005
1302,vector,,1785691005
1303,ungrounded,,1785691005
1303,lexical,,1785691005
1303,vector,,1785691005
1304,ungrounded,,1785691005
1304,lexical,,1785691005
1304,vector,,1785691005
1305,ungrounded,,1785691005
1305,lexical,,1785691005
1305,vector,,1785691005
1306,ungrounded,,1785691005
1306,lexical,,1785691005
1306,vector,,1785691005
1307,ungrounded,,1785691005
1307,lexical,,1785691005
1307,vector,,1785691005
1308,ungrounded,,1785691005
1308,lexical,,1785691005
1308,vector,,1785691005
1309,ungrounded,,1785691005
1309,lexical,,1785691005
1309,vector,,1785691005
1310,ungrounded,,1785691005
1310,lexical,,1785691005
1310,vector,,1785691005
1311,ungrounded,,1785691005
1311,lexical,,1785691005
1311,vector,,1785691005
1312,ungrounded,,1785691005
1312,lexical,,1785691005
1312,vector,,1785691005
1313,ungrounded,,1785691005
1313,lexical,,1785691005
1313,vector,,1785691005
1314,ungrounded,,1785691005
1314,lexical,,1785691005
1314,vector,,1785691005
1315,ungrounded,,1785691005
1315,lexical,,1785691005
1315,vector,,1785691005
1316,ungrounded,,1785691005
1316,lexical,,1785691005
1316,vector,,1785691005
1317,ungrounded,,1785691005
1317,lexical,,1785691005
1317,vector,,1785691005
1318,ungrounded,,1785691005
1318,lexical,,1785691005
1318,vector,,1785691005
1319,ungrounded,,1785691005
1319,lexical,,1785691005
1319,vector,,1785691005
1320,ungrounded,,1785691005
1320,lexical,,1785691005
1320,vector,,1785691005
1321,ungrounded,,1785691005
1321,lexical,,1785691005
1321,vector,,1785691005
1322,ungrounded,,1785691005
1322,lexical,,1785691005
1322,vector,,1785691005
1323,ungrounded,,1785691005
1323,lexical,,1785691005
1323,vector,,1785691005
1324,ungrounded,,1785691006
1324,lexical,,1785691006
1324,vector,,1785691006
1325,ungrounded,,1785691006
1325,lexical,,1785691006
1325,vector,,1785691006
1326,ungrounded,,1785691006
1326,lexical,,1785691006
1326,vector,,1785691006
1327,ungrounded,,1785691006
1327,lexical,,1785691006
1327,vector,,1785691006
1328,ungrounded,,1785691006
1328,lexical,,1785691006
1328,vector,,1785691006
1329,ungrounded,,1785691006
1329,lexical,,1785691006
1329,vector,,1785691006
1330,ungrounded,,1785691006
1330,lexical,,1785691006
1330,vector,,1785691006
1331,ungrounded,,1785691006
1331,lexical,,1785691006
1331,vector,,1785691006
1332,ungrounded,,1785691006
1332,lexical,,1785691006
1332,vector,,1785691006
1333,ungrounded,,1785691006
1333,lexical,,1785691006
1333,vector,,1785691006
1334,ungrounded,,1785691006
1334,lexical,,1785691006
1334,vector,,1785691006
1335,ungrounded,,1785691006
1335,lexical,,1785691006
1335,vector,,1785691006
1336,ungrounded,,1785691006
1336,lexical,,1785691006
1336,vector,,1785691006
1337,ungrounded,,1785691006
1337,lexical,,1785691006
1337,vector,,1785691006
1338,ungrounded,,1785691006
1338,lexical,,1785691006
1338,vector,,1785691006
1339,ungrounded,,1785691006
1339,lexical,,1785691006
1339,vector,,1785691006
1340,ungrounded,,1785691006
1340,lexical,,1785691006
1340,vector,,1785691006
1341,ungrounded,,1785691006
1341,lexical,,1785691006
1341,vector,,1785691006
1342,ungrounded,,1785691006
1342,lexical,,1785691006
1342,vector,,1785691006
1343,ungrounded,,1785691006
1343,lexical,,1785691006
1343,vector,,1785691006
1344,ungrounded,,1785691006
1344,lexical,,1785691006
1344,vector,,1785691006
1345,ungrounded,,1785691006
1345,lexical,,1785691006
1345,vector,,1785691006
1346,ungrounded,,1785691006
1346,lexical,,1785691006
1346,vector,,1785691006
1347,ungrounded,,1785691006
1347,lexical,,1785691006
1347,vector,,1785691006
1348,ungrounded,,1785691006
1348,lexical,,1785691006
1348,vector,,1785691006
1349,ungrounded,,1785691006
1349,lexical,,1785691006
1349,vector,,1785691006
1350,ungrounded,,1785691006
1350,lexical,,1785691006
1350,vector,,1785691006
1351,ungrounded,,1785691006
1351,lexical,,1785691006
1351,vector,,1785691006
1352,ungrounded,,1785691006
1352,lexical,,1785691006
1352,vector,,1785691006
1353,ungrounded,,1785691006
1353,lexical,,1785691006
1353,vector,,1785691006
1354,ungrounded,,1785691006
1354,lexical,,1785691007
1354,vector,,1785691007
1355,ungrounded,,1785691007
1355,lexical,,1785691007
1355,vector,,1785691007
1356,ungrounded,,1785691007
1356,lexical,,1785691007
1356,vector,,1785691007
1357,ungrounded,,1785691007
1357,lexical,,1785691007
1357,vector,,1785691007
1358,ungrounded,,1785691007
1358,lexical,,1785691007
1358,vector,,1785691007
1359,ungrounded,,1785691007
1359,lexical,,1785691007
1359,vector,,1785691007
1360,ungrounded,,1785691007
1360,lexical,,1785691007
1360,vector,,1785691007
1361,ungrounded,,1785691007
1361,lexical,,1785691007
1361,vector,,1785691007
1362,ungrounded,,1785691007
1362,lexical,,1785691007
1362,vector,,1785691007
1363,ungrounded,,1785691007
1363,lexical,,1785691007
1363,vector,,1785691007
